dataset,cleaning_order,order_tuple,model,seed,n_train_clean,n_train_cleaned,n_test,total_time,failed,accuracy_baseline,accuracy_cleaned,accuracy_recovery,accuracy_gap,balanced_accuracy_baseline,balanced_accuracy_cleaned,balanced_accuracy_recovery,balanced_accuracy_gap,precision_macro_baseline,precision_macro_cleaned,precision_macro_recovery,precision_macro_gap,recall_macro_baseline,recall_macro_cleaned,recall_macro_recovery,recall_macro_gap,f1_macro_baseline,f1_macro_cleaned,f1_macro_recovery,f1_macro_gap,precision_minority_baseline,precision_minority_cleaned,precision_minority_recovery,precision_minority_gap,recall_minority_baseline,recall_minority_cleaned,recall_minority_recovery,recall_minority_gap,f1_minority_baseline,f1_minority_cleaned,f1_minority_recovery,f1_minority_gap,mcc_baseline,mcc_cleaned,mcc_recovery,mcc_gap,auc_baseline,auc_cleaned,auc_recovery,auc_gap,specificity_baseline,specificity_cleaned,specificity_recovery,specificity_gap,gmean_baseline,gmean_cleaned,gmean_recovery,gmean_gap,balanced_accuracy,f1_macro,auc,mcc,gmean,accuracy,precision_macro,recall_macro,precision_minority,recall_minority,f1_minority,specificity
adult,imputation→label_noise→outliers→balance,"('imputation', 'label_noise', 'outliers', 'balance')",random_forest,42,24129,38194,6033,11.220625162124634,False,0.8524780374606332,0.8012597381070777,0.9399183356017888,0.051218299353555485,0.750016383657955,0.6028683597328185,0.8038069205802265,0.14714802392513648,0.8307008166930346,0.8818146417445483,1.0615309676171916,-0.05111382505151363,0.750016383657955,0.6028683597328185,0.8038069205802265,0.14714802392513648,0.777445403480383,0.6126186868101299,0.7879893354152268,0.16482671667025317,0.7976653696498055,0.9719626168224299,1.21850923182129,-0.1742972471726244,0.5459387483355526,0.20772303595206393,0.38048780487804884,0.33821571238348863,0.6482213438735178,0.34229292375205705,0.5280494494467709,0.30592842012146076,0.5750847668381586,0.3963667287663556,0.6892318343704309,0.17871803807180298,0.9136570940063434,0.48906805933147035,0.5352862277760356,0.4245890346748731,0.9540940189803575,0.9980136835135731,1.046032847559565,-0.04391966453321561,0.721718015929056,0.45531355378589566,0.630874584999486,0.2664044621431604,0.6028683597328185,0.6126186868101299,0.48906805933147035,0.3963667287663556,0.45531355378589566,0.8012597381070777,0.8818146417445483,0.6028683597328185,0.9719626168224299,0.20772303595206393,0.34229292375205705,0.9980136835135731
adult,imputation→label_noise→balance→outliers,"('imputation', 'label_noise', 'balance', 'outliers')",random_forest,42,24129,38281,6033,11.083648920059204,False,0.8524780374606332,0.8017570031493453,0.9405016527318686,0.05072103431128794,0.750016383657955,0.6040895667396755,0.8054351610206566,0.14592681691827947,0.8307008166930346,0.880755094647516,1.0602554818156362,-0.05005427795448136,0.750016383657955,0.6040895667396755,0.8054351610206566,0.14592681691827947,0.777445403480383,0.6144566751147631,0.7903534735224239,0.16298872836561995,0.7976653696498055,0.9693251533742331,1.2152027532545262,-0.17165978372442758,0.5459387483355526,0.2103861517976032,0.3853658536585366,0.33555259653794933,0.6482213438735178,0.34573304157549234,0.5333564604792655,0.3024883022980255,0.5750847668381586,0.39815892724279894,0.6923482418633592,0.17692583959535962,0.9136570940063434,0.5027147647762227,0.550222581397406,0.41094232923012075,0.9540940189803575,0.9977929816817479,1.0458015267175573,-0.0436989627013904,0.721718015929056,0.4581722664093488,0.6348355677661046,0.2635457495197072,0.6040895667396755,0.6144566751147631,0.5027147647762227,0.39815892724279894,0.4581722664093488,0.8017570031493453,0.880755094647516,0.6040895667396755,0.9693251533742331,0.2103861517976032,0.34573304157549234,0.9977929816817479
adult,imputation→outliers→label_noise→balance,"('imputation', 'outliers', 'label_noise', 'balance')",random_forest,42,24129,38179,6033,10.373440980911255,False,0.8524780374606332,0.8022542681916128,0.9410849698619482,0.05022376926902039,0.750016383657955,0.6062009280056518,0.8082502478800647,0.14381545565230314,0.8307008166930346,0.8744338863141142,1.0526459932893506,-0.04373306962107959,0.750016383657955,0.6062009280056518,0.8082502478800647,0.14381545565230314,0.777445403480383,0.6176539007581986,0.7944659496257265,0.15979150272218445,0.7976653696498055,0.9557522123893806,1.1981869199222965,-0.15808684273957507,0.5459387483355526,0.21571238348868177,0.39512195121951227,0.3302263648468708,0.6482213438735178,0.35198261814231396,0.5429975755488136,0.29623872573120386,0.5750847668381586,0.3988244034826438,0.6935054212536318,0.17626036335551476,0.9136570940063434,0.4896289241064882,0.5359000956907021,0.42402816989985526,0.9540940189803575,0.996689472522622,1.044644922507518,-0.04259545354226446,0.721718015929056,0.46367905033107953,0.6424656723224415,0.2580389655979765,0.6062009280056518,0.6176539007581986,0.4896289241064882,0.3988244034826438,0.46367905033107953,0.8022542681916128,0.8744338863141142,0.6062009280056518,0.9557522123893806,0.21571238348868177,0.35198261814231396,0.996689472522622
adult,imputation→outliers→balance→label_noise,"('imputation', 'outliers', 'balance', 'label_noise')",random_forest,42,24129,33478,6033,11.817435026168823,False,0.8524780374606332,0.8359025360517156,0.9805560956640094,0.016575501408917614,0.750016383657955,0.7220683611434294,0.9627367839910131,0.02794802251452555,0.8307008166930346,0.8062019210508401,0.9705081599176427,0.02449889564219454,0.750016383657955,0.7220683611434294,0.9627367839910131,0.02794802251452555,0.777445403480383,0.748615096958365,0.9629166158897414,0.028830306522018012,0.7976653696498055,0.7622950819672131,0.9556577369052378,0.03537028768259243,0.5459387483355526,0.49533954727030627,0.9073170731707317,0.05059920106524629,0.6482213438735178,0.6004842615012107,0.9263568180475994,0.047737082372307116,0.5750847668381586,0.521527597684839,0.9068708262822206,0.05355716915331954,0.9136570940063434,0.8349813725890676,0.9138892239403664,0.07867572141727586,0.9540940189803575,0.9487971750165526,0.9944482997918113,0.00529684396380492,0.721718015929056,0.6855485125970624,0.9498841617727483,0.03616950333199365,0.7220683611434294,0.748615096958365,0.8349813725890676,0.521527597684839,0.6855485125970624,0.8359025360517156,0.8062019210508401,0.7220683611434294,0.7622950819672131,0.49533954727030627,0.6004842615012107,0.9487971750165526
adult,imputation→balance→label_noise→outliers,"('imputation', 'balance', 'label_noise', 'outliers')",random_forest,42,24129,33464,6033,11.428231954574585,False,0.8524780374606332,0.8357367810376264,0.9803616566206493,0.016741256423006834,0.750016383657955,0.7230707030514159,0.9640732106742514,0.026945680606539124,0.8307008166930346,0.8048190688221553,0.9688434784813227,0.02588174787087938,0.750016383657955,0.7230707030514159,0.9640732106742514,0.026945680606539124,0.777445403480383,0.7491855256372268,0.9636503377386432,0.0282598778431562,0.7976653696498055,0.7588652482269503,0.9513578965576889,0.03880012142285516,0.5459387483355526,0.4986684420772304,0.9134146341463416,0.04727030625832218,0.6482213438735178,0.6018481317798312,0.9284608374408371,0.04637321209368661,0.5750847668381586,0.5215216351624776,0.9068604582065816,0.05356313167568094,0.9136570940063434,0.8239697911796263,0.9018370202397898,0.08968730282671711,0.9540940189803575,0.9474729640256014,0.9930603747397642,0.006621054954756067,0.721718015929056,0.6873680723462084,0.9524053122899676,0.0343499435828476,0.7230707030514159,0.7491855256372268,0.8239697911796263,0.5215216351624776,0.6873680723462084,0.8357367810376264,0.8048190688221553,0.7230707030514159,0.7588652482269503,0.4986684420772304,0.6018481317798312,0.9474729640256014
adult,imputation→balance→outliers→label_noise,"('imputation', 'balance', 'outliers', 'label_noise')",random_forest,42,24129,33464,6033,12.105417966842651,False,0.8524780374606332,0.8357367810376264,0.9803616566206493,0.016741256423006834,0.750016383657955,0.720622778838838,0.9608093830220621,0.029393604819117014,0.8307008166930346,0.807008518347367,0.9714791440316802,0.02369229834566766,0.750016383657955,0.720622778838838,0.9608093830220621,0.029393604819117014,0.777445403480383,0.7475288032680407,0.9615193554706029,0.029916600212342326,0.7976653696498055,0.7647668393782383,0.9587564766839377,0.032898530271567195,0.5459387483355526,0.49134487350199735,0.9000000000000001,0.05459387483355521,0.6482213438735178,0.5982975273611674,0.9229833806242399,0.04992381651235045,0.5750847668381586,0.5205115654622499,0.9051040741768304,0.05457320137590871,0.9136570940063434,0.8253047286910324,0.9032981127220389,0.08835236531531099,0.9540940189803575,0.9499006841756786,0.9956049040018505,0.004193334804678872,0.721718015929056,0.6831755495520603,0.9465962252204821,0.038542466376995765,0.720622778838838,0.7475288032680407,0.8253047286910324,0.5205115654622499,0.6831755495520603,0.8357367810376264,0.807008518347367,0.720622778838838,0.7647668393782383,0.49134487350199735,0.5982975273611674,0.9499006841756786
adult,label_noise→imputation→outliers→balance,"('label_noise', 'imputation', 'outliers', 'balance')",random_forest,42,24129,38160,6033,10.669324159622192,False,0.8524780374606332,0.8022542681916128,0.9410849698619482,0.05022376926902039,0.750016383657955,0.6050882351817528,0.8067666898563424,0.14492814847620217,0.8307008166930346,0.8811032731256687,1.0606746200554888,-0.05040245643263408,0.750016383657955,0.6050882351817528,0.8067666898563424,0.14492814847620217,0.777445403480383,0.6159413263992517,0.7922631269564043,0.16150407708113135,0.7976653696498055,0.9696048632218845,1.2155534138928015,-0.17193949357207905,0.5459387483355526,0.21238348868175766,0.38902439024390245,0.3335552596537949,0.6482213438735178,0.3484434735117422,0.5375377975516511,0.2997778703617756,0.5750847668381586,0.40024727554233797,0.6959796166101132,0.1748374912958206,0.9136570940063434,0.5019157124716519,0.5493480166292751,0.41174138153469153,0.9540940189803575,0.9977929816817479,1.0458015267175573,-0.0436989627013904,0.721718015929056,0.4603419972495913,0.6378419092905703,0.26137601867946475,0.6050882351817528,0.6159413263992517,0.5019157124716519,0.40024727554233797,0.4603419972495913,0.8022542681916128,0.8811032731256687,0.6050882351817528,0.9696048632218845,0.21238348868175766,0.3484434735117422,0.9977929816817479
adult,label_noise→imputation→balance→outliers,"('label_noise', 'imputation', 'balance', 'outliers')",random_forest,42,24129,38264,6033,10.51557183265686,False,0.8524780374606332,0.8024200232057019,0.9412794089053081,0.05005801425493128,0.750016383657955,0.6054211246624452,0.8072105328015708,0.14459525899550973,0.8307008166930346,0.8812188162530088,1.0608137111999998,-0.05051799955997416,0.750016383657955,0.6054211246624452,0.8072105328015708,0.14459525899550973,0.777445403480383,0.6164352406952422,0.7928984311125282,0.1610101627851408,0.7976653696498055,0.9696969696969697,1.2156688839615668,-0.17203160004716422,0.5459387483355526,0.21304926764314247,0.3902439024390244,0.3328894806924101,0.6482213438735178,0.34934497816593885,0.5389285333901374,0.298876365707579,0.5750847668381586,0.40094147379326195,0.6971867399612337,0.17414329304489662,0.9136570940063434,0.47013281195586787,0.5145615516367936,0.44352428205047556,0.9540940189803575,0.9977929816817479,1.0458015267175573,-0.0436989627013904,0.721718015929056,0.4610629718452392,0.6388408792202869,0.26065504408381684,0.6054211246624452,0.6164352406952422,0.47013281195586787,0.40094147379326195,0.4610629718452392,0.8024200232057019,0.8812188162530088,0.6054211246624452,0.9696969696969697,0.21304926764314247,0.34934497816593885,0.9977929816817479
adult,label_noise→outliers→imputation→balance,"('label_noise', 'outliers', 'imputation', 'balance')",random_forest,42,24129,38163,6033,9.561998128890991,False,0.8524780374606332,0.8019227581634344,0.9406960917752284,0.05055527929719883,0.750016383657955,0.6046449947851478,0.8061757155706297,0.1453713888728072,0.8307008166930346,0.8794958585027517,1.0587396097718633,-0.048795041809717055,0.750016383657955,0.6046449947851478,0.8061757155706297,0.1453713888728072,0.777445403480383,0.6152974727972387,0.7914349612754051,0.16214793068314437,0.7976653696498055,0.9665653495440729,1.211742901623545,-0.16889997989426742,0.5459387483355526,0.21171770972037285,0.38780487804878055,0.3342210386151797,0.6482213438735178,0.3473511742217368,0.535852726085972,0.30087016965178104,0.5750847668381586,0.39855911548479556,0.6930441188280663,0.176525651353363,0.9136570940063434,0.4853480138745338,0.5312146286155406,0.4283090801318096,0.9540940189803575,0.9975722798499228,1.0455702058755494,-0.0434782608695653,0.721718015929056,0.45956905723770886,0.6367709369789155,0.2621489586913472,0.6046449947851478,0.6152974727972387,0.4853480138745338,0.39855911548479556,0.45956905723770886,0.8019227581634344,0.8794958585027517,0.6046449947851478,0.9665653495440729,0.21171770972037285,0.3473511742217368,0.9975722798499228
adult,label_noise→outliers→balance→imputation,"('label_noise', 'outliers', 'balance', 'imputation')",random_forest,42,24129,38163,6033,5.937731027603149,False,0.8524780374606332,0.8015912481352561,0.9403072136885086,0.05088678932537716,0.750016383657955,0.603979215823763,0.8052880296801727,0.14603716783419196,0.8307008166930346,0.8792547358807886,1.058449345675431,-0.04855391918775398,0.750016383657955,0.603979215823763,0.8052880296801727,0.14603716783419196,0.777445403480383,0.614307612695572,0.7901617399054731,0.16313779078481105,0.7976653696498055,0.9663608562691132,1.2114865368837173,-0.16869548661930767,0.5459387483355526,0.2103861517976032,0.3853658536585366,0.33555259653794933,0.6482213438735178,0.34554401312192456,0.5330648495112617,0.30267733075159325,0.5750847668381586,0.3971629893851276,0.6906164313284584,0.17792177745303095,0.9136570940063434,0.5441164153673128,0.5955367926728264,0.3695406786390306,0.9540940189803575,0.9975722798499228,1.0455702058755494,-0.0434782608695653,0.721718015929056,0.4581215920447179,0.6347653542429385,0.2635964238843381,0.603979215823763,0.614307612695572,0.5441164153673128,0.3971629893851276,0.4581215920447179,0.8015912481352561,0.8792547358807886,0.603979215823763,0.9663608562691132,0.2103861517976032,0.34554401312192456,0.9975722798499228
adult,label_noise→balance→imputation→outliers,"('label_noise', 'balance', 'imputation', 'outliers')",random_forest,42,24129,38264,6033,6.401572227478027,False,0.8524780374606332,0.8030830432620587,0.9420571650787478,0.049394994198574516,0.750016383657955,0.6071977597147745,0.8095793277919741,0.14281862394318046,0.8307008166930346,0.879000057145529,1.0581427626913507,-0.04829924045249434,0.750016383657955,0.6071977597147745,0.8095793277919741,0.14281862394318046,0.777445403480383,0.6190866844105817,0.7963088875940635,0.15835871906980137,0.7976653696498055,0.9644970414201184,1.2091499494876605,-0.16683167177031288,0.5459387483355526,0.2170439414114514,0.3975609756097561,0.32889480692410117,0.6482213438735178,0.35434782608695653,0.5466463414634146,0.2938735177865613,0.5750847668381586,0.4031275582630004,0.7009880656018999,0.17195720857515817,0.9136570940063434,0.5366644224238939,0.5873805675503986,0.37699267158244953,0.9540940189803575,0.9973515780180976,1.0453388850335417,-0.04325755903774009,0.721718015929056,0.4652624178525261,0.6446595589741532,0.25645559807652996,0.6071977597147745,0.6190866844105817,0.5366644224238939,0.4031275582630004,0.4652624178525261,0.8030830432620587,0.879000057145529,0.6071977597147745,0.9644970414201184,0.2170439414114514,0.35434782608695653,0.9973515780180976
adult,label_noise→balance→outliers→imputation,"('label_noise', 'balance', 'outliers', 'imputation')",random_forest,42,24129,38264,6033,6.337089776992798,False,0.8524780374606332,0.8030830432620587,0.9420571650787478,0.049394994198574516,0.750016383657955,0.6071977597147745,0.8095793277919741,0.14281862394318046,0.8307008166930346,0.879000057145529,1.0581427626913507,-0.04829924045249434,0.750016383657955,0.6071977597147745,0.8095793277919741,0.14281862394318046,0.777445403480383,0.6190866844105817,0.7963088875940635,0.15835871906980137,0.7976653696498055,0.9644970414201184,1.2091499494876605,-0.16683167177031288,0.5459387483355526,0.2170439414114514,0.3975609756097561,0.32889480692410117,0.6482213438735178,0.35434782608695653,0.5466463414634146,0.2938735177865613,0.5750847668381586,0.4031275582630004,0.7009880656018999,0.17195720857515817,0.9136570940063434,0.5366644224238939,0.5873805675503986,0.37699267158244953,0.9540940189803575,0.9973515780180976,1.0453388850335417,-0.04325755903774009,0.721718015929056,0.4652624178525261,0.6446595589741532,0.25645559807652996,0.6071977597147745,0.6190866844105817,0.5366644224238939,0.4031275582630004,0.4652624178525261,0.8030830432620587,0.879000057145529,0.6071977597147745,0.9644970414201184,0.2170439414114514,0.35434782608695653,0.9973515780180976
adult,outliers→imputation→label_noise→balance,"('outliers', 'imputation', 'label_noise', 'balance')",random_forest,42,24129,38172,6033,9.610244750976562,False,0.8524780374606332,0.8025857782197912,0.9414738479486681,0.04989225924084206,0.750016383657955,0.606421629837477,0.8085445105610328,0.14359475382047793,0.8307008166930346,0.8773062672957024,1.0561037736645078,-0.04660545060266774,0.750016383657955,0.606421629837477,0.8085445105610328,0.14359475382047793,0.777445403480383,0.6179544885742903,0.7948525848990795,0.1594909149060928,0.7976653696498055,0.9614243323442137,1.2052978215242092,-0.16375896269440815,0.5459387483355526,0.21571238348868177,0.39512195121951227,0.3302263648468708,0.6482213438735178,0.3523654159869494,0.5435881112481598,0.2958559278865684,0.5750847668381586,0.4007670041982169,0.6968833593031017,0.17431776263994164,0.9136570940063434,0.48086829566757305,0.5263115657089557,0.4327887983387704,0.9540940189803575,0.9971308761862724,1.0451075641915337,-0.04303685720591488,0.721718015929056,0.4637817136889923,0.6426079208954948,0.25793630224006375,0.606421629837477,0.6179544885742903,0.48086829566757305,0.4007670041982169,0.4637817136889923,0.8025857782197912,0.8773062672957024,0.606421629837477,0.9614243323442137,0.21571238348868177,0.3523654159869494,0.9971308761862724
adult,outliers→imputation→balance→label_noise,"('outliers', 'imputation', 'balance', 'label_noise')",random_forest,42,24129,33480,6033,11.783014059066772,False,0.8524780374606332,0.8360682910658047,0.9807505347073692,0.016409746394828506,0.750016383657955,0.7241815591423604,0.9655543197741977,0.0258348245155946,0.8307008166930346,0.8048485229942934,0.96887893549731,0.025852293698741202,0.750016383657955,0.7241815591423604,0.9655543197741977,0.0258348245155946,0.777445403480383,0.7501371146849125,0.9648743324312938,0.027308288795470537,0.7976653696498055,0.7583081570996979,0.9506594945103529,0.0393572125501076,0.5459387483355526,0.5013315579227696,0.9182926829268293,0.04460719041278294,0.6482213438735178,0.6036072144288577,0.9311745442103718,0.044614129444660144,0.5750847668381586,0.5228438282589033,0.909159585522534,0.05224093857925527,0.9136570940063434,0.8255149244103575,0.9035281724684184,0.08814216959598598,0.9540940189803575,0.947031560361951,0.9925977330557484,0.007062458618406486,0.721718015929056,0.6890404977635846,0.9547225960219293,0.032677518165471486,0.7241815591423604,0.7501371146849125,0.8255149244103575,0.5228438282589033,0.6890404977635846,0.8360682910658047,0.8048485229942934,0.7241815591423604,0.7583081570996979,0.5013315579227696,0.6036072144288577,0.947031560361951
adult,outliers→label_noise→imputation→balance,"('outliers', 'label_noise', 'imputation', 'balance')",random_forest,42,24129,38109,6033,9.65211796760559,False,0.8524780374606332,0.8005967180507211,0.9391405794283493,0.05188131940991214,0.750016383657955,0.6033171103282874,0.8044052416372682,0.1466992733296676,0.8307008166930346,0.8704393867551763,1.0478374033871043,-0.039738570062141654,0.750016383657955,0.6033171103282874,0.8044052416372682,0.1466992733296676,0.777445403480383,0.6134151775191976,0.7890138327053285,0.16403022596118544,0.7976653696498055,0.948948948948949,1.1896579506335603,-0.1512835792991435,0.5459387483355526,0.2103861517976032,0.3853658536585366,0.33555259653794933,0.6482213438735178,0.3444141689373297,0.5313218581777098,0.30380717493618814,0.5750847668381586,0.39126833243352394,0.6803663650921141,0.18381643440463463,0.9136570940063434,0.49693441922944787,0.5438959785781489,0.41672267477689556,0.9540940189803575,0.9962480688589715,1.0441822808235022,-0.04215404987861404,0.721718015929056,0.45781742806825587,0.6343439098979881,0.2639005878608002,0.6033171103282874,0.6134151775191976,0.49693441922944787,0.39126833243352394,0.45781742806825587,0.8005967180507211,0.8704393867551763,0.6033171103282874,0.948948948948949,0.2103861517976032,0.3444141689373297,0.9962480688589715
adult,outliers→label_noise→balance→imputation,"('outliers', 'label_noise', 'balance', 'imputation')",random_forest,42,24129,38109,6033,5.2877891063690186,False,0.8524780374606332,0.8029172882479695,0.9418627260353879,0.049560749212663735,0.750016383657955,0.608200101622761,0.8109157544752125,0.14181628203519403,0.8307008166930346,0.8712035896267409,1.0487573529720906,-0.0405027729337063,0.750016383657955,0.608200101622761,0.8109157544752125,0.14181628203519403,0.777445403480383,0.6206235308770669,0.7982856778093059,0.15682187260331615,0.7976653696498055,0.9484240687679083,1.1889999301139142,-0.1507586991181028,0.5459387483355526,0.2203728362183755,0.4036585365853659,0.32556591211717706,0.6482213438735178,0.35764451647757967,0.551732089444071,0.29057682739593815,0.5750847668381586,0.4008204890987835,0.6969763628108465,0.17426427773937508,0.9136570940063434,0.5401672191069599,0.591214387378477,0.37348987489938357,0.9540940189803575,0.9960273670271463,1.0439509599814945,-0.04193334804678883,0.721718015929056,0.46850547043006135,0.6491530765335846,0.2532125454989947,0.608200101622761,0.6206235308770669,0.5401672191069599,0.4008204890987835,0.46850547043006135,0.8029172882479695,0.8712035896267409,0.608200101622761,0.9484240687679083,0.2203728362183755,0.35764451647757967,0.9960273670271463
adult,outliers→balance→imputation→label_noise,"('outliers', 'balance', 'imputation', 'label_noise')",random_forest,42,24129,33480,6033,5.823447227478027,False,0.8524780374606332,0.8377258412066965,0.9826949251409682,0.014752196253936756,0.750016383657955,0.7266202996901652,0.9688059028075051,0.023396083967789805,0.8307008166930346,0.8076674559777849,0.9722723750207156,0.02303336071524975,0.750016383657955,0.7266202996901652,0.9688059028075051,0.023396083967789805,0.777445403480383,0.7528099870958118,0.9683123518715449,0.02463541638457123,0.7976653696498055,0.7628140703517587,0.9563083711239121,0.034851299298046756,0.5459387483355526,0.5053262316910786,0.9256097560975611,0.04061251664447396,0.6482213438735178,0.6079295154185022,0.9378424841517137,0.040291828455015666,0.5750847668381586,0.528104880032731,0.9183078921326242,0.04697988680542753,0.9136570940063434,0.8266077070490284,0.9047242258300567,0.08704938695731501,0.9540940189803575,0.9479143676892519,0.9935230164237798,0.006179651291105648,0.721718015929056,0.6921025902207282,0.9589653783684415,0.02961542570832787,0.7266202996901652,0.7528099870958118,0.8266077070490284,0.528104880032731,0.6921025902207282,0.8377258412066965,0.8076674559777849,0.7266202996901652,0.7628140703517587,0.5053262316910786,0.6079295154185022,0.9479143676892519
adult,outliers→balance→label_noise→imputation,"('outliers', 'balance', 'label_noise', 'imputation')",random_forest,42,24129,33480,6033,6.011912107467651,False,0.8524780374606332,0.8377258412066965,0.9826949251409682,0.014752196253936756,0.750016383657955,0.7266202996901652,0.9688059028075051,0.023396083967789805,0.8307008166930346,0.8076674559777849,0.9722723750207156,0.02303336071524975,0.750016383657955,0.7266202996901652,0.9688059028075051,0.023396083967789805,0.777445403480383,0.7528099870958118,0.9683123518715449,0.02463541638457123,0.7976653696498055,0.7628140703517587,0.9563083711239121,0.034851299298046756,0.5459387483355526,0.5053262316910786,0.9256097560975611,0.04061251664447396,0.6482213438735178,0.6079295154185022,0.9378424841517137,0.040291828455015666,0.5750847668381586,0.528104880032731,0.9183078921326242,0.04697988680542753,0.9136570940063434,0.8266077070490284,0.9047242258300567,0.08704938695731501,0.9540940189803575,0.9479143676892519,0.9935230164237798,0.006179651291105648,0.721718015929056,0.6921025902207282,0.9589653783684415,0.02961542570832787,0.7266202996901652,0.7528099870958118,0.8266077070490284,0.528104880032731,0.6921025902207282,0.8377258412066965,0.8076674559777849,0.7266202996901652,0.7628140703517587,0.5053262316910786,0.6079295154185022,0.9479143676892519
adult,balance→imputation→label_noise→outliers,"('balance', 'imputation', 'label_noise', 'outliers')",random_forest,42,24129,33464,6033,6.600999355316162,False,0.8524780374606332,0.8362340460798939,0.9809449737507291,0.016243991380739287,0.750016383657955,0.7220665244104748,0.9627343350672367,0.02794985924748017,0.8307008166930346,0.8072164652962255,0.9717294711587033,0.023484351396809156,0.750016383657955,0.7220665244104748,0.9627343350672367,0.02794985924748017,0.777445403480383,0.7488221119324039,0.9631828917891321,0.028623291547979157,0.7976653696498055,0.76440329218107,0.9583007126367559,0.03326207746873555,0.5459387483355526,0.49467376830892146,0.9060975609756099,0.0512649800266311,0.6482213438735178,0.6006467259498788,0.9266074491787764,0.04757461792363904,0.5750847668381586,0.5223887161492066,0.9083682028674186,0.052696050688952,0.9136570940063434,0.8290039823309229,0.907346955186195,0.08465311167542056,0.9540940189803575,0.9494592805120282,0.9951422623178349,0.004634738468329291,0.721718015929056,0.6853266375581518,0.9495767355563957,0.036391378370904226,0.7220665244104748,0.7488221119324039,0.8290039823309229,0.5223887161492066,0.6853266375581518,0.8362340460798939,0.8072164652962255,0.7220665244104748,0.76440329218107,0.49467376830892146,0.6006467259498788,0.9494592805120282
adult,balance→imputation→outliers→label_noise,"('balance', 'imputation', 'outliers', 'label_noise')",random_forest,42,24129,33464,6033,6.500056266784668,False,0.8524780374606332,0.8367313111221615,0.9815282908808088,0.01574672633847174,0.750016383657955,0.7228426542877723,0.963769152298178,0.027173729370182698,0.8307008166930346,0.8080342163310571,0.9727138821745573,0.02266660036197754,0.750016383657955,0.7228426542877723,0.963769152298178,0.027173729370182698,0.777445403480383,0.7496598768416097,0.9642604785951707,0.027785526638773317,0.7976653696498055,0.7656731757451182,0.9598927130072944,0.03199219390468733,0.5459387483355526,0.4960053262316911,0.9085365853658537,0.04993342210386148,0.6482213438735178,0.602020202020202,0.9287262872628725,0.04620114185331581,0.5750847668381586,0.5239968029622571,0.9111644633594013,0.05108796387590142,0.9136570940063434,0.8358091513970485,0.9147952299391281,0.07784794260929495,0.9540940189803575,0.9496799823438534,0.9953735831598427,0.004414036636504082,0.721718015929056,0.6863281499823315,0.9509644138491296,0.03538986594672455,0.7228426542877723,0.7496598768416097,0.8358091513970485,0.5239968029622571,0.6863281499823315,0.8367313111221615,0.8080342163310571,0.7228426542877723,0.7656731757451182,0.4960053262316911,0.602020202020202,0.9496799823438534
adult,balance→label_noise→imputation→outliers,"('balance', 'label_noise', 'imputation', 'outliers')",random_forest,42,24129,33464,6033,6.167447090148926,False,0.8524780374606332,0.8362340460798939,0.9809449737507291,0.016243991380739287,0.750016383657955,0.7220665244104748,0.9627343350672367,0.02794985924748017,0.8307008166930346,0.8072164652962255,0.9717294711587033,0.023484351396809156,0.750016383657955,0.7220665244104748,0.9627343350672367,0.02794985924748017,0.777445403480383,0.7488221119324039,0.9631828917891321,0.028623291547979157,0.7976653696498055,0.76440329218107,0.9583007126367559,0.03326207746873555,0.5459387483355526,0.49467376830892146,0.9060975609756099,0.0512649800266311,0.6482213438735178,0.6006467259498788,0.9266074491787764,0.04757461792363904,0.5750847668381586,0.5223887161492066,0.9083682028674186,0.052696050688952,0.9136570940063434,0.8290039823309229,0.907346955186195,0.08465311167542056,0.9540940189803575,0.9494592805120282,0.9951422623178349,0.004634738468329291,0.721718015929056,0.6853266375581518,0.9495767355563957,0.036391378370904226,0.7220665244104748,0.7488221119324039,0.8290039823309229,0.5223887161492066,0.6853266375581518,0.8362340460798939,0.8072164652962255,0.7220665244104748,0.76440329218107,0.49467376830892146,0.6006467259498788,0.9494592805120282
adult,balance→label_noise→outliers→imputation,"('balance', 'label_noise', 'outliers', 'imputation')",random_forest,42,24129,33464,6033,6.138782024383545,False,0.8524780374606332,0.8362340460798939,0.9809449737507291,0.016243991380739287,0.750016383657955,0.7220665244104748,0.9627343350672367,0.02794985924748017,0.8307008166930346,0.8072164652962255,0.9717294711587033,0.023484351396809156,0.750016383657955,0.7220665244104748,0.9627343350672367,0.02794985924748017,0.777445403480383,0.7488221119324039,0.9631828917891321,0.028623291547979157,0.7976653696498055,0.76440329218107,0.9583007126367559,0.03326207746873555,0.5459387483355526,0.49467376830892146,0.9060975609756099,0.0512649800266311,0.6482213438735178,0.6006467259498788,0.9266074491787764,0.04757461792363904,0.5750847668381586,0.5223887161492066,0.9083682028674186,0.052696050688952,0.9136570940063434,0.8290039823309229,0.907346955186195,0.08465311167542056,0.9540940189803575,0.9494592805120282,0.9951422623178349,0.004634738468329291,0.721718015929056,0.6853266375581518,0.9495767355563957,0.036391378370904226,0.7220665244104748,0.7488221119324039,0.8290039823309229,0.5223887161492066,0.6853266375581518,0.8362340460798939,0.8072164652962255,0.7220665244104748,0.76440329218107,0.49467376830892146,0.6006467259498788,0.9494592805120282
adult,balance→outliers→imputation→label_noise,"('balance', 'outliers', 'imputation', 'label_noise')",random_forest,42,24129,33464,6033,5.891896963119507,False,0.8524780374606332,0.8367313111221615,0.9815282908808088,0.01574672633847174,0.750016383657955,0.7228426542877723,0.963769152298178,0.027173729370182698,0.8307008166930346,0.8080342163310571,0.9727138821745573,0.02266660036197754,0.750016383657955,0.7228426542877723,0.963769152298178,0.027173729370182698,0.777445403480383,0.7496598768416097,0.9642604785951707,0.027785526638773317,0.7976653696498055,0.7656731757451182,0.9598927130072944,0.03199219390468733,0.5459387483355526,0.4960053262316911,0.9085365853658537,0.04993342210386148,0.6482213438735178,0.602020202020202,0.9287262872628725,0.04620114185331581,0.5750847668381586,0.5239968029622571,0.9111644633594013,0.05108796387590142,0.9136570940063434,0.8358091513970485,0.9147952299391281,0.07784794260929495,0.9540940189803575,0.9496799823438534,0.9953735831598427,0.004414036636504082,0.721718015929056,0.6863281499823315,0.9509644138491296,0.03538986594672455,0.7228426542877723,0.7496598768416097,0.8358091513970485,0.5239968029622571,0.6863281499823315,0.8367313111221615,0.8080342163310571,0.7228426542877723,0.7656731757451182,0.4960053262316911,0.602020202020202,0.9496799823438534
adult,balance→outliers→label_noise→imputation,"('balance', 'outliers', 'label_noise', 'imputation')",random_forest,42,24129,33464,6033,5.991238117218018,False,0.8524780374606332,0.8367313111221615,0.9815282908808088,0.01574672633847174,0.750016383657955,0.7228426542877723,0.963769152298178,0.027173729370182698,0.8307008166930346,0.8080342163310571,0.9727138821745573,0.02266660036197754,0.750016383657955,0.7228426542877723,0.963769152298178,0.027173729370182698,0.777445403480383,0.7496598768416097,0.9642604785951707,0.027785526638773317,0.7976653696498055,0.7656731757451182,0.9598927130072944,0.03199219390468733,0.5459387483355526,0.4960053262316911,0.9085365853658537,0.04993342210386148,0.6482213438735178,0.602020202020202,0.9287262872628725,0.04620114185331581,0.5750847668381586,0.5239968029622571,0.9111644633594013,0.05108796387590142,0.9136570940063434,0.8358091513970485,0.9147952299391281,0.07784794260929495,0.9540940189803575,0.9496799823438534,0.9953735831598427,0.004414036636504082,0.721718015929056,0.6863281499823315,0.9509644138491296,0.03538986594672455,0.7228426542877723,0.7496598768416097,0.8358091513970485,0.5239968029622571,0.6863281499823315,0.8367313111221615,0.8080342163310571,0.7228426542877723,0.7656731757451182,0.4960053262316911,0.602020202020202,0.9496799823438534
adult,imputation→label_noise→outliers→balance,"('imputation', 'label_noise', 'outliers', 'balance')",random_forest,43,24129,38518,6033,9.060688018798828,False,0.8617603182496271,0.7986076578816509,0.9267166762839008,0.06315266036797618,0.769770887400629,0.5968745123474005,0.7753924214553412,0.17289637505322852,0.8397838455482295,0.8845427672523106,1.0532981456375379,-0.044758921704081134,0.769770887400629,0.5968745123474005,0.7753924214553412,0.17289637505322852,0.7953344679410936,0.6035057105526426,0.7588074387307218,0.19182875738845107,0.8053016453382084,0.979933110367893,1.2168522392082577,-0.17463146502968463,0.5865512649800266,0.19507323568575233,0.3325766174801362,0.39147802929427433,0.6787365177195686,0.32537479178234313,0.47938306439668715,0.3533617259372254,0.6055205679015178,0.3860175801918226,0.6374970573329967,0.21950298770969517,0.9160325040018737,0.48869880253827674,0.5334950456488137,0.427333701463597,0.9529905098212316,0.9986757890090487,1.0479388605836035,-0.045685279187817174,0.7476481719696797,0.4413784289733888,0.5903557923649796,0.3062697429962909,0.5968745123474005,0.6035057105526426,0.48869880253827674,0.3860175801918226,0.4413784289733888,0.7986076578816509,0.8845427672523106,0.5968745123474005,0.979933110367893,0.19507323568575233,0.32537479178234313,0.9986757890090487
adult,imputation→label_noise→balance→outliers,"('imputation', 'label_noise', 'balance', 'outliers')",random_forest,43,24129,38586,6033,9.557116985321045,False,0.8617603182496271,0.7981103928393833,0.926139642238892,0.06364992541024372,0.769770887400629,0.5956533053405435,0.7738059662816715,0.17411758206008554,0.8397838455482295,0.8858161665084225,1.0548144873281555,-0.04603232096019305,0.769770887400629,0.5956533053405435,0.7738059662816715,0.17411758206008554,0.7953344679410936,0.601614211392622,0.7564291950656167,0.1937202565484717,0.8053016453382084,0.9829931972789115,1.2206521655200107,-0.17769155194070319,0.5865512649800266,0.19241011984021306,0.3280363223609535,0.3941411451398136,0.6787365177195686,0.321826280623608,0.47415495147496395,0.35691023709596054,0.6055205679015178,0.3842113563149747,0.6345141299600959,0.22130921158654304,0.9160325040018737,0.4869284858473114,0.5315624540833055,0.42910401815456234,0.9529905098212316,0.998896490840874,1.048170449282075,-0.04590598101964238,0.7476481719696797,0.43840368783880096,0.5863769942536288,0.30924448413087874,0.5956533053405435,0.601614211392622,0.4869284858473114,0.3842113563149747,0.43840368783880096,0.7981103928393833,0.8858161665084225,0.5956533053405435,0.9829931972789115,0.19241011984021306,0.321826280623608,0.998896490840874
adult,imputation→outliers→label_noise→balance,"('imputation', 'outliers', 'label_noise', 'balance')",random_forest,43,24129,38403,6033,9.204815864562988,False,0.8617603182496271,0.801425493121167,0.9299865358722832,0.06033482512846011,0.769770887400629,0.6018660178248321,0.7818768255282036,0.16790486957579698,0.8397838455482295,0.8907580053321911,1.0606991430642305,-0.05097415978396158,0.769770887400629,0.6018660178248321,0.7818768255282036,0.16790486957579698,0.7953344679410936,0.6110098207515853,0.7682426015476543,0.18432464718950836,0.8053016453382084,0.9903225806451613,1.2297535791439347,-0.18502093530695296,0.5865512649800266,0.20439414114513982,0.34846765039727584,0.3821571238348868,0.6787365177195686,0.33885209713024284,0.49923952562435325,0.3398844205893257,0.6055205679015178,0.39902361802963393,0.6589761589973462,0.20649694987188383,0.9160325040018737,0.48817849282689657,0.5329270421018794,0.4278540111749772,0.9529905098212316,0.9993378945045244,1.048633626679018,-0.0463473846832928,0.7476481719696797,0.45195000902870286,0.6044955715440863,0.29569816294097684,0.6018660178248321,0.6110098207515853,0.48817849282689657,0.39902361802963393,0.45195000902870286,0.801425493121167,0.8907580053321911,0.6018660178248321,0.9903225806451613,0.20439414114513982,0.33885209713024284,0.9993378945045244
adult,imputation→outliers→balance→label_noise,"('imputation', 'outliers', 'balance', 'label_noise')",random_forest,43,24129,33492,6033,9.535140037536621,False,0.8617603182496271,0.8320901707276646,0.9655703019811502,0.02967014752196251,0.769770887400629,0.706400514755431,0.9176763194316326,0.06337037264519807,0.8397838455482295,0.8094731733067309,0.9639065785771205,0.030310672241498637,0.769770887400629,0.706400514755431,0.9176763194316326,0.06337037264519807,0.7953344679410936,0.7351446216441818,0.9243213406144373,0.06018984629691182,0.8053016453382084,0.7775255391600454,0.9655084447685468,0.02777610617816295,0.5865512649800266,0.4560585885486019,0.7775255391600454,0.13049267643142476,0.6787365177195686,0.5749055812001679,0.8470232058999069,0.10383093651940067,0.6055205679015178,0.5054717490562887,0.8347722205507293,0.10004881884522909,0.9160325040018737,0.8097563434144014,0.8839821074872525,0.10627616058747236,0.9529905098212316,0.95674244096226,1.0039370078740157,-0.003751931141028453,0.7476481719696797,0.6605532584355273,0.8835081569119593,0.08709491353415244,0.706400514755431,0.7351446216441818,0.8097563434144014,0.5054717490562887,0.6605532584355273,0.8320901707276646,0.8094731733067309,0.706400514755431,0.7775255391600454,0.4560585885486019,0.5749055812001679,0.95674244096226
adult,imputation→balance→label_noise→outliers,"('imputation', 'balance', 'label_noise', 'outliers')",random_forest,43,24129,33464,6033,9.810510873794556,False,0.8617603182496271,0.8292723354881485,0.9623004423927678,0.03248798276147857,0.769770887400629,0.6994061621949811,0.9085900410663017,0.07036472520564796,0.8397838455482295,0.807432221198257,0.9614762482971405,0.03235162434997252,0.769770887400629,0.6994061621949811,0.9085900410663017,0.07036472520564796,0.7953344679410936,0.7281962665811916,0.9155849468793869,0.067138201359902,0.8053016453382084,0.7769953051643192,0.9648500157205054,0.02830634017388911,0.5865512649800266,0.440745672436751,0.7514188422247446,0.14580559254327563,0.6787365177195686,0.562446898895497,0.8286675082478492,0.11628961882407152,0.6055205679015178,0.4951924044822292,0.8177961752783393,0.11032816341928858,0.9160325040018737,0.8165518145305267,0.891400480838021,0.09948068947134703,0.9529905098212316,0.9580666519532112,1.0053265400648448,-0.0050761421319796,0.7476481719696797,0.6498182290105017,0.8691497597038926,0.09782994295917802,0.6994061621949811,0.7281962665811916,0.8165518145305267,0.4951924044822292,0.6498182290105017,0.8292723354881485,0.807432221198257,0.6994061621949811,0.7769953051643192,0.440745672436751,0.562446898895497,0.9580666519532112
adult,imputation→balance→outliers→label_noise,"('imputation', 'balance', 'outliers', 'label_noise')",random_forest,43,24129,33464,6033,9.532110929489136,False,0.8617603182496271,0.8299353555445053,0.9630698211194461,0.031824962705121806,0.769770887400629,0.6953967945630354,0.9033815203264689,0.07437409283759366,0.8397838455482295,0.8149805770050689,0.9704646991310383,0.024803268543160617,0.769770887400629,0.6953967945630354,0.9033815203264689,0.07437409283759366,0.7953344679410936,0.7253390520918196,0.9119924777930557,0.06999541584927405,0.8053016453382084,0.7945544554455446,0.9866544543217093,0.010747189892663767,0.5865512649800266,0.4274300932090546,0.7287173666288309,0.15912117177097201,0.6787365177195686,0.5558441558441558,0.8189395167828766,0.12289236187541275,0.6055205679015178,0.4961701123461823,0.8194108320146769,0.10935045555533546,0.9160325040018737,0.8111070768292171,0.8854566549611846,0.10492542717265663,0.9529905098212316,0.9633634959170161,1.0108846688281612,-0.01037298609578452,0.7476481719696797,0.6416935007104333,0.858282712067484,0.1059546712592464,0.6953967945630354,0.7253390520918196,0.8111070768292171,0.4961701123461823,0.6416935007104333,0.8299353555445053,0.8149805770050689,0.6953967945630354,0.7945544554455446,0.4274300932090546,0.5558441558441558,0.9633634959170161
adult,label_noise→imputation→outliers→balance,"('label_noise', 'imputation', 'outliers', 'balance')",random_forest,43,24129,38500,6033,8.785688161849976,False,0.8617603182496271,0.7976131277971159,0.9255626081938835,0.06414719045251116,0.769770887400629,0.5946546368984663,0.7725086082516095,0.17511625050216273,0.8397838455482295,0.8855224839938669,1.0544647752967649,-0.045738638445637414,0.769770887400629,0.5946546368984663,0.7725086082516095,0.17511625050216273,0.7953344679410936,0.6000815766387438,0.7545021633378887,0.1952528913023498,0.8053016453382084,0.9828178694158075,1.2204344485140675,-0.17751622407759915,0.5865512649800266,0.1904127829560586,0.3246311010215664,0.39613848202396806,0.6787365177195686,0.31901840490797545,0.4700180358349059,0.3597181128115931,0.6055205679015178,0.3820549213850504,0.6309528389912398,0.2234656465164674,0.9160325040018737,0.4894132181882995,0.5342749477231415,0.4266192858135742,0.9529905098212316,0.998896490840874,1.048170449282075,-0.04590598101964238,0.7476481719696797,0.4361223001705507,0.5833255754796888,0.311525871799129,0.5946546368984663,0.6000815766387438,0.4894132181882995,0.3820549213850504,0.4361223001705507,0.7976131277971159,0.8855224839938669,0.5946546368984663,0.9828178694158075,0.1904127829560586,0.31901840490797545,0.998896490840874
adult,label_noise→imputation→balance→outliers,"('label_noise', 'imputation', 'balance', 'outliers')",random_forest,43,24129,38573,6033,9.030290126800537,False,0.8617603182496271,0.7982761478534726,0.9263319869205616,0.0634841703961545,0.769770887400629,0.5955411176916763,0.7736602246711436,0.17422976970895276,0.8397838455482295,0.8891330654572744,1.0587641929177962,-0.04934921990904495,0.769770887400629,0.5955411176916763,0.7736602246711436,0.17422976970895276,0.7953344679410936,0.6013917107038094,0.7561494376833061,0.19394275723728427,0.8053016453382084,0.9896907216494846,1.228968955147033,-0.1843890763112762,0.5865512649800266,0.19174434087882822,0.32690124858115777,0.39480692410119844,0.6787365177195686,0.32124930284439485,0.47330487524633885,0.3574872148751737,0.6055205679015178,0.3856330276549261,0.6368619797530076,0.21988754024659168,0.9160325040018737,0.48789600329847843,0.5326186583631103,0.4281365007033953,0.9529905098212316,0.9993378945045244,1.048633626679018,-0.0463473846832928,0.7476481719696797,0.4377412316620471,0.5854909408911112,0.3099069403076326,0.5955411176916763,0.6013917107038094,0.48789600329847843,0.3856330276549261,0.4377412316620471,0.7982761478534726,0.8891330654572744,0.5955411176916763,0.9896907216494846,0.19174434087882822,0.32124930284439485,0.9993378945045244
adult,label_noise→outliers→imputation→balance,"('label_noise', 'outliers', 'imputation', 'balance')",random_forest,43,24129,38498,6033,8.499954223632812,False,0.8617603182496271,0.79678435272667,0.9246008847855357,0.06497596552295704,0.769770887400629,0.5927676509302244,0.770057247724565,0.1770032364704046,0.8397838455482295,0.8866783935479288,1.0558412122932486,-0.046894547999699276,0.769770887400629,0.5927676509302244,0.770057247724565,0.1770032364704046,0.7953344679410936,0.5971445658188853,0.7508093637193061,0.19818990212220833,0.8053016453382084,0.9859154929577465,1.2242809867148408,-0.18061384761953814,0.5865512649800266,0.18641810918774968,0.3178206583427923,0.40013315579227693,0.6787365177195686,0.3135498320268757,0.46196104650497694,0.36518668569269286,0.6055205679015178,0.3787941194628776,0.6255677173372002,0.22672644843864015,0.9160325040018737,0.48563682176431566,0.5301523904912901,0.4303956822375581,0.9529905098212316,0.9991171926726992,1.0484020379805465,-0.04612668285146759,0.7476481719696797,0.4315710114396206,0.5772381015827892,0.3160771605300591,0.5927676509302244,0.5971445658188853,0.48563682176431566,0.3787941194628776,0.4315710114396206,0.79678435272667,0.8866783935479288,0.5927676509302244,0.9859154929577465,0.18641810918774968,0.3135498320268757,0.9991171926726992
adult,label_noise→outliers→balance→imputation,"('label_noise', 'outliers', 'balance', 'imputation')",random_forest,43,24129,38498,6033,5.41267991065979,False,0.8617603182496271,0.7989391679098292,0.9271013656472398,0.06282115033979785,0.769770887400629,0.5968726756144459,0.7753900353778931,0.17289821178618314,0.8397838455482295,0.88947781959107,1.0591747201452764,-0.04969397404284048,0.769770887400629,0.5968726756144459,0.7753900353778931,0.17289821178618314,0.7953344679410936,0.6034317916493731,0.758714498079651,0.19190267629172053,0.8053016453382084,0.9898305084745763,1.2291425383327883,-0.18452886313636796,0.5865512649800266,0.19440745672436752,0.3314415437003405,0.3921438082556591,0.6787365177195686,0.3249860879243183,0.47881037698724765,0.35375042979525023,0.6055205679015178,0.38848299049645624,0.6415686123475154,0.21703757740506152,0.9160325040018737,0.49663503175784746,0.5421587439181433,0.4193974722440263,0.9529905098212316,0.9993378945045244,1.048633626679018,-0.0463473846832928,0.7476481719696797,0.4407706188925356,0.5895428296592032,0.3068775530771441,0.5968726756144459,0.6034317916493731,0.49663503175784746,0.38848299049645624,0.4407706188925356,0.7989391679098292,0.88947781959107,0.5968726756144459,0.9898305084745763,0.19440745672436752,0.3249860879243183,0.9993378945045244
adult,label_noise→balance→imputation→outliers,"('label_noise', 'balance', 'imputation', 'outliers')",random_forest,43,24129,38573,6033,5.615186929702759,False,0.8617603182496271,0.7972816177689375,0.9251779188305442,0.0644787004806896,0.769770887400629,0.5946564736314208,0.7725109943290573,0.17511441376920822,0.8397838455482295,0.8805675514411802,1.0485645277759852,-0.04078370589295066,0.769770887400629,0.5946564736314208,0.7725109943290573,0.17511441376920822,0.7953344679410936,0.6001624741856416,0.7546038784654968,0.19517199375545202,0.8053016453382084,0.9728813559322034,1.2080955770599666,-0.167579710593995,0.5865512649800266,0.1910785619174434,0.3257661748013621,0.3954727030625832,0.6787365177195686,0.31942125765164164,0.47061156916212354,0.3593152600679269,0.6055205679015178,0.37959548152193,0.6268911439911116,0.22592508637958775,0.9160325040018737,0.4936559978441163,0.5389066388883363,0.42237650615775746,0.9529905098212316,0.9982343853453983,1.0474756831866603,-0.045243875524166755,0.7476481719696797,0.43673927097107007,0.5841507909000568,0.3109089009986096,0.5946564736314208,0.6001624741856416,0.4936559978441163,0.37959548152193,0.43673927097107007,0.7972816177689375,0.8805675514411802,0.5946564736314208,0.9728813559322034,0.1910785619174434,0.31942125765164164,0.9982343853453983
adult,label_noise→balance→outliers→imputation,"('label_noise', 'balance', 'outliers', 'imputation')",random_forest,43,24129,38573,6033,5.616215229034424,False,0.8617603182496271,0.7972816177689375,0.9251779188305442,0.0644787004806896,0.769770887400629,0.5946564736314208,0.7725109943290573,0.17511441376920822,0.8397838455482295,0.8805675514411802,1.0485645277759852,-0.04078370589295066,0.769770887400629,0.5946564736314208,0.7725109943290573,0.17511441376920822,0.7953344679410936,0.6001624741856416,0.7546038784654968,0.19517199375545202,0.8053016453382084,0.9728813559322034,1.2080955770599666,-0.167579710593995,0.5865512649800266,0.1910785619174434,0.3257661748013621,0.3954727030625832,0.6787365177195686,0.31942125765164164,0.47061156916212354,0.3593152600679269,0.6055205679015178,0.37959548152193,0.6268911439911116,0.22592508637958775,0.9160325040018737,0.4936559978441163,0.5389066388883363,0.42237650615775746,0.9529905098212316,0.9982343853453983,1.0474756831866603,-0.045243875524166755,0.7476481719696797,0.43673927097107007,0.5841507909000568,0.3109089009986096,0.5946564736314208,0.6001624741856416,0.4936559978441163,0.37959548152193,0.43673927097107007,0.7972816177689375,0.8805675514411802,0.5946564736314208,0.9728813559322034,0.1910785619174434,0.31942125765164164,0.9982343853453983
adult,outliers→imputation→label_noise→balance,"('outliers', 'imputation', 'label_noise', 'balance')",random_forest,43,24129,38381,6033,8.357815027236938,False,0.8617603182496271,0.8012597381070777,0.9297941911906136,0.06050058014254933,0.769770887400629,0.6019782054736993,0.7820225671387314,0.16779268192692975,0.8397838455482295,0.8876421501820864,1.0569888369341207,-0.047858304633856874,0.769770887400629,0.6019782054736993,0.7820225671387314,0.16779268192692975,0.7953344679410936,0.6112148703895851,0.7685004171538743,0.18411959755150853,0.8053016453382084,0.9840255591054313,1.2219341222035662,-0.17872391376722296,0.5865512649800266,0.20505992010652463,0.3496027241770715,0.381491344873502,0.6787365177195686,0.3393939393939394,0.5000378357926599,0.33934257832562914,0.6055205679015178,0.3976483413345787,0.6567049286412555,0.20787222656693904,0.9160325040018737,0.505808337357003,0.5521729143313985,0.4102241666448707,0.9529905098212316,0.998896490840874,1.048170449282075,-0.04590598101964238,0.7476481719696797,0.4525854997749237,0.605345557901368,0.295062672194756,0.6019782054736993,0.6112148703895851,0.505808337357003,0.3976483413345787,0.4525854997749237,0.8012597381070777,0.8876421501820864,0.6019782054736993,0.9840255591054313,0.20505992010652463,0.3393939393939394,0.998896490840874
adult,outliers→imputation→balance→label_noise,"('outliers', 'imputation', 'balance', 'label_noise')",random_forest,43,24129,33490,6033,9.46609616279602,False,0.8617603182496271,0.8305983756008619,0.9638391998461242,0.03116194264876515,0.769770887400629,0.7016242009109608,0.9114714681925855,0.06814668648966826,0.8397838455482295,0.8096383356290133,0.9641032509984322,0.030145509919216162,0.769770887400629,0.7016242009109608,0.9114714681925855,0.06814668648966826,0.7953344679410936,0.7306539241002672,0.9186750399385218,0.06468054384082644,0.8053016453382084,0.780373831775701,0.9690453711266934,0.024927813562507395,0.5865512649800266,0.4447403462050599,0.7582292849035187,0.1418109187749667,0.6787365177195686,0.5665818490245971,0.8347596368149002,0.11215466869497148,0.6055205679015178,0.49972225082579497,0.8252770877092157,0.10579831707572279,0.9160325040018737,0.80617566925406,0.8800732132671255,0.10985683474781371,0.9529905098212316,0.9585080556168616,1.0057897174617878,-0.005517545795630019,0.7476481719696797,0.6529067349134805,0.8732807213229683,0.0947414370561992,0.7016242009109608,0.7306539241002672,0.80617566925406,0.49972225082579497,0.6529067349134805,0.8305983756008619,0.8096383356290133,0.7016242009109608,0.780373831775701,0.4447403462050599,0.5665818490245971,0.9585080556168616
adult,outliers→label_noise→imputation→balance,"('outliers', 'label_noise', 'imputation', 'balance')",random_forest,43,24129,38311,6033,8.446779727935791,False,0.8617603182496271,0.8012597381070777,0.9297941911906136,0.06050058014254933,0.769770887400629,0.6017556669089195,0.7817334699951238,0.16801522049170958,0.8397838455482295,0.8891476008995574,1.058781501469705,-0.049363755351327865,0.769770887400629,0.6017556669089195,0.7817334699951238,0.16801522049170958,0.7953344679410936,0.6108619063991011,0.7680566240017961,0.18447256154199254,0.8053016453382084,0.9871382636655949,1.2257993875711246,-0.1818366183273865,0.5865512649800266,0.20439414114513982,0.34846765039727584,0.3821571238348868,0.6787365177195686,0.33866519580805293,0.49896415909063874,0.3400713219115156,0.6055205679015178,0.3979847919483381,0.6572605672629548,0.20753577595317968,0.9160325040018737,0.5138965745958968,0.5610025543316808,0.402135929405977,0.9529905098212316,0.9991171926726992,1.0484020379805465,-0.04612668285146759,0.7476481719696797,0.45190010013240706,0.6044288170221508,0.29574807183727264,0.6017556669089195,0.6108619063991011,0.5138965745958968,0.3979847919483381,0.45190010013240706,0.8012597381070777,0.8891476008995574,0.6017556669089195,0.9871382636655949,0.20439414114513982,0.33866519580805293,0.9991171926726992
adult,outliers→label_noise→balance→imputation,"('outliers', 'label_noise', 'balance', 'imputation')",random_forest,43,24129,38311,6033,5.393657207489014,False,0.8617603182496271,0.8019227581634344,0.9305635699172917,0.059837560086192676,0.769770887400629,0.6033097633964689,0.7837523778454809,0.16646112400416013,0.8397838455482295,0.8880197928003302,1.057438527196973,-0.048235947252100675,0.769770887400629,0.6033097633964689,0.7837523778454809,0.16646112400416013,0.7953344679410936,0.6132130655384836,0.771012813170196,0.18212140240261,0.8053016453382084,0.9842271293375394,1.2221844262148334,-0.17892548399933106,0.5865512649800266,0.20772303595206393,0.3541430192962543,0.3788282290279627,0.6787365177195686,0.34304562946673994,0.5054179648670016,0.3356908882528286,0.6055205679015178,0.40043093280788894,0.6613002993368431,0.20508963509362882,0.9160325040018737,0.5211931064620379,0.5689679178250773,0.3948393975398359,0.9529905098212316,0.998896490840874,1.048170449282075,-0.04590598101964238,0.7476481719696797,0.4555148863421802,0.6092636930310762,0.2921332856274995,0.6033097633964689,0.6132130655384836,0.5211931064620379,0.40043093280788894,0.4555148863421802,0.8019227581634344,0.8880197928003302,0.6033097633964689,0.9842271293375394,0.20772303595206393,0.34304562946673994,0.998896490840874
adult,outliers→balance→imputation→label_noise,"('outliers', 'balance', 'imputation', 'label_noise')",random_forest,43,24129,33490,6033,6.123926639556885,False,0.8617603182496271,0.8354052710094481,0.9694171956145413,0.026355047240179008,0.769770887400629,0.7157287671466368,0.929794538688671,0.05404212025399224,0.8397838455482295,0.8107273169802536,0.9653999910548325,0.029056528567975914,0.769770887400629,0.7157287671466368,0.929794538688671,0.05404212025399224,0.7953344679410936,0.74391695972442,0.9353510877633913,0.05141750821667368,0.8053016453382084,0.7751351351351351,0.9625401110531644,0.03016651020307326,0.5865512649800266,0.4773635153129161,0.8138479001135074,0.10918774966711053,0.6787365177195686,0.5908529048207664,0.8705188086916625,0.0878836128988022,0.6055205679015178,0.5178139473244511,0.8551550100419854,0.08770662057706669,0.9160325040018737,0.8163510228839295,0.8911812837618037,0.09968148111794428,0.9529905098212316,0.9540940189803575,1.0011579434923574,-0.0011035091591259372,0.7476481719696797,0.674870117014742,0.9026573491603626,0.07277805495493772,0.7157287671466368,0.74391695972442,0.8163510228839295,0.5178139473244511,0.674870117014742,0.8354052710094481,0.8107273169802536,0.7157287671466368,0.7751351351351351,0.4773635153129161,0.5908529048207664,0.9540940189803575
adult,outliers→balance→label_noise→imputation,"('outliers', 'balance', 'label_noise', 'imputation')",random_forest,43,24129,33490,6033,6.803866863250732,False,0.8617603182496271,0.8354052710094481,0.9694171956145413,0.026355047240179008,0.769770887400629,0.7157287671466368,0.929794538688671,0.05404212025399224,0.8397838455482295,0.8107273169802536,0.9653999910548325,0.029056528567975914,0.769770887400629,0.7157287671466368,0.929794538688671,0.05404212025399224,0.7953344679410936,0.74391695972442,0.9353510877633913,0.05141750821667368,0.8053016453382084,0.7751351351351351,0.9625401110531644,0.03016651020307326,0.5865512649800266,0.4773635153129161,0.8138479001135074,0.10918774966711053,0.6787365177195686,0.5908529048207664,0.8705188086916625,0.0878836128988022,0.6055205679015178,0.5178139473244511,0.8551550100419854,0.08770662057706669,0.9160325040018737,0.8163510228839295,0.8911812837618037,0.09968148111794428,0.9529905098212316,0.9540940189803575,1.0011579434923574,-0.0011035091591259372,0.7476481719696797,0.674870117014742,0.9026573491603626,0.07277805495493772,0.7157287671466368,0.74391695972442,0.8163510228839295,0.5178139473244511,0.674870117014742,0.8354052710094481,0.8107273169802536,0.7157287671466368,0.7751351351351351,0.4773635153129161,0.5908529048207664,0.9540940189803575
adult,balance→imputation→label_noise→outliers,"('balance', 'imputation', 'label_noise', 'outliers')",random_forest,43,24129,33464,6033,6.605729103088379,False,0.8617603182496271,0.8304326205867727,0.9636468551644546,0.03132769766285437,0.769770887400629,0.6997335414768098,0.9090153355106451,0.07003734592381927,0.8397838455482295,0.8113037252958453,0.9660863680536844,0.028480120252384222,0.769770887400629,0.6997335414768098,0.9090153355106451,0.07003734592381927,0.7953344679410936,0.7290829208512414,0.9166997662488341,0.06625154708985226,0.8053016453382084,0.7847800237812128,0.9745168513242303,0.02052162155699555,0.5865512649800266,0.4394141145139814,0.7491486946651533,0.14713715046604525,0.6787365177195686,0.5633802816901409,0.8300426851689022,0.11535623602942768,0.6055205679015178,0.4987095167660753,0.8236045862065344,0.10681105113544248,0.9160325040018737,0.8067670972654426,0.8807188541246265,0.10926540673643115,0.9529905098212316,0.960052968439638,1.0074108383510885,-0.007062458618406486,0.7476481719696797,0.6495081408369128,0.8687350082402837,0.09814003113276693,0.6997335414768098,0.7290829208512414,0.8067670972654426,0.4987095167660753,0.6495081408369128,0.8304326205867727,0.8113037252958453,0.6997335414768098,0.7847800237812128,0.4394141145139814,0.5633802816901409,0.960052968439638
adult,balance→imputation→outliers→label_noise,"('balance', 'imputation', 'outliers', 'label_noise')",random_forest,43,24129,33464,6033,6.114461898803711,False,0.8617603182496271,0.8347422509530913,0.968647816887863,0.027018067296535775,0.769770887400629,0.7086112065395922,0.9205482022481241,0.06115968086103685,0.8397838455482295,0.8163702368972054,0.9721194819653394,0.023413608651024043,0.769770887400629,0.7086112065395922,0.9205482022481241,0.06115968086103685,0.7953344679410936,0.7383329030147461,0.9283300709022341,0.05700156492634756,0.8053016453382084,0.7905638665132336,0.9816990578495773,0.014737778824974734,0.5865512649800266,0.4573901464713715,0.7797956867196367,0.12916111850865514,0.6787365177195686,0.5795023196963307,0.8537956991666711,0.09923419802323785,0.6055205679015178,0.513802984936221,0.8485310197089561,0.09171758296529675,0.9160325040018737,0.8061744202756509,0.8800718498019606,0.10985808372622285,0.9529905098212316,0.9598322666078128,1.0071792496526168,-0.006841756786581277,0.7476481719696797,0.6625841991865608,0.8862245960435938,0.08506397278311895,0.7086112065395922,0.7383329030147461,0.8061744202756509,0.513802984936221,0.6625841991865608,0.8347422509530913,0.8163702368972054,0.7086112065395922,0.7905638665132336,0.4573901464713715,0.5795023196963307,0.9598322666078128
adult,balance→label_noise→imputation→outliers,"('balance', 'label_noise', 'imputation', 'outliers')",random_forest,43,24129,33464,6033,6.419533729553223,False,0.8617603182496271,0.8304326205867727,0.9636468551644546,0.03132769766285437,0.769770887400629,0.6997335414768098,0.9090153355106451,0.07003734592381927,0.8397838455482295,0.8113037252958453,0.9660863680536844,0.028480120252384222,0.769770887400629,0.6997335414768098,0.9090153355106451,0.07003734592381927,0.7953344679410936,0.7290829208512414,0.9166997662488341,0.06625154708985226,0.8053016453382084,0.7847800237812128,0.9745168513242303,0.02052162155699555,0.5865512649800266,0.4394141145139814,0.7491486946651533,0.14713715046604525,0.6787365177195686,0.5633802816901409,0.8300426851689022,0.11535623602942768,0.6055205679015178,0.4987095167660753,0.8236045862065344,0.10681105113544248,0.9160325040018737,0.8067670972654426,0.8807188541246265,0.10926540673643115,0.9529905098212316,0.960052968439638,1.0074108383510885,-0.007062458618406486,0.7476481719696797,0.6495081408369128,0.8687350082402837,0.09814003113276693,0.6997335414768098,0.7290829208512414,0.8067670972654426,0.4987095167660753,0.6495081408369128,0.8304326205867727,0.8113037252958453,0.6997335414768098,0.7847800237812128,0.4394141145139814,0.5633802816901409,0.960052968439638
adult,balance→label_noise→outliers→imputation,"('balance', 'label_noise', 'outliers', 'imputation')",random_forest,43,24129,33464,6033,6.46990180015564,False,0.8617603182496271,0.8304326205867727,0.9636468551644546,0.03132769766285437,0.769770887400629,0.6997335414768098,0.9090153355106451,0.07003734592381927,0.8397838455482295,0.8113037252958453,0.9660863680536844,0.028480120252384222,0.769770887400629,0.6997335414768098,0.9090153355106451,0.07003734592381927,0.7953344679410936,0.7290829208512414,0.9166997662488341,0.06625154708985226,0.8053016453382084,0.7847800237812128,0.9745168513242303,0.02052162155699555,0.5865512649800266,0.4394141145139814,0.7491486946651533,0.14713715046604525,0.6787365177195686,0.5633802816901409,0.8300426851689022,0.11535623602942768,0.6055205679015178,0.4987095167660753,0.8236045862065344,0.10681105113544248,0.9160325040018737,0.8067670972654426,0.8807188541246265,0.10926540673643115,0.9529905098212316,0.960052968439638,1.0074108383510885,-0.007062458618406486,0.7476481719696797,0.6495081408369128,0.8687350082402837,0.09814003113276693,0.6997335414768098,0.7290829208512414,0.8067670972654426,0.4987095167660753,0.6495081408369128,0.8304326205867727,0.8113037252958453,0.6997335414768098,0.7847800237812128,0.4394141145139814,0.5633802816901409,0.960052968439638
adult,balance→outliers→imputation→label_noise,"('balance', 'outliers', 'imputation', 'label_noise')",random_forest,43,24129,33464,6033,6.107754945755005,False,0.8617603182496271,0.8347422509530913,0.968647816887863,0.027018067296535775,0.769770887400629,0.7086112065395922,0.9205482022481241,0.06115968086103685,0.8397838455482295,0.8163702368972054,0.9721194819653394,0.023413608651024043,0.769770887400629,0.7086112065395922,0.9205482022481241,0.06115968086103685,0.7953344679410936,0.7383329030147461,0.9283300709022341,0.05700156492634756,0.8053016453382084,0.7905638665132336,0.9816990578495773,0.014737778824974734,0.5865512649800266,0.4573901464713715,0.7797956867196367,0.12916111850865514,0.6787365177195686,0.5795023196963307,0.8537956991666711,0.09923419802323785,0.6055205679015178,0.513802984936221,0.8485310197089561,0.09171758296529675,0.9160325040018737,0.8061744202756509,0.8800718498019606,0.10985808372622285,0.9529905098212316,0.9598322666078128,1.0071792496526168,-0.006841756786581277,0.7476481719696797,0.6625841991865608,0.8862245960435938,0.08506397278311895,0.7086112065395922,0.7383329030147461,0.8061744202756509,0.513802984936221,0.6625841991865608,0.8347422509530913,0.8163702368972054,0.7086112065395922,0.7905638665132336,0.4573901464713715,0.5795023196963307,0.9598322666078128
adult,balance→outliers→label_noise→imputation,"('balance', 'outliers', 'label_noise', 'imputation')",random_forest,43,24129,33464,6033,6.234384059906006,False,0.8617603182496271,0.8347422509530913,0.968647816887863,0.027018067296535775,0.769770887400629,0.7086112065395922,0.9205482022481241,0.06115968086103685,0.8397838455482295,0.8163702368972054,0.9721194819653394,0.023413608651024043,0.769770887400629,0.7086112065395922,0.9205482022481241,0.06115968086103685,0.7953344679410936,0.7383329030147461,0.9283300709022341,0.05700156492634756,0.8053016453382084,0.7905638665132336,0.9816990578495773,0.014737778824974734,0.5865512649800266,0.4573901464713715,0.7797956867196367,0.12916111850865514,0.6787365177195686,0.5795023196963307,0.8537956991666711,0.09923419802323785,0.6055205679015178,0.513802984936221,0.8485310197089561,0.09171758296529675,0.9160325040018737,0.8061744202756509,0.8800718498019606,0.10985808372622285,0.9529905098212316,0.9598322666078128,1.0071792496526168,-0.006841756786581277,0.7476481719696797,0.6625841991865608,0.8862245960435938,0.08506397278311895,0.7086112065395922,0.7383329030147461,0.8061744202756509,0.513802984936221,0.6625841991865608,0.8347422509530913,0.8163702368972054,0.7086112065395922,0.7905638665132336,0.4573901464713715,0.5795023196963307,0.9598322666078128
adult,imputation→label_noise→outliers→balance,"('imputation', 'label_noise', 'outliers', 'balance')",random_forest,44,24129,38469,6033,16.076026916503906,False,0.8491629371788496,0.789325377092657,0.9295334764786258,0.059837560086192565,0.7453614411271252,0.5784552399934053,0.7760734699646836,0.1669062011337199,0.8250463970324586,0.8765228551683286,1.062392197967316,-0.051476458135869985,0.7453614411271252,0.5784552399934053,0.7760734699646836,0.1669062011337199,0.7723119016273348,0.5746481182726658,0.7440622332270518,0.19766378335466894,0.7884990253411306,0.9714285714285714,1.2319971746424156,-0.18292954608744083,0.5386151797603196,0.1584553928095872,0.2941903584672435,0.3801597869507324,0.6400316455696202,0.2724670864338867,0.4257087728707451,0.36756455913573355,0.5648144913476061,0.34374520194605446,0.6085984110037679,0.22106928940155163,0.9071134757129536,0.4915649141099589,0.5419001340748567,0.41554856160299475,0.9521077024939307,0.9984550871772235,1.0486787204450625,-0.0463473846832928,0.7161142795182578,0.3977569522225823,0.5554378171179049,0.3183573272956755,0.5784552399934053,0.5746481182726658,0.4915649141099589,0.34374520194605446,0.3977569522225823,0.789325377092657,0.8765228551683286,0.5784552399934053,0.9714285714285714,0.1584553928095872,0.2724670864338867,0.9984550871772235
adult,imputation→label_noise→balance→outliers,"('imputation', 'label_noise', 'balance', 'outliers')",random_forest,44,24129,38537,6033,17.76882004737854,False,0.8491629371788496,0.7898226421349246,0.9301190708569198,0.05934029504392502,0.7453614411271252,0.5796764470002624,0.7777118791169071,0.16568499412686277,0.8250463970324586,0.8750600034584126,1.0606191440940096,-0.05001360642595398,0.7453614411271252,0.5796764470002624,0.7777118791169071,0.16568499412686277,0.7723119016273348,0.5766580070711176,0.7466646646983482,0.19565389455621718,0.7884990253411306,0.968,1.2276489493201483,-0.17950097465886938,0.5386151797603196,0.1611185086551265,0.29913473423980225,0.3774966711051931,0.6400316455696202,0.2762557077625571,0.43162820100355026,0.36377593780706313,0.5648144913476061,0.3457365961970034,0.612124160221352,0.21907789515060266,0.9071134757129536,0.47112604366839944,0.5193683660118861,0.4359874320445542,0.9521077024939307,0.9982343853453983,1.0484469170143718,-0.04612668285146759,0.7161142795182578,0.4010411892251436,0.560024008311817,0.3150730902931142,0.5796764470002624,0.5766580070711176,0.47112604366839944,0.3457365961970034,0.4010411892251436,0.7898226421349246,0.8750600034584126,0.5796764470002624,0.968,0.1611185086551265,0.2762557077625571,0.9982343853453983
adult,imputation→outliers→label_noise→balance,"('imputation', 'outliers', 'label_noise', 'balance')",random_forest,44,24129,38278,6033,15.861459970474243,False,0.8491629371788496,0.7959555776562242,0.9373414015225455,0.05320735952262545,0.7453614411271252,0.5924384349154412,0.7948337574580784,0.15292300621168398,0.8250463970324586,0.8764960303353477,1.062359684846748,-0.0514496333028891,0.7453614411271252,0.5924384349154412,0.7948337574580784,0.15292300621168398,0.7723119016273348,0.5968062414760801,0.772752873830576,0.17550566015125468,0.7884990253411306,0.9656357388316151,1.2246505167382413,-0.17713671349048454,0.5386151797603196,0.1870838881491345,0.3473423980222497,0.3515312916111851,0.6400316455696202,0.31344116006692696,0.4897275974346053,0.32659048550269326,0.5648144913476061,0.37310965571036103,0.6605879654754407,0.19170483563724505,0.9071134757129536,0.4912093960792658,0.5415082117407588,0.41590407963368786,0.9521077024939307,0.9977929816817479,1.04798331015299,-0.045685279187817174,0.7161142795182578,0.43205438382330935,0.603331613655239,0.28405989569494844,0.5924384349154412,0.5968062414760801,0.4912093960792658,0.37310965571036103,0.43205438382330935,0.7959555776562242,0.8764960303353477,0.5924384349154412,0.9656357388316151,0.1870838881491345,0.31344116006692696,0.9977929816817479
adult,imputation→outliers→balance→label_noise,"('imputation', 'outliers', 'balance', 'label_noise')",random_forest,44,24129,33440,6033,17.932312965393066,False,0.8491629371788496,0.8276147853472567,0.9746242436072614,0.021548151831592866,0.7453614411271252,0.712322582616983,0.9556740439105874,0.03303885851014221,0.8250463970324586,0.7898958964461547,0.957395728636918,0.03515050058630398,0.7453614411271252,0.712322582616983,0.9556740439105874,0.03303885851014221,0.7723119016273348,0.7368622359110628,0.9540992885884885,0.03544966571627195,0.7884990253411306,0.7338056680161943,0.9306361129599695,0.0546933573249363,0.5386151797603196,0.4826897470039947,0.8961681087762671,0.05592543275632489,0.6400316455696202,0.5823293172690763,0.9098445698740575,0.05770232830054389,0.5648144913476061,0.49619127531029,0.8785030889105092,0.06862321603731608,0.9071134757129536,0.8064058486279311,0.8889801223536333,0.10070762708502257,0.9521077024939307,0.9419554182299713,0.9893370421882244,0.010152284263959421,0.7161142795182578,0.674293869551301,0.941600927166136,0.041820409966956795,0.712322582616983,0.7368622359110628,0.8064058486279311,0.49619127531029,0.674293869551301,0.8276147853472567,0.7898958964461547,0.712322582616983,0.7338056680161943,0.4826897470039947,0.5823293172690763,0.9419554182299713
adult,imputation→balance→label_noise→outliers,"('imputation', 'balance', 'label_noise', 'outliers')",random_forest,44,24129,33464,6033,19.020209074020386,False,0.8491629371788496,0.827780540361346,0.9748194417333594,0.021382396817503646,0.7453614411271252,0.7093173936259782,0.9516421892623776,0.03604404750114698,0.8250463970324586,0.7927522510432666,0.9608577819316003,0.032294145989192,0.7453614411271252,0.7093173936259782,0.9516421892623776,0.03604404750114698,0.7723119016273348,0.7348205350685688,0.9514556664480139,0.03749136655876595,0.7884990253411306,0.7413972888425443,0.9402640523516075,0.04710173649858629,0.5386151797603196,0.4733688415446072,0.8788627935723115,0.06524633821571241,0.6400316455696202,0.5778138967899228,0.9027895742181241,0.062217748779697435,0.5648144913476061,0.49508842913772344,0.8765505076834672,0.06972606220988264,0.9071134757129536,0.801276441240268,0.883325474368571,0.10583703447268566,0.9521077024939307,0.9452659457073493,0.992814093648586,0.006841756786581388,0.7161142795182578,0.6689240955975914,0.9341024396938264,0.04719018392066643,0.7093173936259782,0.7348205350685688,0.801276441240268,0.49508842913772344,0.6689240955975914,0.827780540361346,0.7927522510432666,0.7093173936259782,0.7413972888425443,0.4733688415446072,0.5778138967899228,0.9452659457073493
adult,imputation→balance→outliers→label_noise,"('imputation', 'balance', 'outliers', 'label_noise')",random_forest,44,24129,33464,6033,17.75681471824646,False,0.8491629371788496,0.8291065804740594,0.9763810267421433,0.020056356704790224,0.7453614411271252,0.7146509722488753,0.9587978835720158,0.030710468878249908,0.8250463970324586,0.7923616195101411,0.9603843157913557,0.032684777522317576,0.7453614411271252,0.7146509722488753,0.9587978835720158,0.030710468878249908,0.7723119016273348,0.7393716508385811,0.9573485133152223,0.03294025078875362,0.7884990253411306,0.7376387487386479,0.9354973500690392,0.05086027660248271,0.5386151797603196,0.4866844207723036,0.9035846724351051,0.05193075898801597,0.6400316455696202,0.5864420377055756,0.9162703778242862,0.05358960786404465,0.5648144913476061,0.5010217794711423,0.887055461830912,0.06379271187646374,0.9071134757129536,0.7895920278148962,0.8704446014257583,0.11752144789805741,0.9521077024939307,0.9426175237254469,0.9900324524802967,0.009490178768483792,0.7161142795182578,0.6773162212321083,0.9458214151067487,0.03879805828614946,0.7146509722488753,0.7393716508385811,0.7895920278148962,0.5010217794711423,0.6773162212321083,0.8291065804740594,0.7923616195101411,0.7146509722488753,0.7376387487386479,0.4866844207723036,0.5864420377055756,0.9426175237254469
adult,label_noise→imputation→outliers→balance,"('label_noise', 'imputation', 'outliers', 'balance')",random_forest,44,24129,38253,6033,16.40441393852234,False,0.8491629371788496,0.7944637825294215,0.9355846183876635,0.054699154649428094,0.7453614411271252,0.5885522753300902,0.7896199653688681,0.15680916579703497,0.8250463970324586,0.8819144392211239,1.0689270838503255,-0.05686804218866526,0.7453614411271252,0.5885522753300902,0.7896199653688681,0.15680916579703497,0.7723119016273348,0.5906482284033305,0.7647793943855824,0.18166367322400423,0.7884990253411306,0.9781021897810219,1.240460873566537,-0.18960316443989134,0.5386151797603196,0.17842876165113183,0.33127317676143386,0.3601864181091877,0.6400316455696202,0.30180180180180183,0.4715419993541131,0.3382298437678184,0.5648144913476061,0.3678009927906449,0.6511890159069725,0.1970134985569612,0.9071134757129536,0.5202449849108715,0.5735169841920609,0.3868684908020822,0.9521077024939307,0.9986757890090487,1.0489105238757532,-0.04656808651511801,0.7161142795182578,0.42212851635947507,0.5894708825572478,0.2939857631587827,0.5885522753300902,0.5906482284033305,0.5202449849108715,0.3678009927906449,0.42212851635947507,0.7944637825294215,0.8819144392211239,0.5885522753300902,0.9781021897810219,0.17842876165113183,0.30180180180180183,0.9986757890090487
adult,label_noise→imputation→balance→outliers,"('label_noise', 'imputation', 'balance', 'outliers')",random_forest,44,24129,38339,6033,17.723191261291504,False,0.8491629371788496,0.7942980275153323,0.9353894202615655,0.054864909663517314,0.7453614411271252,0.5891095401085171,0.790367609059135,0.15625190101860809,0.8250463970324586,0.8752001470013215,1.0607890055023048,-0.050153749968862904,0.7453614411271252,0.5891095401085171,0.790367609059135,0.15625190101860809,0.7723119016273348,0.5916487138053653,0.7660748365507577,0.18066318782196944,0.7884990253411306,0.9644128113879004,1.2230995605488082,-0.17591378604676977,0.5386151797603196,0.1804260985352863,0.33498145859085293,0.3581890812250333,0.6400316455696202,0.3039820527201346,0.47494847297682347,0.3360495928494856,0.5648144913476061,0.3656988517779938,0.6474671903432632,0.19911563956961226,0.9071134757129536,0.5156339770323156,0.5684338187425213,0.391479498680638,0.9521077024939307,0.9977929816817479,1.04798331015299,-0.045685279187817174,0.7161142795182578,0.4242969418116611,0.5924989264242753,0.2918173377065967,0.5891095401085171,0.5916487138053653,0.5156339770323156,0.3656988517779938,0.4242969418116611,0.7942980275153323,0.8752001470013215,0.5891095401085171,0.9644128113879004,0.1804260985352863,0.3039820527201346,0.9977929816817479
adult,label_noise→outliers→imputation→balance,"('label_noise', 'outliers', 'imputation', 'balance')",random_forest,44,24129,38253,6033,16.185552835464478,False,0.8491629371788496,0.7936350074589756,0.9346086277571736,0.05552792971987397,0.7453614411271252,0.587110366491408,0.7876854558019367,0.1582510746357172,0.8250463970324586,0.8796568944516241,1.066190819832181,-0.05461049741916546,0.7453614411271252,0.587110366491408,0.7876854558019367,0.1582510746357172,0.7723119016273348,0.5884221744510216,0.7618970693202578,0.18388972717631313,0.7884990253411306,0.974169741697417,1.2354736155519777,-0.1856707163562864,0.5386151797603196,0.17576564580559254,0.3263288009888751,0.3628495339547271,0.6400316455696202,0.29780033840947545,0.4652900219401446,0.34223130716014477,0.5648144913476061,0.3637144551247355,0.6439538303221283,0.2011000362228706,0.9071134757129536,0.5265034687803888,0.5804163237312496,0.38061000693256486,0.9521077024939307,0.9984550871772235,1.0486787204450625,-0.0463473846832928,0.7161142795182578,0.4189201632836308,0.5849906575881233,0.297194116234627,0.587110366491408,0.5884221744510216,0.5265034687803888,0.3637144551247355,0.4189201632836308,0.7936350074589756,0.8796568944516241,0.587110366491408,0.974169741697417,0.17576564580559254,0.29780033840947545,0.9984550871772235
adult,label_noise→outliers→balance→imputation,"('label_noise', 'outliers', 'balance', 'imputation')",random_forest,44,24129,38253,6033,8.395538806915283,False,0.8491629371788496,0.7946295375435107,0.9357798165137615,0.054533399635338875,0.7453614411271252,0.5895527805051222,0.7909622741063834,0.15580866062200305,0.8250463970324586,0.8770664327184355,1.063051042793573,-0.052020035685976906,0.7453614411271252,0.5895527805051222,0.7909622741063834,0.15580866062200305,0.7723119016273348,0.5923068141860175,0.7669269539132708,0.18000508744131727,0.7884990253411306,0.9679715302491103,1.2276128430600584,-0.17947250490797972,0.5386151797603196,0.1810918774966711,0.3362175525339926,0.3575233022636485,0.6400316455696202,0.3051037577117218,0.47670105036788185,0.3349278878578984,0.5648144913476061,0.36751787703502786,0.6506877614952071,0.19729661431257822,0.9071134757129536,0.5101566189537322,0.5623955906429129,0.39695685675922143,0.9521077024939307,0.9980136835135731,1.048215113583681,-0.04590598101964238,0.7161142795182578,0.4251260656732794,0.5936567358484582,0.2909882138449784,0.5895527805051222,0.5923068141860175,0.5101566189537322,0.36751787703502786,0.4251260656732794,0.7946295375435107,0.8770664327184355,0.5895527805051222,0.9679715302491103,0.1810918774966711,0.3051037577117218,0.9980136835135731
adult,label_noise→balance→imputation→outliers,"('label_noise', 'balance', 'imputation', 'outliers')",random_forest,44,24129,38339,6033,9.323863983154297,False,0.8491629371788496,0.7924747223603514,0.9332422408744877,0.05668821481849817,0.7453614411271252,0.5852252172561208,0.7851562811877568,0.16013622387100446,0.8250463970324586,0.8754032310261355,1.0610351541135155,-0.05035683399367685,0.7453614411271252,0.5852252172561208,0.7851562811877568,0.16013622387100446,0.7723119016273348,0.5855273728155084,0.7581488406196336,0.1867845288118264,0.7884990253411306,0.9664179104477612,1.2256424921129827,-0.17791888510663056,0.5386151797603196,0.17243675099866845,0.32014833127317677,0.36617842876165113,0.6400316455696202,0.29265536723163843,0.45725140195400615,0.3473762783379818,0.5648144913476061,0.3577363382316765,0.6333696173023885,0.2070781531159296,0.9071134757129536,0.5037607474592105,0.5553447952730229,0.40335272825374313,0.9521077024939307,0.9980136835135731,1.048215113583681,-0.04590598101964238,0.7161142795182578,0.41484242434603275,0.579296400324686,0.30127185517222504,0.5852252172561208,0.5855273728155084,0.5037607474592105,0.3577363382316765,0.41484242434603275,0.7924747223603514,0.8754032310261355,0.5852252172561208,0.9664179104477612,0.17243675099866845,0.29265536723163843,0.9980136835135731
adult,label_noise→balance→outliers→imputation,"('label_noise', 'balance', 'outliers', 'imputation')",random_forest,44,24129,38339,6033,8.717854022979736,False,0.8491629371788496,0.7924747223603514,0.9332422408744877,0.05668821481849817,0.7453614411271252,0.5852252172561208,0.7851562811877568,0.16013622387100446,0.8250463970324586,0.8754032310261355,1.0610351541135155,-0.05035683399367685,0.7453614411271252,0.5852252172561208,0.7851562811877568,0.16013622387100446,0.7723119016273348,0.5855273728155084,0.7581488406196336,0.1867845288118264,0.7884990253411306,0.9664179104477612,1.2256424921129827,-0.17791888510663056,0.5386151797603196,0.17243675099866845,0.32014833127317677,0.36617842876165113,0.6400316455696202,0.29265536723163843,0.45725140195400615,0.3473762783379818,0.5648144913476061,0.3577363382316765,0.6333696173023885,0.2070781531159296,0.9071134757129536,0.5037607474592105,0.5553447952730229,0.40335272825374313,0.9521077024939307,0.9980136835135731,1.048215113583681,-0.04590598101964238,0.7161142795182578,0.41484242434603275,0.579296400324686,0.30127185517222504,0.5852252172561208,0.5855273728155084,0.5037607474592105,0.3577363382316765,0.41484242434603275,0.7924747223603514,0.8754032310261355,0.5852252172561208,0.9664179104477612,0.17243675099866845,0.29265536723163843,0.9980136835135731
adult,outliers→imputation→label_noise→balance,"('outliers', 'imputation', 'label_noise', 'balance')",random_forest,44,24129,38293,6033,15.532778024673462,False,0.8491629371788496,0.7952925575998674,0.9365606090181535,0.05387037957898222,0.7453614411271252,0.5911068769926715,0.7930472980985009,0.1542545641344537,0.8250463970324586,0.8759825044175558,1.061737264193026,-0.05093610738509713,0.7453614411271252,0.5911068769926715,0.7930472980985009,0.1542545641344537,0.7723119016273348,0.59474947530814,0.7700897449009219,0.17756242631919472,0.7884990253411306,0.9651567944250871,1.224043103930951,-0.17665776908395647,0.5386151797603196,0.18442077230359522,0.34239802224969096,0.35419440745672437,0.6400316455696202,0.30967020681945223,0.4838357743137054,0.330361438750168,0.5648144913476061,0.37015992101450884,0.6553654813836917,0.19465457033309724,0.9071134757129536,0.4949734496577946,0.5456576965398579,0.41214002605515904,0.9521077024939307,0.9977929816817479,1.04798331015299,-0.045685279187817174,0.7161142795182578,0.4289682415760577,0.5990220469624372,0.2871460379422001,0.5911068769926715,0.59474947530814,0.4949734496577946,0.37015992101450884,0.4289682415760577,0.7952925575998674,0.8759825044175558,0.5911068769926715,0.9651567944250871,0.18442077230359522,0.30967020681945223,0.9977929816817479
adult,outliers→imputation→balance→label_noise,"('outliers', 'imputation', 'balance', 'label_noise')",random_forest,44,24129,33440,6033,21.028401851654053,False,0.8491629371788496,0.8289408254599702,0.9761858286160453,0.020222111718879443,0.7453614411271252,0.7089771572134674,0.9511857175511548,0.03638428391365778,0.8250463970324586,0.7965574318111016,0.9654698628782252,0.02848896522135702,0.7453614411271252,0.7089771572134674,0.9511857175511548,0.03638428391365778,0.7723119016273348,0.7352435992122526,0.9520034556803078,0.03706830241508219,0.7884990253411306,0.7494692144373672,0.9505011298056104,0.03902981090376334,0.5386151797603196,0.47003994673768307,0.872682323856613,0.06857523302263652,0.6400316455696202,0.5777414075286416,0.9026763153475933,0.06229023804097866,0.5648144913476061,0.49789046606823373,0.8815114939425571,0.06692402527937236,0.9071134757129536,0.7994173001436178,0.8812759611087344,0.10769617556933586,0.9521077024939307,0.9479143676892519,0.9955957348168752,0.004193334804678872,0.7161142795182578,0.6675010253928757,0.9321152286502581,0.04861325412538209,0.7089771572134674,0.7352435992122526,0.7994173001436178,0.49789046606823373,0.6675010253928757,0.8289408254599702,0.7965574318111016,0.7089771572134674,0.7494692144373672,0.47003994673768307,0.5777414075286416,0.9479143676892519
adult,outliers→label_noise→imputation→balance,"('outliers', 'label_noise', 'imputation', 'balance')",random_forest,44,24129,38107,6033,17.69289493560791,False,0.8491629371788496,0.7979446378252942,0.9396837790357213,0.051218299353555374,0.7453614411271252,0.5964331086837501,0.8001931355368105,0.1489283324433751,0.8250463970324586,0.8780009676360306,1.064183748688607,-0.052954570603572004,0.7453614411271252,0.5964331086837501,0.8001931355368105,0.1489283324433751,0.7723119016273348,0.6029272011578143,0.7806783760387341,0.16938470046952048,0.7884990253411306,0.966996699669967,1.2263765313490558,-0.17849767432883645,0.5386151797603196,0.19507323568575233,0.3621755253399258,0.3435419440745673,0.6400316455696202,0.32465373961218835,0.5072463867364723,0.31537790595743187,0.5648144913476061,0.38184713378318325,0.6760576076441026,0.18296735756442284,0.9071134757129536,0.5324744672078514,0.5869987399198855,0.37463900850510223,0.9521077024939307,0.9977929816817479,1.04798331015299,-0.045685279187817174,0.7161142795182578,0.4411833014532544,0.6160794639509855,0.2749309780650034,0.5964331086837501,0.6029272011578143,0.5324744672078514,0.38184713378318325,0.4411833014532544,0.7979446378252942,0.8780009676360306,0.5964331086837501,0.966996699669967,0.19507323568575233,0.32465373961218835,0.9977929816817479
adult,outliers→label_noise→balance→imputation,"('outliers', 'label_noise', 'balance', 'imputation')",random_forest,44,24129,38107,6033,10.06525206565857,False,0.8491629371788496,0.7986076578816509,0.9404645715401132,0.05055527929719872,0.7453614411271252,0.5979872051712997,0.8022781595289283,0.14737423595582555,0.8250463970324586,0.8770294383043971,1.0630062036012906,-0.051983041271938424,0.7453614411271252,0.5979872051712997,0.8022781595289283,0.14737423595582555,0.7723119016273348,0.6053105769740744,0.7837644036025178,0.16700132465326034,0.7884990253411306,0.9644012944983819,1.2230849544565388,-0.17590226915725127,0.5386151797603196,0.19840213049267644,0.3683559950556242,0.3402130492676432,0.6400316455696202,0.3290999447818885,0.5141932388186737,0.31093170078773175,0.5648144913476061,0.3844167578384314,0.6806071085769083,0.1803977335091747,0.9071134757129536,0.516812204488035,0.5697326942275243,0.39030127122491864,0.9521077024939307,0.9975722798499228,1.0477515067222996,-0.045464577355992075,0.7161142795182578,0.4448825301612338,0.6212451600050677,0.271231749357024,0.5979872051712997,0.6053105769740744,0.516812204488035,0.3844167578384314,0.4448825301612338,0.7986076578816509,0.8770294383043971,0.5979872051712997,0.9644012944983819,0.19840213049267644,0.3290999447818885,0.9975722798499228
adult,outliers→balance→imputation→label_noise,"('outliers', 'balance', 'imputation', 'label_noise')",random_forest,44,24129,33440,6033,9.616468906402588,False,0.8491629371788496,0.8301011105585944,0.9775522154987313,0.01906182662025524,0.7453614411271252,0.7130876920965528,0.9567005384907374,0.03227374903057245,0.8250463970324586,0.7965230379788248,0.9654281757289928,0.02852335905363379,0.7453614411271252,0.7130876920965528,0.9567005384907374,0.03227374903057245,0.7723119016273348,0.7388668247726959,0.956694857629195,0.03344507685463882,0.7884990253411306,0.7471502590673575,0.9475601555044609,0.04134876627377304,0.5386151797603196,0.4800266311584554,0.8912237330037083,0.05858854860186419,0.6400316455696202,0.5845156059991893,0.9132604771112179,0.05551603957043094,0.5648144913476061,0.5027341636147925,0.8900872256575881,0.06208032773281358,0.9071134757129536,0.8037641123539834,0.8860678778057597,0.10334936335897027,0.9521077024939307,0.9461487530346502,0.993741307371349,0.005958949459280549,0.7161142795182578,0.6739262559761242,0.9410875823192435,0.04218802354213358,0.7130876920965528,0.7388668247726959,0.8037641123539834,0.5027341636147925,0.6739262559761242,0.8301011105585944,0.7965230379788248,0.7130876920965528,0.7471502590673575,0.4800266311584554,0.5845156059991893,0.9461487530346502
adult,outliers→balance→label_noise→imputation,"('outliers', 'balance', 'label_noise', 'imputation')",random_forest,44,24129,33440,6033,11.282169818878174,False,0.8491629371788496,0.8301011105585944,0.9775522154987313,0.01906182662025524,0.7453614411271252,0.7130876920965528,0.9567005384907374,0.03227374903057245,0.8250463970324586,0.7965230379788248,0.9654281757289928,0.02852335905363379,0.7453614411271252,0.7130876920965528,0.9567005384907374,0.03227374903057245,0.7723119016273348,0.7388668247726959,0.956694857629195,0.03344507685463882,0.7884990253411306,0.7471502590673575,0.9475601555044609,0.04134876627377304,0.5386151797603196,0.4800266311584554,0.8912237330037083,0.05858854860186419,0.6400316455696202,0.5845156059991893,0.9132604771112179,0.05551603957043094,0.5648144913476061,0.5027341636147925,0.8900872256575881,0.06208032773281358,0.9071134757129536,0.8037641123539834,0.8860678778057597,0.10334936335897027,0.9521077024939307,0.9461487530346502,0.993741307371349,0.005958949459280549,0.7161142795182578,0.6739262559761242,0.9410875823192435,0.04218802354213358,0.7130876920965528,0.7388668247726959,0.8037641123539834,0.5027341636147925,0.6739262559761242,0.8301011105585944,0.7965230379788248,0.7130876920965528,0.7471502590673575,0.4800266311584554,0.5845156059991893,0.9461487530346502
adult,balance→imputation→label_noise→outliers,"('balance', 'imputation', 'label_noise', 'outliers')",random_forest,44,24129,33464,6033,9.893908977508545,False,0.8491629371788496,0.8291065804740594,0.9763810267421433,0.020056356704790224,0.7453614411271252,0.7135382794249763,0.9573050604093144,0.03182316170214894,0.8250463970324586,0.7932293142147355,0.9614360078025147,0.03181708281772311,0.7453614411271252,0.7135382794249763,0.9573050604093144,0.03182316170214894,0.7723119016273348,0.738595064617422,0.9563429788679053,0.03371683700991279,0.7884990253411306,0.7400611620795107,0.9385695331193794,0.04843786326161992,0.5386151797603196,0.4833555259653795,0.8974042027194067,0.05525965379494008,0.6400316455696202,0.5847764800644382,0.913668072684116,0.05525516550518206,0.5648144913476061,0.5004625190136834,0.8860652952080186,0.06435197233392265,0.9071134757129536,0.8064805669245243,0.8890624916476563,0.10063290878842934,0.9521077024939307,0.943721032884573,0.9911914696337506,0.008386669609357744,0.7161142795182578,0.6753908321960804,0.9431327534069385,0.040723447322177364,0.7135382794249763,0.738595064617422,0.8064805669245243,0.5004625190136834,0.6753908321960804,0.8291065804740594,0.7932293142147355,0.7135382794249763,0.7400611620795107,0.4833555259653795,0.5847764800644382,0.943721032884573
adult,balance→imputation→outliers→label_noise,"('balance', 'imputation', 'outliers', 'label_noise')",random_forest,44,24129,33464,6033,9.506641149520874,False,0.8491629371788496,0.829769600530416,0.9771618192465353,0.019393336648433568,0.7453614411271252,0.7144247602181862,0.9584943905038112,0.030936680908938974,0.8250463970324586,0.7944466236159236,0.9629114513721933,0.03059977341653508,0.7453614411271252,0.7144247602181862,0.9584943905038112,0.030936680908938974,0.7723119016273348,0.7396092447740954,0.957656153188457,0.032702656853239365,0.7884990253411306,0.7420998980632009,0.9411551241197084,0.04639912727792972,0.5386151797603196,0.48468708388814913,0.899876390605686,0.053928095872170456,0.6400316455696202,0.5863874345549738,0.9161850646198849,0.05364421101464645,0.5648144913476061,0.5025401343809226,0.8897436982926883,0.062274356966683486,0.9071134757129536,0.8033317454164697,0.8855912373973766,0.10378173029648396,0.9521077024939307,0.9441624365482234,0.9916550764951322,0.007945265945707325,0.7161142795182578,0.6764786309169626,0.9446517829138126,0.039635648601295204,0.7144247602181862,0.7396092447740954,0.8033317454164697,0.5025401343809226,0.6764786309169626,0.829769600530416,0.7944466236159236,0.7144247602181862,0.7420998980632009,0.48468708388814913,0.5863874345549738,0.9441624365482234
adult,balance→label_noise→imputation→outliers,"('balance', 'label_noise', 'imputation', 'outliers')",random_forest,44,24129,33464,6033,9.789963006973267,False,0.8491629371788496,0.8291065804740594,0.9763810267421433,0.020056356704790224,0.7453614411271252,0.7135382794249763,0.9573050604093144,0.03182316170214894,0.8250463970324586,0.7932293142147355,0.9614360078025147,0.03181708281772311,0.7453614411271252,0.7135382794249763,0.9573050604093144,0.03182316170214894,0.7723119016273348,0.738595064617422,0.9563429788679053,0.03371683700991279,0.7884990253411306,0.7400611620795107,0.9385695331193794,0.04843786326161992,0.5386151797603196,0.4833555259653795,0.8974042027194067,0.05525965379494008,0.6400316455696202,0.5847764800644382,0.913668072684116,0.05525516550518206,0.5648144913476061,0.5004625190136834,0.8860652952080186,0.06435197233392265,0.9071134757129536,0.8064805669245243,0.8890624916476563,0.10063290878842934,0.9521077024939307,0.943721032884573,0.9911914696337506,0.008386669609357744,0.7161142795182578,0.6753908321960804,0.9431327534069385,0.040723447322177364,0.7135382794249763,0.738595064617422,0.8064805669245243,0.5004625190136834,0.6753908321960804,0.8291065804740594,0.7932293142147355,0.7135382794249763,0.7400611620795107,0.4833555259653795,0.5847764800644382,0.943721032884573
adult,balance→label_noise→outliers→imputation,"('balance', 'label_noise', 'outliers', 'imputation')",random_forest,44,24129,33464,6033,9.51974081993103,False,0.8491629371788496,0.8291065804740594,0.9763810267421433,0.020056356704790224,0.7453614411271252,0.7135382794249763,0.9573050604093144,0.03182316170214894,0.8250463970324586,0.7932293142147355,0.9614360078025147,0.03181708281772311,0.7453614411271252,0.7135382794249763,0.9573050604093144,0.03182316170214894,0.7723119016273348,0.738595064617422,0.9563429788679053,0.03371683700991279,0.7884990253411306,0.7400611620795107,0.9385695331193794,0.04843786326161992,0.5386151797603196,0.4833555259653795,0.8974042027194067,0.05525965379494008,0.6400316455696202,0.5847764800644382,0.913668072684116,0.05525516550518206,0.5648144913476061,0.5004625190136834,0.8860652952080186,0.06435197233392265,0.9071134757129536,0.8064805669245243,0.8890624916476563,0.10063290878842934,0.9521077024939307,0.943721032884573,0.9911914696337506,0.008386669609357744,0.7161142795182578,0.6753908321960804,0.9431327534069385,0.040723447322177364,0.7135382794249763,0.738595064617422,0.8064805669245243,0.5004625190136834,0.6753908321960804,0.8291065804740594,0.7932293142147355,0.7135382794249763,0.7400611620795107,0.4833555259653795,0.5847764800644382,0.943721032884573
adult,balance→outliers→imputation→label_noise,"('balance', 'outliers', 'imputation', 'label_noise')",random_forest,44,24129,33464,6033,9.410970211029053,False,0.8491629371788496,0.829769600530416,0.9771618192465353,0.019393336648433568,0.7453614411271252,0.7144247602181862,0.9584943905038112,0.030936680908938974,0.8250463970324586,0.7944466236159236,0.9629114513721933,0.03059977341653508,0.7453614411271252,0.7144247602181862,0.9584943905038112,0.030936680908938974,0.7723119016273348,0.7396092447740954,0.957656153188457,0.032702656853239365,0.7884990253411306,0.7420998980632009,0.9411551241197084,0.04639912727792972,0.5386151797603196,0.48468708388814913,0.899876390605686,0.053928095872170456,0.6400316455696202,0.5863874345549738,0.9161850646198849,0.05364421101464645,0.5648144913476061,0.5025401343809226,0.8897436982926883,0.062274356966683486,0.9071134757129536,0.8033317454164697,0.8855912373973766,0.10378173029648396,0.9521077024939307,0.9441624365482234,0.9916550764951322,0.007945265945707325,0.7161142795182578,0.6764786309169626,0.9446517829138126,0.039635648601295204,0.7144247602181862,0.7396092447740954,0.8033317454164697,0.5025401343809226,0.6764786309169626,0.829769600530416,0.7944466236159236,0.7144247602181862,0.7420998980632009,0.48468708388814913,0.5863874345549738,0.9441624365482234
adult,balance→outliers→label_noise→imputation,"('balance', 'outliers', 'label_noise', 'imputation')",random_forest,44,24129,33464,6033,10.657490968704224,False,0.8491629371788496,0.829769600530416,0.9771618192465353,0.019393336648433568,0.7453614411271252,0.7144247602181862,0.9584943905038112,0.030936680908938974,0.8250463970324586,0.7944466236159236,0.9629114513721933,0.03059977341653508,0.7453614411271252,0.7144247602181862,0.9584943905038112,0.030936680908938974,0.7723119016273348,0.7396092447740954,0.957656153188457,0.032702656853239365,0.7884990253411306,0.7420998980632009,0.9411551241197084,0.04639912727792972,0.5386151797603196,0.48468708388814913,0.899876390605686,0.053928095872170456,0.6400316455696202,0.5863874345549738,0.9161850646198849,0.05364421101464645,0.5648144913476061,0.5025401343809226,0.8897436982926883,0.062274356966683486,0.9071134757129536,0.8033317454164697,0.8855912373973766,0.10378173029648396,0.9521077024939307,0.9441624365482234,0.9916550764951322,0.007945265945707325,0.7161142795182578,0.6764786309169626,0.9446517829138126,0.039635648601295204,0.7144247602181862,0.7396092447740954,0.8033317454164697,0.5025401343809226,0.6764786309169626,0.829769600530416,0.7944466236159236,0.7144247602181862,0.7420998980632009,0.48468708388814913,0.5863874345549738,0.9441624365482234
adult,imputation→label_noise→outliers→balance,"('imputation', 'label_noise', 'outliers', 'balance')",random_forest,45,24129,38286,6033,21.033879041671753,False,0.8581137079396651,0.7994364329520968,0.9316206297083253,0.05867727498756836,0.7582190860945797,0.5985389597508626,0.7894010724971401,0.1596801263437171,0.8399763124771957,0.8850521584551359,1.0536632346750419,-0.04507584597794012,0.7582190860945797,0.5985389597508626,0.7894010724971401,0.1596801263437171,0.7863194759368555,0.6060386755001198,0.7707283032485731,0.18028080043673567,0.8123791102514507,0.9802631578947368,1.206657268170426,-0.16788404764328613,0.559254327563249,0.19840213049267644,0.3547619047619048,0.3608521970705726,0.6624605678233438,0.3300110741971207,0.49815957390708226,0.3324494936262231,0.5925820540707142,0.3895774076816745,0.6574235669229114,0.2030046463890397,0.9181788366633057,0.4939711812191263,0.5379901621499305,0.4242076554441794,0.9571838446259104,0.9986757890090487,1.04334793636154,-0.0414919443831383,0.7316482811984656,0.4451285254966816,0.6083914046344036,0.286519755701784,0.5985389597508626,0.6060386755001198,0.4939711812191263,0.3895774076816745,0.4451285254966816,0.7994364329520968,0.8850521584551359,0.5985389597508626,0.9802631578947368,0.19840213049267644,0.3300110741971207,0.9986757890090487
adult,imputation→label_noise→balance→outliers,"('imputation', 'label_noise', 'balance', 'outliers')",random_forest,45,24129,38373,6033,19.541287899017334,False,0.8581137079396651,0.801425493121167,0.9339385744639753,0.05668821481849817,0.7582190860945797,0.6027561720839513,0.7949630695642551,0.1554629140106284,0.8399763124771957,0.8847942356262071,1.0533561750293143,-0.04481792314901134,0.7582190860945797,0.6027561720839513,0.7949630695642551,0.1554629140106284,0.7863194759368555,0.612417282112773,0.7788402816591974,0.17390219382408245,0.8123791102514507,0.9779874213836478,1.2038559448936808,-0.1656083111321971,0.559254327563249,0.2070572569906791,0.37023809523809526,0.3521970705725699,0.6624605678233438,0.34175824175824177,0.5158922030350602,0.3207023260651021,0.5925820540707142,0.3976932621652977,0.6711193149258619,0.19488879190541647,0.9181788366633057,0.471703953325236,0.5137386470803714,0.4464748833380697,0.9571838446259104,0.9984550871772235,1.0431173622319574,-0.04127124255131309,0.7316482811984656,0.4546838149520008,0.6214513539308979,0.2769644662464648,0.6027561720839513,0.612417282112773,0.471703953325236,0.3976932621652977,0.4546838149520008,0.801425493121167,0.8847942356262071,0.6027561720839513,0.9779874213836478,0.2070572569906791,0.34175824175824177,0.9984550871772235
adult,imputation→outliers→label_noise→balance,"('imputation', 'outliers', 'label_noise', 'balance')",random_forest,45,24129,38181,6033,17.788846254348755,False,0.8581137079396651,0.8002652080225426,0.9325864400231795,0.05784849991712249,0.7582190860945797,0.6006484842838843,0.7921832822458915,0.15757060181069538,0.8399763124771957,0.882587580151478,1.0507291301448922,-0.04261126767428225,0.7582190860945797,0.6006484842838843,0.7921832822458915,0.15757060181069538,0.7863194759368555,0.6092693234524187,0.7748368724130972,0.17705015248443678,0.8123791102514507,0.9744408945686901,1.1994903392666971,-0.1620617843172394,0.559254327563249,0.20306258322237017,0.3630952380952381,0.35619174434087886,0.6624605678233438,0.33608815426997246,0.5073330709694346,0.3263724135533714,0.5925820540707142,0.3924632978920976,0.662293593260359,0.20011875617861657,0.9181788366633057,0.4717342226843279,0.5137716138161349,0.4464446139789778,0.9571838446259104,0.9982343853453983,1.042886788102375,-0.04105054071948788,0.7316482811984656,0.4502266684122915,0.6153594288157206,0.2814216127861741,0.6006484842838843,0.6092693234524187,0.4717342226843279,0.3924632978920976,0.4502266684122915,0.8002652080225426,0.882587580151478,0.6006484842838843,0.9744408945686901,0.20306258322237017,0.33608815426997246,0.9982343853453983
adult,imputation→outliers→balance→label_noise,"('imputation', 'outliers', 'balance', 'label_noise')",random_forest,45,24129,33465,6033,18.637092113494873,False,0.8581137079396651,0.8314271506713078,0.968900907861696,0.026686557268357336,0.7582190860945797,0.7137479608590738,0.9413479216613144,0.04447112523550589,0.8399763124771957,0.7999645323528866,0.9523655851600036,0.04001178012430917,0.7582190860945797,0.7137479608590738,0.9413479216613144,0.04447112523550589,0.7863194759368555,0.7401211547324567,0.9412473903824446,0.04619832120439882,0.8123791102514507,0.7539267015706806,0.9280478683620045,0.05845240868077006,0.559254327563249,0.4793608521970706,0.8571428571428572,0.07989347536617841,0.6624605678233438,0.5860805860805861,0.8847025989883134,0.07637998174275773,0.5925820540707142,0.5064259358306017,0.8546089648711649,0.08615611824011249,0.9181788366633057,0.8028442030209997,0.8743876148774719,0.115334633642306,0.9571838446259104,0.9481350695210771,0.9905464606871109,0.009048775104833373,0.7316482811984656,0.6741652875397488,0.9214335697412456,0.057482993658716786,0.7137479608590738,0.7401211547324567,0.8028442030209997,0.5064259358306017,0.6741652875397488,0.8314271506713078,0.7999645323528866,0.7137479608590738,0.7539267015706806,0.4793608521970706,0.5860805860805861,0.9481350695210771
adult,imputation→balance→label_noise→outliers,"('imputation', 'balance', 'label_noise', 'outliers')",random_forest,45,24129,33464,6033,19.005518198013306,False,0.8581137079396651,0.8334162108403779,0.971218852617346,0.024697497099287258,0.7582190860945797,0.7166299418034836,0.9451489087338693,0.04158914429109606,0.8399763124771957,0.8034931733574433,0.95656646672314,0.03648313911975243,0.7582190860945797,0.7166299418034836,0.9451489087338693,0.04158914429109606,0.7863194759368555,0.743343027165235,0.9453447993000346,0.042976448771620435,0.8123791102514507,0.7596656217345873,0.9351122058018609,0.052713488516863416,0.559254327563249,0.4840213049267643,0.8654761904761905,0.07523302263648468,0.6624605678233438,0.5912972753151687,0.8925773155948024,0.0711632925081751,0.5925820540707142,0.5128185194868747,0.8653966416365335,0.07976353458383945,0.9181788366633057,0.8235244936421121,0.8969107768099178,0.09465434302119358,0.9571838446259104,0.949238578680203,0.9916993313350241,0.007945265945707436,0.7316482811984656,0.6778286623768716,0.9264405859965452,0.05381961882159403,0.7166299418034836,0.743343027165235,0.8235244936421121,0.5128185194868747,0.6778286623768716,0.8334162108403779,0.8034931733574433,0.7166299418034836,0.7596656217345873,0.4840213049267643,0.5912972753151687,0.949238578680203
adult,imputation→balance→outliers→label_noise,"('imputation', 'balance', 'outliers', 'label_noise')",random_forest,45,24129,33464,6033,24.419555187225342,False,0.8581137079396651,0.832587435769932,0.9702530423024918,0.025526272169733133,0.7582190860945797,0.7169683414830399,0.9455952173084783,0.04125074461153977,0.8399763124771957,0.8006634956252252,0.9531977077591247,0.03931281685197052,0.7582190860945797,0.7169683414830399,0.9455952173084783,0.04125074461153977,0.7863194759368555,0.7430749092778456,0.9450038209882994,0.043244566659009887,0.8123791102514507,0.7536082474226804,0.9276558664702994,0.05877086282877031,0.559254327563249,0.4866844207723036,0.8702380952380953,0.07256990679094538,0.6624605678233438,0.5914239482200647,0.8927685313607644,0.07103661960327912,0.5925820540707142,0.5108207513024441,0.8620253478710421,0.0817613027682701,0.9181788366633057,0.8176767032612443,0.8905418755160055,0.10050213340206138,0.9571838446259104,0.9472522621937762,0.9896241641687802,0.009931582432134212,0.7316482811984656,0.6789793211512647,0.928013279876873,0.0526689600472009,0.7169683414830399,0.7430749092778456,0.8176767032612443,0.5108207513024441,0.6789793211512647,0.832587435769932,0.8006634956252252,0.7169683414830399,0.7536082474226804,0.4866844207723036,0.5914239482200647,0.9472522621937762
adult,label_noise→imputation→outliers→balance,"('label_noise', 'imputation', 'outliers', 'balance')",random_forest,45,24129,38100,6033,20.43287181854248,False,0.8581137079396651,0.8039118183325046,0.9368360054085378,0.05420188960716055,0.7582190860945797,0.6084171299886769,0.8024291938132291,0.14980195610590274,0.8399763124771957,0.8822475762407875,1.0503243521700374,-0.042271263763591804,0.7582190860945797,0.6084171299886769,0.8024291938132291,0.14980195610590274,0.7863194759368555,0.6208588135766545,0.7895757800440287,0.16546066236020096,0.8123791102514507,0.9705014749262537,1.1946411012782694,-0.158122364674803,0.559254327563249,0.21904127829560585,0.39166666666666666,0.3402130492676432,0.6624605678233438,0.3574144486692015,0.5395256201339852,0.3050461191541423,0.5925820540707142,0.40714707495525077,0.687072907723704,0.18543497911546342,0.9181788366633057,0.4657043018636815,0.5072043519931992,0.4524745347996242,0.9571838446259104,0.9977929816817479,1.0424256398432095,-0.04060913705583746,0.7316482811984656,0.4675017114214172,0.638970559263302,0.26414656977704837,0.6084171299886769,0.6208588135766545,0.4657043018636815,0.40714707495525077,0.4675017114214172,0.8039118183325046,0.8822475762407875,0.6084171299886769,0.9705014749262537,0.21904127829560585,0.3574144486692015,0.9977929816817479
adult,label_noise→imputation→balance→outliers,"('label_noise', 'imputation', 'balance', 'outliers')",random_forest,45,24129,38210,6033,20.978877067565918,False,0.8581137079396651,0.8049063484170396,0.9379949777863628,0.053207359522625564,0.7582190860945797,0.6101919283080516,0.8047699398481466,0.14802715778652809,0.8399763124771957,0.8842442626058709,1.0527014267796713,-0.044267950128675126,0.7582190860945797,0.6101919283080516,0.8047699398481466,0.14802715778652809,0.7863194759368555,0.6234522738535281,0.7928740072356973,0.1628672020833274,0.8123791102514507,0.9737609329446064,1.198653338886575,-0.1613818226931557,0.559254327563249,0.22237017310252996,0.39761904761904765,0.33688415446071907,0.6624605678233438,0.36205962059620594,0.54653761775713,0.3004009472271379,0.5925820540707142,0.4115367115475666,0.6944805512089588,0.18104534252314758,0.9181788366633057,0.4759690676537808,0.5183838361854093,0.4422097690095249,0.9571838446259104,0.9980136835135731,1.0426562139727922,-0.04082983888766267,0.7316482811984656,0.47109285237796467,0.6438788479162393,0.2605554288205009,0.6101919283080516,0.6234522738535281,0.4759690676537808,0.4115367115475666,0.47109285237796467,0.8049063484170396,0.8842442626058709,0.6101919283080516,0.9737609329446064,0.22237017310252996,0.36205962059620594,0.9980136835135731
adult,label_noise→outliers→imputation→balance,"('label_noise', 'outliers', 'imputation', 'balance')",random_forest,45,24129,38100,6033,19.527043104171753,False,0.8581137079396651,0.8047405934029505,0.937801815723392,0.05337311453671467,0.7582190860945797,0.6098590388273591,0.8043308985647003,0.14836004726722052,0.8399763124771957,0.8841360782028873,1.052572632191804,-0.04415976572569158,0.7582190860945797,0.6098590388273591,0.8043308985647003,0.14836004726722052,0.7863194759368555,0.6229648654533139,0.7922541467144588,0.1633546104835416,0.8123791102514507,0.9736842105263158,1.1985588972431078,-0.1613051002748651,0.559254327563249,0.22170439414114515,0.39642857142857146,0.3375499334221038,0.6624605678233438,0.3611713665943601,0.5451967771924389,0.3012892012289837,0.5925820540707142,0.4108567649694013,0.6933331209526855,0.18172528910131286,0.9181788366633057,0.47344730677642793,0.5156373550243787,0.44473152988687775,0.9571838446259104,0.9980136835135731,1.0426562139727922,-0.04082983888766267,0.7316482811984656,0.47038709489945546,0.6429142348683508,0.26126118629901013,0.6098590388273591,0.6229648654533139,0.47344730677642793,0.4108567649694013,0.47038709489945546,0.8047405934029505,0.8841360782028873,0.6098590388273591,0.9736842105263158,0.22170439414114515,0.3611713665943601,0.9980136835135731
adult,label_noise→outliers→balance→imputation,"('label_noise', 'outliers', 'balance', 'imputation')",random_forest,45,24129,38100,6033,11.050129175186157,False,0.8581137079396651,0.8050721034311288,0.9381881398493336,0.053041604508536344,0.7582190860945797,0.6103022792239642,0.8049154794658329,0.14791680687061548,0.8399763124771957,0.8856859245284182,1.05441773937222,-0.04570961205122248,0.7582190860945797,0.6103022792239642,0.8049154794658329,0.14791680687061548,0.7863194759368555,0.6236049930162115,0.7930682274825016,0.16271448292064394,0.8123791102514507,0.9766081871345029,1.2021581732108046,-0.16422907688305222,0.559254327563249,0.22237017310252996,0.39761904761904765,0.33688415446071907,0.6624605678233438,0.36225596529284165,0.5468340047515753,0.3002046025305022,0.5925820540707142,0.4125144193362766,0.6961304624440252,0.1800676347344376,0.9181788366633057,0.4760840471367391,0.5185090617715012,0.4420947895265666,0.9571838446259104,0.9982343853453983,1.042886788102375,-0.04105054071948788,0.7316482811984656,0.4711449384914942,0.6439500380151816,0.2605033427069714,0.6103022792239642,0.6236049930162115,0.4760840471367391,0.4125144193362766,0.4711449384914942,0.8050721034311288,0.8856859245284182,0.6103022792239642,0.9766081871345029,0.22237017310252996,0.36225596529284165,0.9982343853453983
adult,label_noise→balance→imputation→outliers,"('label_noise', 'balance', 'imputation', 'outliers')",random_forest,45,24129,38210,6033,10.251276731491089,False,0.8581137079396651,0.8054036134593071,0.9385744639752752,0.052710094480358016,0.7582190860945797,0.6114131353149086,0.8063805653642454,0.14680595077967107,0.8399763124771957,0.8832575137233494,1.051526692602214,-0.043281201246153644,0.7582190860945797,0.6114131353149086,0.8063805653642454,0.14680595077967107,0.7863194759368555,0.6252438146839087,0.7951523952003933,0.1610756612529468,0.8123791102514507,0.9712643678160919,1.1955801860974273,-0.15888525756464122,0.559254327563249,0.22503328894806923,0.4023809523809524,0.33422103861517977,0.6624605678233438,0.3654054054054054,0.5515881595881595,0.29705516241793845,0.5925820540707142,0.413279185233977,0.6974210278474944,0.17930286883673718,0.9181788366633057,0.4922229053236162,0.5360860931105443,0.4259559313396895,0.9571838446259104,0.9977929816817479,1.0424256398432095,-0.04060913705583746,0.7316482811984656,0.4738529691340388,0.6476513118541753,0.2577953120644268,0.6114131353149086,0.6252438146839087,0.4922229053236162,0.413279185233977,0.4738529691340388,0.8054036134593071,0.8832575137233494,0.6114131353149086,0.9712643678160919,0.22503328894806923,0.3654054054054054,0.9977929816817479
adult,label_noise→balance→outliers→imputation,"('label_noise', 'balance', 'outliers', 'imputation')",random_forest,45,24129,38210,6033,10.067739963531494,False,0.8581137079396651,0.8054036134593071,0.9385744639752752,0.052710094480358016,0.7582190860945797,0.6114131353149086,0.8063805653642454,0.14680595077967107,0.8399763124771957,0.8832575137233494,1.051526692602214,-0.043281201246153644,0.7582190860945797,0.6114131353149086,0.8063805653642454,0.14680595077967107,0.7863194759368555,0.6252438146839087,0.7951523952003933,0.1610756612529468,0.8123791102514507,0.9712643678160919,1.1955801860974273,-0.15888525756464122,0.559254327563249,0.22503328894806923,0.4023809523809524,0.33422103861517977,0.6624605678233438,0.3654054054054054,0.5515881595881595,0.29705516241793845,0.5925820540707142,0.413279185233977,0.6974210278474944,0.17930286883673718,0.9181788366633057,0.4922229053236162,0.5360860931105443,0.4259559313396895,0.9571838446259104,0.9977929816817479,1.0424256398432095,-0.04060913705583746,0.7316482811984656,0.4738529691340388,0.6476513118541753,0.2577953120644268,0.6114131353149086,0.6252438146839087,0.4922229053236162,0.413279185233977,0.4738529691340388,0.8054036134593071,0.8832575137233494,0.6114131353149086,0.9712643678160919,0.22503328894806923,0.3654054054054054,0.9977929816817479
adult,outliers→imputation→label_noise→balance,"('outliers', 'imputation', 'label_noise', 'balance')",random_forest,45,24129,38179,6033,19.282198905944824,False,0.8581137079396651,0.8020885131775236,0.9347112227158586,0.05602519476214152,0.7582190860945797,0.6045328071362805,0.7973062380295602,0.15368627895829912,0.8399763124771957,0.8823764486837282,1.0504777760714337,-0.04240013620653249,0.7582190860945797,0.6045328071362805,0.7973062380295602,0.15368627895829912,0.7863194759368555,0.6151013963938354,0.7822537978739197,0.17121807954302004,0.8123791102514507,0.9723926380368099,1.1969690330119778,-0.16001352778535916,0.559254327563249,0.211051930758988,0.3773809523809524,0.348202396804261,0.6624605678233438,0.34682713347921224,0.5235438157757633,0.3156334343441316,0.5925820540707142,0.39985439131619926,0.674766285224837,0.19272766275451492,0.9181788366633057,0.48613266619274054,0.5294531378651286,0.43204617047056515,0.9571838446259104,0.9980136835135731,1.0426562139727922,-0.04082983888766267,0.7316482811984656,0.4589473987609356,0.627278721968927,0.27270088243753,0.6045328071362805,0.6151013963938354,0.48613266619274054,0.39985439131619926,0.4589473987609356,0.8020885131775236,0.8823764486837282,0.6045328071362805,0.9723926380368099,0.211051930758988,0.34682713347921224,0.9980136835135731
adult,outliers→imputation→balance→label_noise,"('outliers', 'imputation', 'balance', 'label_noise')",random_forest,45,24129,33465,6033,20.52965998649597,False,0.8581137079396651,0.8320901707276646,0.9696735561135794,0.02602353721200057,0.7582190860945797,0.7150795187818435,0.9431040867950995,0.04313956731273616,0.8399763124771957,0.8008111852816069,0.9533735337368193,0.039165127195588845,0.7582190860945797,0.7150795187818435,0.9431040867950995,0.04313956731273616,0.7863194759368555,0.7414564023334556,0.9429454884734375,0.04486307360339992,0.8123791102514507,0.7549530761209593,0.9293112865584189,0.05742603413049141,0.559254327563249,0.48202396804260983,0.8619047619047618,0.07723035952063917,0.6624605678233438,0.5883787078423405,0.8881716685048664,0.07408185998100336,0.5925820540707142,0.5087173084319581,0.8584757249014694,0.08386474563875612,0.9181788366633057,0.8319007306082876,0.9060334407526144,0.08627810605501807,0.9571838446259104,0.9481350695210771,0.9905464606871109,0.009048775104833373,0.7316482811984656,0.6760353751475623,0.9239895623621128,0.0556129060509033,0.7150795187818435,0.7414564023334556,0.8319007306082876,0.5087173084319581,0.6760353751475623,0.8320901707276646,0.8008111852816069,0.7150795187818435,0.7549530761209593,0.48202396804260983,0.5883787078423405,0.9481350695210771
adult,outliers→label_noise→imputation→balance,"('outliers', 'label_noise', 'imputation', 'balance')",random_forest,45,24129,38071,6033,19.657331943511963,False,0.8581137079396651,0.8045748383888612,0.9376086536604211,0.05353886955080389,0.7582190860945797,0.6095261493466667,0.803891857281254,0.14869293674791295,0.8399763124771957,0.8840276933412744,1.052443598955982,-0.04405138086407867,0.7582190860945797,0.6095261493466667,0.803891857281254,0.14869293674791295,0.7863194759368555,0.622476983559621,0.7916336840289688,0.16384249237723447,0.8123791102514507,0.9736070381231672,1.198463901689708,-0.16122792787171647,0.559254327563249,0.2210386151797603,0.3952380952380952,0.3382157123834887,0.6624605678233438,0.3602821486706457,0.5438544815647366,0.30217841915269816,0.5925820540707142,0.41017593539432495,0.6921842006126255,0.18240611867638923,0.9181788366633057,0.4721466794366137,0.5142208255990863,0.446032157226692,0.9571838446259104,0.9980136835135731,1.0426562139727922,-0.04082983888766267,0.7316482811984656,0.46968027692707276,0.6419481723618895,0.26196800427139283,0.6095261493466667,0.622476983559621,0.4721466794366137,0.41017593539432495,0.46968027692707276,0.8045748383888612,0.8840276933412744,0.6095261493466667,0.9736070381231672,0.2210386151797603,0.3602821486706457,0.9980136835135731
adult,outliers→label_noise→balance→imputation,"('outliers', 'label_noise', 'balance', 'imputation')",random_forest,45,24129,38071,6033,10.429394960403442,False,0.8581137079396651,0.8049063484170396,0.9379949777863628,0.053207359522625564,0.7582190860945797,0.6099693897432718,0.8044764381823866,0.1482496963513079,0.8399763124771957,0.8855818115871842,1.054293791899312,-0.04560549910998846,0.7582190860945797,0.6099693897432718,0.8044764381823866,0.1482496963513079,0.7863194759368555,0.6231173958012501,0.792448126836539,0.16320208013560533,0.8123791102514507,0.9765395894428153,1.202073732718894,-0.16416047919136456,0.559254327563249,0.22170439414114515,0.39642857142857146,0.3375499334221038,0.6624605678233438,0.3613673358654368,0.5454925974730641,0.30109323195790705,0.5925820540707142,0.4118358727277061,0.6949853946784571,0.18074618134300807,0.9181788366633057,0.48347021157106496,0.5265534253958769,0.43470862509224073,0.9571838446259104,0.9982343853453983,1.042886788102375,-0.04105054071948788,0.7316482811984656,0.4704391029813104,0.6429853183153996,0.26120917821715517,0.6099693897432718,0.6231173958012501,0.48347021157106496,0.4118358727277061,0.4704391029813104,0.8049063484170396,0.8855818115871842,0.6099693897432718,0.9765395894428153,0.22170439414114515,0.3613673358654368,0.9982343853453983
adult,outliers→balance→imputation→label_noise,"('outliers', 'balance', 'imputation', 'label_noise')",random_forest,45,24129,33465,6033,10.779371976852417,False,0.8581137079396651,0.8302668655726836,0.9675487734209002,0.02784684236698154,0.7582190860945797,0.7111951959294471,0.9379811310114307,0.04702389016513253,0.8399763124771957,0.7986724440818552,0.9508273414597488,0.041303868395340504,0.7582190860945797,0.7111951959294471,0.9379811310114307,0.04702389016513253,0.7863194759368555,0.7376161527201857,0.938061659787019,0.048703323216669814,0.8123791102514507,0.7526427061310782,0.9264673311184939,0.05973640412037251,0.559254327563249,0.474034620505992,0.8476190476190476,0.08521970705725701,0.6624605678233438,0.5816993464052288,0.8780890133831311,0.08076122141811504,0.5925820540707142,0.5023074172121859,0.8476588411032852,0.09027463685852832,0.9181788366633057,0.825172190041028,0.8987053034676044,0.09300664662227764,0.9571838446259104,0.9483557713529023,0.9907770348166935,0.008828073273008163,0.7316482811984656,0.6704874854745168,0.916406834683237,0.061160795723948835,0.7111951959294471,0.7376161527201857,0.825172190041028,0.5023074172121859,0.6704874854745168,0.8302668655726836,0.7986724440818552,0.7111951959294471,0.7526427061310782,0.474034620505992,0.5816993464052288,0.9483557713529023
adult,outliers→balance→label_noise→imputation,"('outliers', 'balance', 'label_noise', 'imputation')",random_forest,45,24129,33465,6033,9.971189975738525,False,0.8581137079396651,0.8302668655726836,0.9675487734209002,0.02784684236698154,0.7582190860945797,0.7111951959294471,0.9379811310114307,0.04702389016513253,0.8399763124771957,0.7986724440818552,0.9508273414597488,0.041303868395340504,0.7582190860945797,0.7111951959294471,0.9379811310114307,0.04702389016513253,0.7863194759368555,0.7376161527201857,0.938061659787019,0.048703323216669814,0.8123791102514507,0.7526427061310782,0.9264673311184939,0.05973640412037251,0.559254327563249,0.474034620505992,0.8476190476190476,0.08521970705725701,0.6624605678233438,0.5816993464052288,0.8780890133831311,0.08076122141811504,0.5925820540707142,0.5023074172121859,0.8476588411032852,0.09027463685852832,0.9181788366633057,0.825172190041028,0.8987053034676044,0.09300664662227764,0.9571838446259104,0.9483557713529023,0.9907770348166935,0.008828073273008163,0.7316482811984656,0.6704874854745168,0.916406834683237,0.061160795723948835,0.7111951959294471,0.7376161527201857,0.825172190041028,0.5023074172121859,0.6704874854745168,0.8302668655726836,0.7986724440818552,0.7111951959294471,0.7526427061310782,0.474034620505992,0.5816993464052288,0.9483557713529023
adult,balance→imputation→label_noise→outliers,"('balance', 'imputation', 'label_noise', 'outliers')",random_forest,45,24129,33464,6033,10.929853916168213,False,0.8581137079396651,0.8310956406431295,0.9685145837357544,0.027018067296535664,0.7582190860945797,0.7086314106020928,0.9345998057792212,0.04958767549248688,0.8399763124771957,0.8037406729189485,0.956861117367246,0.03623563955824727,0.7582190860945797,0.7086314106020928,0.9345998057792212,0.04958767549248688,0.7863194759368555,0.7362344583736374,0.9363044931533147,0.05008501756321804,0.8123791102514507,0.764512595837897,0.9410786001147446,0.04786651441355372,0.559254327563249,0.4647137150466045,0.830952380952381,0.09454061251664447,0.6624605678233438,0.5780538302277433,0.8725860199152125,0.08440673759560058,0.5925820540707142,0.5034673576243414,0.8496162753593302,0.08911469644637282,0.9181788366633057,0.824895651527383,0.8984041219301927,0.09328318513592271,0.9571838446259104,0.9525491061575811,0.9951579432787642,0.004634738468329291,0.7316482811984656,0.6653289666674764,0.909356290125693,0.06631931453098916,0.7086314106020928,0.7362344583736374,0.824895651527383,0.5034673576243414,0.6653289666674764,0.8310956406431295,0.8037406729189485,0.7086314106020928,0.764512595837897,0.4647137150466045,0.5780538302277433,0.9525491061575811
adult,balance→imputation→outliers→label_noise,"('balance', 'imputation', 'outliers', 'label_noise')",random_forest,45,24129,33464,6033,9.895978927612305,False,0.8581137079396651,0.8292723354881485,0.9663898010430751,0.028841372451516634,0.7582190860945797,0.7043020106201369,0.9288898466640324,0.0539170754744428,0.8399763124771957,0.8020779742206401,0.9548816583353539,0.03789833825655564,0.7582190860945797,0.7043020106201369,0.9288898466640324,0.0539170754744428,0.7863194759368555,0.7319691833941055,0.9308801394267965,0.05435029254274992,0.8123791102514507,0.7633928571428571,0.9397002551020407,0.048986253108593614,0.559254327563249,0.45539280958721706,0.8142857142857143,0.10386151797603194,0.6624605678233438,0.5704753961634695,0.8611461932562849,0.0919851716598743,0.5925820540707142,0.49685063146718317,0.8384503513970621,0.09573142260353101,0.9181788366633057,0.8206270841408836,0.8937551720567546,0.0975517525224221,0.9571838446259104,0.9532112116530567,0.995849665667512,0.0039726329728537735,0.7316482811984656,0.6588516766349775,0.9005032794661326,0.07279660456348813,0.7043020106201369,0.7319691833941055,0.8206270841408836,0.49685063146718317,0.6588516766349775,0.8292723354881485,0.8020779742206401,0.7043020106201369,0.7633928571428571,0.45539280958721706,0.5704753961634695,0.9532112116530567
adult,balance→label_noise→imputation→outliers,"('balance', 'label_noise', 'imputation', 'outliers')",random_forest,45,24129,33464,6033,10.080896139144897,False,0.8581137079396651,0.8310956406431295,0.9685145837357544,0.027018067296535664,0.7582190860945797,0.7086314106020928,0.9345998057792212,0.04958767549248688,0.8399763124771957,0.8037406729189485,0.956861117367246,0.03623563955824727,0.7582190860945797,0.7086314106020928,0.9345998057792212,0.04958767549248688,0.7863194759368555,0.7362344583736374,0.9363044931533147,0.05008501756321804,0.8123791102514507,0.764512595837897,0.9410786001147446,0.04786651441355372,0.559254327563249,0.4647137150466045,0.830952380952381,0.09454061251664447,0.6624605678233438,0.5780538302277433,0.8725860199152125,0.08440673759560058,0.5925820540707142,0.5034673576243414,0.8496162753593302,0.08911469644637282,0.9181788366633057,0.824895651527383,0.8984041219301927,0.09328318513592271,0.9571838446259104,0.9525491061575811,0.9951579432787642,0.004634738468329291,0.7316482811984656,0.6653289666674764,0.909356290125693,0.06631931453098916,0.7086314106020928,0.7362344583736374,0.824895651527383,0.5034673576243414,0.6653289666674764,0.8310956406431295,0.8037406729189485,0.7086314106020928,0.764512595837897,0.4647137150466045,0.5780538302277433,0.9525491061575811
adult,balance→label_noise→outliers→imputation,"('balance', 'label_noise', 'outliers', 'imputation')",random_forest,45,24129,33464,6033,10.24618911743164,False,0.8581137079396651,0.8310956406431295,0.9685145837357544,0.027018067296535664,0.7582190860945797,0.7086314106020928,0.9345998057792212,0.04958767549248688,0.8399763124771957,0.8037406729189485,0.956861117367246,0.03623563955824727,0.7582190860945797,0.7086314106020928,0.9345998057792212,0.04958767549248688,0.7863194759368555,0.7362344583736374,0.9363044931533147,0.05008501756321804,0.8123791102514507,0.764512595837897,0.9410786001147446,0.04786651441355372,0.559254327563249,0.4647137150466045,0.830952380952381,0.09454061251664447,0.6624605678233438,0.5780538302277433,0.8725860199152125,0.08440673759560058,0.5925820540707142,0.5034673576243414,0.8496162753593302,0.08911469644637282,0.9181788366633057,0.824895651527383,0.8984041219301927,0.09328318513592271,0.9571838446259104,0.9525491061575811,0.9951579432787642,0.004634738468329291,0.7316482811984656,0.6653289666674764,0.909356290125693,0.06631931453098916,0.7086314106020928,0.7362344583736374,0.824895651527383,0.5034673576243414,0.6653289666674764,0.8310956406431295,0.8037406729189485,0.7086314106020928,0.764512595837897,0.4647137150466045,0.5780538302277433,0.9525491061575811
adult,balance→outliers→imputation→label_noise,"('balance', 'outliers', 'imputation', 'label_noise')",random_forest,45,24129,33464,6033,11.312760829925537,False,0.8581137079396651,0.8292723354881485,0.9663898010430751,0.028841372451516634,0.7582190860945797,0.7043020106201369,0.9288898466640324,0.0539170754744428,0.8399763124771957,0.8020779742206401,0.9548816583353539,0.03789833825655564,0.7582190860945797,0.7043020106201369,0.9288898466640324,0.0539170754744428,0.7863194759368555,0.7319691833941055,0.9308801394267965,0.05435029254274992,0.8123791102514507,0.7633928571428571,0.9397002551020407,0.048986253108593614,0.559254327563249,0.45539280958721706,0.8142857142857143,0.10386151797603194,0.6624605678233438,0.5704753961634695,0.8611461932562849,0.0919851716598743,0.5925820540707142,0.49685063146718317,0.8384503513970621,0.09573142260353101,0.9181788366633057,0.8206270841408836,0.8937551720567546,0.0975517525224221,0.9571838446259104,0.9532112116530567,0.995849665667512,0.0039726329728537735,0.7316482811984656,0.6588516766349775,0.9005032794661326,0.07279660456348813,0.7043020106201369,0.7319691833941055,0.8206270841408836,0.49685063146718317,0.6588516766349775,0.8292723354881485,0.8020779742206401,0.7043020106201369,0.7633928571428571,0.45539280958721706,0.5704753961634695,0.9532112116530567
adult,balance→outliers→label_noise→imputation,"('balance', 'outliers', 'label_noise', 'imputation')",random_forest,45,24129,33464,6033,13.080049753189087,False,0.8581137079396651,0.8292723354881485,0.9663898010430751,0.028841372451516634,0.7582190860945797,0.7043020106201369,0.9288898466640324,0.0539170754744428,0.8399763124771957,0.8020779742206401,0.9548816583353539,0.03789833825655564,0.7582190860945797,0.7043020106201369,0.9288898466640324,0.0539170754744428,0.7863194759368555,0.7319691833941055,0.9308801394267965,0.05435029254274992,0.8123791102514507,0.7633928571428571,0.9397002551020407,0.048986253108593614,0.559254327563249,0.45539280958721706,0.8142857142857143,0.10386151797603194,0.6624605678233438,0.5704753961634695,0.8611461932562849,0.0919851716598743,0.5925820540707142,0.49685063146718317,0.8384503513970621,0.09573142260353101,0.9181788366633057,0.8206270841408836,0.8937551720567546,0.0975517525224221,0.9571838446259104,0.9532112116530567,0.995849665667512,0.0039726329728537735,0.7316482811984656,0.6588516766349775,0.9005032794661326,0.07279660456348813,0.7043020106201369,0.7319691833941055,0.8206270841408836,0.49685063146718317,0.6588516766349775,0.8292723354881485,0.8020779742206401,0.7043020106201369,0.7633928571428571,0.45539280958721706,0.5704753961634695,0.9532112116530567
adult,imputation→label_noise→outliers→balance,"('imputation', 'label_noise', 'outliers', 'balance')",random_forest,46,24129,38541,6033,22.361268043518066,False,0.8581137079396651,0.7901541521631029,0.9208035541819587,0.06795955577656221,0.7582190860945797,0.579452071702528,0.7642277572926298,0.17876701439205167,0.8399763124771957,0.8828034514299308,1.0509861270092635,-0.042827138952735044,0.7582190860945797,0.579452071702528,0.7642277572926298,0.17876701439205167,0.7863194759368555,0.576119835371214,0.7326790865567708,0.21019964056564144,0.8123791102514507,0.9836065573770492,1.2107728337236534,-0.17122744712559845,0.559254327563249,0.15978695073235685,0.2857142857142857,0.3994673768308922,0.6624605678233438,0.27491408934707906,0.4149893634429717,0.3875464784762648,0.5925820540707142,0.34879522514498995,0.5886024099936166,0.24378682892572423,0.9148489132859271,0.49737251677378,0.5436662923797244,0.4174763965121471,0.9571838446259104,0.9991171926726992,1.0438090846207055,-0.04193334804678872,0.7316482811984656,0.39955711686997053,0.54610545413362,0.33209116432849506,0.579452071702528,0.576119835371214,0.49737251677378,0.34879522514498995,0.39955711686997053,0.7901541521631029,0.8828034514299308,0.579452071702528,0.9836065573770492,0.15978695073235685,0.27491408934707906,0.9991171926726992
adult,imputation→label_noise→balance→outliers,"('imputation', 'label_noise', 'balance', 'outliers')",random_forest,46,24129,38599,6033,18.29886484146118,False,0.8581137079396651,0.7894911321067463,0.9200309059300754,0.06862257583291886,0.7582190860945797,0.5783430523445382,0.7627650938246049,0.17987603375004146,0.8399763124771957,0.8804482161690055,1.0481821964389126,-0.04047190369180975,0.7582190860945797,0.5783430523445382,0.7627650938246049,0.17987603375004146,0.7863194759368555,0.5743754099642875,0.7304606175243866,0.21194406597256799,0.8123791102514507,0.9793388429752066,1.2055194805194804,-0.16695973272375586,0.559254327563249,0.1577896138482024,0.28214285714285714,0.4014647137150466,0.6624605678233438,0.2717889908256881,0.4102719528178244,0.39067157699765576,0.5925820540707142,0.3452852415827504,0.5826792073955496,0.24729681248796376,0.9148489132859271,0.5026869933739491,0.5494754227432078,0.41216191991197804,0.9571838446259104,0.998896490840874,1.0435785104911228,-0.04171264621496351,0.7316482811984656,0.3970081756892494,0.5426216201026757,0.3346401055092162,0.5783430523445382,0.5743754099642875,0.5026869933739491,0.3452852415827504,0.3970081756892494,0.7894911321067463,0.8804482161690055,0.5783430523445382,0.9793388429752066,0.1577896138482024,0.2717889908256881,0.998896490840874
adult,imputation→outliers→label_noise→balance,"('imputation', 'outliers', 'label_noise', 'balance')",random_forest,46,24129,38406,6033,18.51976490020752,False,0.8581137079396651,0.792971987402619,0.924087309252463,0.06514172053704614,0.7582190860945797,0.585111192874299,0.7716914591112162,0.17310789322028064,0.8399763124771957,0.8844889319027249,1.0529927079660806,-0.0445126194255292,0.7582190860945797,0.585111192874299,0.7716914591112162,0.17310789322028064,0.7863194759368555,0.5851608348712953,0.7441769570493075,0.20115864106556014,0.8123791102514507,0.9846743295019157,1.2120872103630724,-0.17229521925046498,0.559254327563249,0.1711051930758988,0.305952380952381,0.3881491344873502,0.6624605678233438,0.29154849688031764,0.4400993976717176,0.3709120709430262,0.5925820540707142,0.36179724510397276,0.6105437088730984,0.23078480896674142,0.9148489132859271,0.504188559298997,0.5511167494182919,0.4106603539869301,0.9571838446259104,0.9991171926726992,1.0438090846207055,-0.04193334804678872,0.7316482811984656,0.41346600846709536,0.5651158064498197,0.31818227273137023,0.585111192874299,0.5851608348712953,0.504188559298997,0.36179724510397276,0.41346600846709536,0.792971987402619,0.8844889319027249,0.585111192874299,0.9846743295019157,0.1711051930758988,0.29154849688031764,0.9991171926726992
adult,imputation→outliers→balance→label_noise,"('imputation', 'outliers', 'balance', 'label_noise')",random_forest,46,24129,33454,6033,20.77237296104431,False,0.8581137079396651,0.8289408254599702,0.9660034769171335,0.02917288247969496,0.7582190860945797,0.7112025428612655,0.9379908207329809,0.04701654323331417,0.8399763124771957,0.7946418651407805,0.9460288978831817,0.04533444733641523,0.7582190860945797,0.7112025428612655,0.9379908207329809,0.04701654323331417,0.7863194759368555,0.7368456111686689,0.9370817253264123,0.049473864768186604,0.8123791102514507,0.7442827442827443,0.9161766161766162,0.06809636596870638,0.559254327563249,0.4766977363515313,0.8523809523809524,0.08255659121171771,0.6624605678233438,0.5811688311688312,0.8772881880024738,0.08129173665451261,0.5925820540707142,0.498915267960879,0.8419344874411979,0.0936667861098352,0.9148489132859271,0.8197131258226728,0.8960092906253248,0.09513578746325435,0.9571838446259104,0.9457073493709998,0.9880101452617016,0.011476495254910679,0.7316482811984656,0.6714287398497046,0.917693319459291,0.06021954134876095,0.7112025428612655,0.7368456111686689,0.8197131258226728,0.498915267960879,0.6714287398497046,0.8289408254599702,0.7946418651407805,0.7112025428612655,0.7442827442827443,0.4766977363515313,0.5811688311688312,0.9457073493709998
adult,imputation→balance→label_noise→outliers,"('imputation', 'balance', 'label_noise', 'outliers')",random_forest,46,24129,33464,6033,22.90007710456848,False,0.8581137079396651,0.8229736449527598,0.9590496426501836,0.03514006298690531,0.7582190860945797,0.7012213686393571,0.9248268495207562,0.05699771745522253,0.8399763124771957,0.7850582720790272,0.9346195367864502,0.0549180403981685,0.7582190860945797,0.7012213686393571,0.9248268495207562,0.05699771745522253,0.7863194759368555,0.726175027156221,0.9235114344472064,0.06014444878063452,0.8123791102514507,0.7298728813559322,0.8984387610976594,0.08250622889551851,0.559254327563249,0.45872170439414117,0.8202380952380953,0.10053262316910783,0.6624605678233438,0.5633687653311529,0.850418564809407,0.09909180249219096,0.5925820540707142,0.4789981864254272,0.8083238146261298,0.113583867645287,0.9148489132859271,0.8055881351165414,0.8805695928774226,0.10926077816938573,0.9571838446259104,0.943721032884573,0.9859349780954577,0.013462811741337455,0.7316482811984656,0.6579554093382094,0.8992782819915265,0.07369287186025619,0.7012213686393571,0.726175027156221,0.8055881351165414,0.4789981864254272,0.6579554093382094,0.8229736449527598,0.7850582720790272,0.7012213686393571,0.7298728813559322,0.45872170439414117,0.5633687653311529,0.943721032884573
adult,imputation→balance→outliers→label_noise,"('imputation', 'balance', 'outliers', 'label_noise')",random_forest,46,24129,33464,6033,18.253946781158447,False,0.8581137079396651,0.8264545002486325,0.9631060459725711,0.03165920769103259,0.7582190860945797,0.7084345862986775,0.9343402181388876,0.04978449979590216,0.8399763124771957,0.7895623682591447,0.9399817072586559,0.05041394421805101,0.7582190860945797,0.7084345862986775,0.9343402181388876,0.04978449979590216,0.7863194759368555,0.7334225420535048,0.9327284449869094,0.052896933883350705,0.8123791102514507,0.7352637021716649,0.9050746048160733,0.07711540807978579,0.559254327563249,0.4733688415446072,0.8464285714285714,0.08588548601864182,0.6624605678233438,0.5759416767922235,0.869397674014928,0.08651889103112032,0.5925820540707142,0.49134432910438736,0.8291583009122887,0.10123772496632683,0.9148489132859271,0.8278384650672493,0.9048909093566541,0.08701044821867776,0.9571838446259104,0.9435003310527478,0.985704403965875,0.013683513573162664,0.7316482811984656,0.6682990787868801,0.9134157708840411,0.06334920241158548,0.7084345862986775,0.7334225420535048,0.8278384650672493,0.49134432910438736,0.6682990787868801,0.8264545002486325,0.7895623682591447,0.7084345862986775,0.7352637021716649,0.4733688415446072,0.5759416767922235,0.9435003310527478
adult,label_noise→imputation→outliers→balance,"('label_noise', 'imputation', 'outliers', 'balance')",random_forest,46,24129,38455,6033,16.884683847427368,False,0.8581137079396651,0.7896568871208354,0.9202240679930461,0.06845682081882976,0.7582190860945797,0.578230864695671,0.762617131776531,0.1799882213989087,0.8399763124771957,0.884472900114532,1.0529736219657315,-0.044496587637336216,0.7582190860945797,0.578230864695671,0.762617131776531,0.1799882213989087,0.7863194759368555,0.5741014946462819,0.7301122663434887,0.21221798129057357,0.8123791102514507,0.9874476987447699,1.2155010958358239,-0.1750685884933192,0.559254327563249,0.15712383488681758,0.28095238095238095,0.4021304926764314,0.6624605678233438,0.27110855829982766,0.4092448237192637,0.3913520095235162,0.5925820540707142,0.3468581694468918,0.5853335703708307,0.2457238846238224,0.9148489132859271,0.5047493506046966,0.5517297373090305,0.4100995626812305,0.9571838446259104,0.9993378945045244,1.0440396587502883,-0.04215404987861393,0.7316482811984656,0.39625724262436995,0.5415952621050195,0.33539103857409563,0.578230864695671,0.5741014946462819,0.5047493506046966,0.3468581694468918,0.39625724262436995,0.7896568871208354,0.884472900114532,0.578230864695671,0.9874476987447699,0.15712383488681758,0.27110855829982766,0.9993378945045244
adult,label_noise→imputation→balance→outliers,"('label_noise', 'imputation', 'balance', 'outliers')",random_forest,46,24129,38524,6033,17.95376181602478,False,0.8581137079396651,0.7886623570363004,0.9190650956152213,0.06945135090336474,0.7582190860945797,0.5762335278115165,0.7599828840758535,0.18198555828306318,0.8399763124771957,0.8839070593458636,1.0522999830067952,-0.043930746868667825,0.7582190860945797,0.5762335278115165,0.7599828840758535,0.18198555828306318,0.7863194759368555,0.5708573591638384,0.725986544443267,0.21546211677301708,0.8123791102514507,0.9871244635193133,1.2151032086654403,-0.17474535326786256,0.559254327563249,0.15312916111850866,0.27380952380952384,0.40612516644474034,0.6624605678233438,0.26512968299711814,0.40021956909564976,0.3973308848262257,0.5925820540707142,0.3421496133897007,0.5773877407176276,0.2504324406810135,0.9148489132859271,0.5218946649813785,0.5704708803848854,0.3929542483045486,0.9571838446259104,0.9993378945045244,1.0440396587502883,-0.04215404987861393,0.7316482811984656,0.39118764481948365,0.5346662527228309,0.34046063637898194,0.5762335278115165,0.5708573591638384,0.5218946649813785,0.3421496133897007,0.39118764481948365,0.7886623570363004,0.8839070593458636,0.5762335278115165,0.9871244635193133,0.15312916111850866,0.26512968299711814,0.9993378945045244
adult,label_noise→outliers→imputation→balance,"('label_noise', 'outliers', 'imputation', 'balance')",random_forest,46,24129,38458,6033,22.799009799957275,False,0.8581137079396651,0.7894911321067463,0.9200309059300754,0.06862257583291886,0.7582190860945797,0.5778979752149785,0.7621780904930847,0.18032111087960112,0.8399763124771957,0.8843791010796036,1.0528619532989667,-0.04440278860240787,0.7582190860945797,0.5778979752149785,0.7621780904930847,0.18032111087960112,0.7863194759368555,0.5735622165674862,0.7294264406768242,0.2127572593693693,0.8123791102514507,0.9873949579831933,1.215436174469788,-0.1750158477317426,0.559254327563249,0.15645805592543274,0.27976190476190477,0.4027962716378163,0.6624605678233438,0.27011494252873564,0.4077449370552819,0.3923456252946082,0.5925820540707142,0.3460771803459725,0.5840156278250612,0.24650487372474167,0.9148489132859271,0.5112940709378594,0.558883618390504,0.4035548423480677,0.9571838446259104,0.9993378945045244,1.0440396587502883,-0.04215404987861393,0.7316482811984656,0.3954168233482145,0.5404465964172127,0.3362314578502511,0.5778979752149785,0.5735622165674862,0.5112940709378594,0.3460771803459725,0.3954168233482145,0.7894911321067463,0.8843791010796036,0.5778979752149785,0.9873949579831933,0.15645805592543274,0.27011494252873564,0.9993378945045244
adult,label_noise→outliers→balance→imputation,"('label_noise', 'outliers', 'balance', 'imputation')",random_forest,46,24129,38458,6033,15.398283004760742,False,0.8581137079396651,0.7924747223603514,0.9235078230635504,0.06563898557931369,0.7582190860945797,0.583889985867442,0.7700808335951174,0.17432910022713766,0.8399763124771957,0.8860395344685823,1.0548387154579875,-0.04606322199138657,0.7582190860945797,0.583889985867442,0.7700808335951174,0.17432910022713766,0.7863194759368555,0.583184007649713,0.741662931539222,0.20313546828714246,0.8123791102514507,0.98828125,1.2165271577380952,-0.1759021397485493,0.559254327563249,0.16844207723035953,0.30119047619047623,0.39081225033288947,0.6624605678233438,0.28782707622298065,0.43448182458421364,0.3746334916003632,0.5925820540707142,0.3599158295537624,0.6073687636696686,0.2326662245169518,0.9148489132859271,0.5076641723343347,0.5549158609271575,0.4071847409515924,0.9571838446259104,0.9993378945045244,1.0440396587502883,-0.04215404987861393,0.7316482811984656,0.410281063181517,0.5607626966736835,0.32136721801694856,0.583889985867442,0.583184007649713,0.5076641723343347,0.3599158295537624,0.410281063181517,0.7924747223603514,0.8860395344685823,0.583889985867442,0.98828125,0.16844207723035953,0.28782707622298065,0.9993378945045244
adult,label_noise→balance→imputation→outliers,"('label_noise', 'balance', 'imputation', 'outliers')",random_forest,46,24129,38524,6033,10.085372924804688,False,0.8581137079396651,0.7944637825294215,0.9258257678192003,0.06364992541024361,0.7582190860945797,0.5881071982005307,0.7756428306622325,0.17011188789404896,0.8399763124771957,0.8853567779127383,1.054025887113066,-0.04538046543554253,0.7582190860945797,0.5881071982005307,0.7756428306622325,0.17011188789404896,0.7863194759368555,0.5898836070541871,0.7501831318006894,0.1964358688826684,0.8123791102514507,0.9851851851851852,1.212716049382716,-0.17280607493373445,0.559254327563249,0.17709720372836218,0.31666666666666665,0.3821571238348868,0.6624605678233438,0.3002257336343115,0.4531978931527464,0.36223483418903235,0.5925820540707142,0.3685252013606425,0.6218973369663765,0.2240568527100717,0.9148489132859271,0.5126066737765375,0.5603183939251478,0.40224223950938964,0.9571838446259104,0.9991171926726992,1.0438090846207055,-0.04193334804678872,0.7316482811984656,0.4206433893683179,0.5749256851656772,0.3110048918301477,0.5881071982005307,0.5898836070541871,0.5126066737765375,0.3685252013606425,0.4206433893683179,0.7944637825294215,0.8853567779127383,0.5881071982005307,0.9851851851851852,0.17709720372836218,0.3002257336343115,0.9991171926726992
adult,label_noise→balance→outliers→imputation,"('label_noise', 'balance', 'outliers', 'imputation')",random_forest,46,24129,38524,6033,9.538134098052979,False,0.8581137079396651,0.7944637825294215,0.9258257678192003,0.06364992541024361,0.7582190860945797,0.5881071982005307,0.7756428306622325,0.17011188789404896,0.8399763124771957,0.8853567779127383,1.054025887113066,-0.04538046543554253,0.7582190860945797,0.5881071982005307,0.7756428306622325,0.17011188789404896,0.7863194759368555,0.5898836070541871,0.7501831318006894,0.1964358688826684,0.8123791102514507,0.9851851851851852,1.212716049382716,-0.17280607493373445,0.559254327563249,0.17709720372836218,0.31666666666666665,0.3821571238348868,0.6624605678233438,0.3002257336343115,0.4531978931527464,0.36223483418903235,0.5925820540707142,0.3685252013606425,0.6218973369663765,0.2240568527100717,0.9148489132859271,0.5126066737765375,0.5603183939251478,0.40224223950938964,0.9571838446259104,0.9991171926726992,1.0438090846207055,-0.04193334804678872,0.7316482811984656,0.4206433893683179,0.5749256851656772,0.3110048918301477,0.5881071982005307,0.5898836070541871,0.5126066737765375,0.3685252013606425,0.4206433893683179,0.7944637825294215,0.8853567779127383,0.5881071982005307,0.9851851851851852,0.17709720372836218,0.3002257336343115,0.9991171926726992
adult,outliers→imputation→label_noise→balance,"('outliers', 'imputation', 'label_noise', 'balance')",random_forest,46,24129,38404,6033,17.540751218795776,False,0.8581137079396651,0.7941322725012432,0.9254394436932587,0.06398143543842194,0.7582190860945797,0.587218880674366,0.7744712464295799,0.17100020542021366,0.8399763124771957,0.8869393659282592,1.0559099735950452,-0.04696305345106344,0.7582190860945797,0.587218880674366,0.7744712464295799,0.17100020542021366,0.7863194759368555,0.5884526846578302,0.7483633595069255,0.1978667912790253,0.8123791102514507,0.9887218045112782,1.2170694593626925,-0.17634269425982751,0.559254327563249,0.17509986684420772,0.3130952380952381,0.38415446071904125,0.6624605678233438,0.29751131221719457,0.44910040939452706,0.36494925560614927,0.5925820540707142,0.36741485209562064,0.6200235892593807,0.22516720197509354,0.9148489132859271,0.5172064408494111,0.5653462919813989,0.39764247243651596,0.9571838446259104,0.9993378945045244,1.0440396587502883,-0.04215404987861393,0.7316482811984656,0.4183108082037962,0.5717375670159279,0.3133374729946694,0.587218880674366,0.5884526846578302,0.5172064408494111,0.36741485209562064,0.4183108082037962,0.7941322725012432,0.8869393659282592,0.587218880674366,0.9887218045112782,0.17509986684420772,0.29751131221719457,0.9993378945045244
adult,outliers→imputation→balance→label_noise,"('outliers', 'imputation', 'balance', 'label_noise')",random_forest,46,24129,33458,6033,18.738207817077637,False,0.8581137079396651,0.8274490303331675,0.964265018350396,0.030664677606497603,0.7582190860945797,0.7102093846180522,0.936680964173805,0.0480097014765275,0.8399763124771957,0.7910547725200308,0.9417584291003526,0.04892153995716497,0.7582190860945797,0.7102093846180522,0.936680964173805,0.0480097014765275,0.7863194759368555,0.7352685770630113,0.9350761357996126,0.051050898873844175,0.8123791102514507,0.737384140061792,0.9076847628855867,0.07499497018965873,0.559254327563249,0.4766977363515313,0.8523809523809524,0.08255659121171771,0.6624605678233438,0.5790537808329964,0.8740954691621898,0.08340678699034743,0.5925820540707142,0.49470170657309365,0.8348239761477146,0.09788034749762053,0.9148489132859271,0.8087105076700497,0.8839825854581248,0.1061384056158774,0.9571838446259104,0.943721032884573,0.9859349780954577,0.013462811741337455,0.7316482811984656,0.6707232515154108,0.91672907427151,0.0609250296830548,0.7102093846180522,0.7352685770630113,0.8087105076700497,0.49470170657309365,0.6707232515154108,0.8274490303331675,0.7910547725200308,0.7102093846180522,0.737384140061792,0.4766977363515313,0.5790537808329964,0.943721032884573
adult,outliers→label_noise→imputation→balance,"('outliers', 'label_noise', 'imputation', 'balance')",random_forest,46,24129,38323,6033,17.53072214126587,False,0.8581137079396651,0.7933034974307973,0.9244736333784046,0.06481021050886782,0.7582190860945797,0.585554433270904,0.7722760400123485,0.1726646528236757,0.8399763124771957,0.8864912658016106,1.0553765060198381,-0.04651495332441491,0.7582190860945797,0.585554433270904,0.7722760400123485,0.1726646528236757,0.7863194759368555,0.585825108954768,0.7450217460998156,0.20049436698208745,0.8123791102514507,0.9885057471264368,1.2168035030103996,-0.1761266368749861,0.559254327563249,0.17177097203728361,0.3071428571428571,0.38748335552596536,0.6624605678233438,0.2926829268292683,0.4418118466898954,0.36977764099407556,0.5925820540707142,0.3636814056825623,0.613723286394298,0.22890064838815188,0.9148489132859271,0.5142719293424995,0.562138645927176,0.40057698394342756,0.9571838446259104,0.9993378945045244,1.0440396587502883,-0.04215404987861393,0.7316482811984656,0.41431538896441505,0.5662767201280811,0.31733289223405053,0.585554433270904,0.585825108954768,0.5142719293424995,0.3636814056825623,0.41431538896441505,0.7933034974307973,0.8864912658016106,0.585554433270904,0.9885057471264368,0.17177097203728361,0.2926829268292683,0.9993378945045244
adult,outliers→label_noise→balance→imputation,"('outliers', 'label_noise', 'balance', 'imputation')",random_forest,46,24129,38323,6033,9.098521709442139,False,0.8581137079396651,0.7974473727830267,0.9293026849526753,0.06066633515663844,0.7582190860945797,0.594099208852994,0.783545573764265,0.1641198772415856,0.8399763124771957,0.8870503336234408,1.056042081719445,-0.04707402114624504,0.7582190860945797,0.594099208852994,0.783545573764265,0.1641198772415856,0.7863194759368555,0.5992002844399599,0.7620315950155583,0.1871191914968956,0.8123791102514507,0.9861111111111112,1.21385582010582,-0.17373200085966045,0.559254327563249,0.18908122503328895,0.3380952380952381,0.37017310252996005,0.6624605678233438,0.31731843575418994,0.478999733971801,0.3451421320691539,0.5925820540707142,0.38168641673632125,0.6441072828890861,0.21089563733439293,0.9148489132859271,0.5165300823062078,0.5646069802399943,0.3983188309797193,0.9571838446259104,0.9991171926726992,1.0438090846207055,-0.04193334804678872,0.7316482811984656,0.43464273000060005,0.5940596611375072,0.29700555119786554,0.594099208852994,0.5992002844399599,0.5165300823062078,0.38168641673632125,0.43464273000060005,0.7974473727830267,0.8870503336234408,0.594099208852994,0.9861111111111112,0.18908122503328895,0.31731843575418994,0.9991171926726992
adult,outliers→balance→imputation→label_noise,"('outliers', 'balance', 'imputation', 'label_noise')",random_forest,46,24129,33458,6033,9.873889923095703,False,0.8581137079396651,0.8335819658544671,0.9714120146803168,0.02453174208519804,0.7582190860945797,0.7274221438288271,0.959382528308037,0.03079694226575258,0.8399763124771957,0.7953686938121516,0.9468941945118777,0.044607618665044146,0.7582190860945797,0.7274221438288271,0.959382528308037,0.03079694226575258,0.7863194759368555,0.750670134020218,0.9546630307303996,0.03564934191663749,0.8123791102514507,0.7366920152091255,0.9068327901502806,0.07568709504232518,0.559254327563249,0.5159786950732357,0.9226190476190477,0.043275632490013316,0.6624605678233438,0.6068911511354738,0.9161166424283104,0.05556941668787008,0.5925820540707142,0.5183565628664497,0.8747422560396894,0.07422549120426447,0.9148489132859271,0.8360095756970548,0.9138225597211462,0.0788393375888723,0.9571838446259104,0.9388655925844185,0.9808623472446392,0.018318252041491956,0.7316482811984656,0.6960133930542346,0.9512950565730028,0.03563488814423099,0.7274221438288271,0.750670134020218,0.8360095756970548,0.5183565628664497,0.6960133930542346,0.8335819658544671,0.7953686938121516,0.7274221438288271,0.7366920152091255,0.5159786950732357,0.6068911511354738,0.9388655925844185
adult,outliers→balance→label_noise→imputation,"('outliers', 'balance', 'label_noise', 'imputation')",random_forest,46,24129,33458,6033,10.149420022964478,False,0.8581137079396651,0.8335819658544671,0.9714120146803168,0.02453174208519804,0.7582190860945797,0.7274221438288271,0.959382528308037,0.03079694226575258,0.8399763124771957,0.7953686938121516,0.9468941945118777,0.044607618665044146,0.7582190860945797,0.7274221438288271,0.959382528308037,0.03079694226575258,0.7863194759368555,0.750670134020218,0.9546630307303996,0.03564934191663749,0.8123791102514507,0.7366920152091255,0.9068327901502806,0.07568709504232518,0.559254327563249,0.5159786950732357,0.9226190476190477,0.043275632490013316,0.6624605678233438,0.6068911511354738,0.9161166424283104,0.05556941668787008,0.5925820540707142,0.5183565628664497,0.8747422560396894,0.07422549120426447,0.9148489132859271,0.8360095756970548,0.9138225597211462,0.0788393375888723,0.9571838446259104,0.9388655925844185,0.9808623472446392,0.018318252041491956,0.7316482811984656,0.6960133930542346,0.9512950565730028,0.03563488814423099,0.7274221438288271,0.750670134020218,0.8360095756970548,0.5183565628664497,0.6960133930542346,0.8335819658544671,0.7953686938121516,0.7274221438288271,0.7366920152091255,0.5159786950732357,0.6068911511354738,0.9388655925844185
adult,balance→imputation→label_noise→outliers,"('balance', 'imputation', 'label_noise', 'outliers')",random_forest,46,24129,33464,6033,10.23179316520691,False,0.8581137079396651,0.832587435769932,0.9702530423024918,0.025526272169733133,0.7582190860945797,0.7265374997685716,0.9582157889361597,0.03168158632600804,0.8399763124771957,0.7933408451604653,0.9444800208958315,0.046635467316730406,0.7582190860945797,0.7265374997685716,0.9582157889361597,0.03168158632600804,0.7863194759368555,0.7494669728763038,0.9531329132899271,0.036852503060551656,0.8123791102514507,0.7329545454545454,0.9022321428571428,0.0794245647969053,0.559254327563249,0.5153129161118508,0.9214285714285714,0.04394141145139818,0.6624605678233438,0.6051602814698983,0.9135038534569417,0.05730028635344553,0.5925820540707142,0.5155684305410934,0.8700371990670669,0.07701362352962082,0.9148489132859271,0.8380459982584832,0.9160485257050965,0.07680291502744385,0.9571838446259104,0.9377620834252924,0.9797094765967258,0.019421761200618004,0.7316482811984656,0.6951553163351426,0.9501222570993453,0.036492964863322985,0.7265374997685716,0.7494669728763038,0.8380459982584832,0.5155684305410934,0.6951553163351426,0.832587435769932,0.7933408451604653,0.7265374997685716,0.7329545454545454,0.5153129161118508,0.6051602814698983,0.9377620834252924
adult,balance→imputation→outliers→label_noise,"('balance', 'imputation', 'outliers', 'label_noise')",random_forest,46,24129,33464,6033,9.815428733825684,False,0.8581137079396651,0.8322559257417537,0.9698667181765501,0.02585778219791146,0.7582190860945797,0.7236463351593887,0.9544026897116669,0.034572750935190966,0.8399763124771957,0.7944571506177445,0.9458089934402918,0.04551916185945126,0.7582190860945797,0.7236463351593887,0.9544026897116669,0.034572750935190966,0.7863194759368555,0.7473776981870301,0.9504758829692875,0.038941777749825324,0.8123791102514507,0.7369439071566731,0.9071428571428571,0.07543520309477758,0.559254327563249,0.507323568575233,0.907142857142857,0.051930758988016024,0.6624605678233438,0.6009463722397477,0.9071428571428573,0.061514195583596165,0.5925820540707142,0.5132417075691907,0.8661107842255791,0.07934034650152344,0.9148489132859271,0.8414339623972275,0.9197518302502978,0.07341495088869965,0.9571838446259104,0.9399691017435444,0.9820152178925523,0.01721474288236602,0.7316482811984656,0.6905566443435261,0.9438368982598717,0.04109163685493944,0.7236463351593887,0.7473776981870301,0.8414339623972275,0.5132417075691907,0.6905566443435261,0.8322559257417537,0.7944571506177445,0.7236463351593887,0.7369439071566731,0.507323568575233,0.6009463722397477,0.9399691017435444
adult,balance→label_noise→imputation→outliers,"('balance', 'label_noise', 'imputation', 'outliers')",random_forest,46,24129,33464,6033,9.849701881408691,False,0.8581137079396651,0.832587435769932,0.9702530423024918,0.025526272169733133,0.7582190860945797,0.7265374997685716,0.9582157889361597,0.03168158632600804,0.8399763124771957,0.7933408451604653,0.9444800208958315,0.046635467316730406,0.7582190860945797,0.7265374997685716,0.9582157889361597,0.03168158632600804,0.7863194759368555,0.7494669728763038,0.9531329132899271,0.036852503060551656,0.8123791102514507,0.7329545454545454,0.9022321428571428,0.0794245647969053,0.559254327563249,0.5153129161118508,0.9214285714285714,0.04394141145139818,0.6624605678233438,0.6051602814698983,0.9135038534569417,0.05730028635344553,0.5925820540707142,0.5155684305410934,0.8700371990670669,0.07701362352962082,0.9148489132859271,0.8380459982584832,0.9160485257050965,0.07680291502744385,0.9571838446259104,0.9377620834252924,0.9797094765967258,0.019421761200618004,0.7316482811984656,0.6951553163351426,0.9501222570993453,0.036492964863322985,0.7265374997685716,0.7494669728763038,0.8380459982584832,0.5155684305410934,0.6951553163351426,0.832587435769932,0.7933408451604653,0.7265374997685716,0.7329545454545454,0.5153129161118508,0.6051602814698983,0.9377620834252924
adult,balance→label_noise→outliers→imputation,"('balance', 'label_noise', 'outliers', 'imputation')",random_forest,46,24129,33464,6033,9.9740149974823,False,0.8581137079396651,0.832587435769932,0.9702530423024918,0.025526272169733133,0.7582190860945797,0.7265374997685716,0.9582157889361597,0.03168158632600804,0.8399763124771957,0.7933408451604653,0.9444800208958315,0.046635467316730406,0.7582190860945797,0.7265374997685716,0.9582157889361597,0.03168158632600804,0.7863194759368555,0.7494669728763038,0.9531329132899271,0.036852503060551656,0.8123791102514507,0.7329545454545454,0.9022321428571428,0.0794245647969053,0.559254327563249,0.5153129161118508,0.9214285714285714,0.04394141145139818,0.6624605678233438,0.6051602814698983,0.9135038534569417,0.05730028635344553,0.5925820540707142,0.5155684305410934,0.8700371990670669,0.07701362352962082,0.9148489132859271,0.8380459982584832,0.9160485257050965,0.07680291502744385,0.9571838446259104,0.9377620834252924,0.9797094765967258,0.019421761200618004,0.7316482811984656,0.6951553163351426,0.9501222570993453,0.036492964863322985,0.7265374997685716,0.7494669728763038,0.8380459982584832,0.5155684305410934,0.6951553163351426,0.832587435769932,0.7933408451604653,0.7265374997685716,0.7329545454545454,0.5153129161118508,0.6051602814698983,0.9377620834252924
adult,balance→outliers→imputation→label_noise,"('balance', 'outliers', 'imputation', 'label_noise')",random_forest,46,24129,33464,6033,9.747138977050781,False,0.8581137079396651,0.8322559257417537,0.9698667181765501,0.02585778219791146,0.7582190860945797,0.7236463351593887,0.9544026897116669,0.034572750935190966,0.8399763124771957,0.7944571506177445,0.9458089934402918,0.04551916185945126,0.7582190860945797,0.7236463351593887,0.9544026897116669,0.034572750935190966,0.7863194759368555,0.7473776981870301,0.9504758829692875,0.038941777749825324,0.8123791102514507,0.7369439071566731,0.9071428571428571,0.07543520309477758,0.559254327563249,0.507323568575233,0.907142857142857,0.051930758988016024,0.6624605678233438,0.6009463722397477,0.9071428571428573,0.061514195583596165,0.5925820540707142,0.5132417075691907,0.8661107842255791,0.07934034650152344,0.9148489132859271,0.8414339623972275,0.9197518302502978,0.07341495088869965,0.9571838446259104,0.9399691017435444,0.9820152178925523,0.01721474288236602,0.7316482811984656,0.6905566443435261,0.9438368982598717,0.04109163685493944,0.7236463351593887,0.7473776981870301,0.8414339623972275,0.5132417075691907,0.6905566443435261,0.8322559257417537,0.7944571506177445,0.7236463351593887,0.7369439071566731,0.507323568575233,0.6009463722397477,0.9399691017435444
adult,balance→outliers→label_noise→imputation,"('balance', 'outliers', 'label_noise', 'imputation')",random_forest,46,24129,33464,6033,9.906843900680542,False,0.8581137079396651,0.8322559257417537,0.9698667181765501,0.02585778219791146,0.7582190860945797,0.7236463351593887,0.9544026897116669,0.034572750935190966,0.8399763124771957,0.7944571506177445,0.9458089934402918,0.04551916185945126,0.7582190860945797,0.7236463351593887,0.9544026897116669,0.034572750935190966,0.7863194759368555,0.7473776981870301,0.9504758829692875,0.038941777749825324,0.8123791102514507,0.7369439071566731,0.9071428571428571,0.07543520309477758,0.559254327563249,0.507323568575233,0.907142857142857,0.051930758988016024,0.6624605678233438,0.6009463722397477,0.9071428571428573,0.061514195583596165,0.5925820540707142,0.5132417075691907,0.8661107842255791,0.07934034650152344,0.9148489132859271,0.8414339623972275,0.9197518302502978,0.07341495088869965,0.9571838446259104,0.9399691017435444,0.9820152178925523,0.01721474288236602,0.7316482811984656,0.6905566443435261,0.9438368982598717,0.04109163685493944,0.7236463351593887,0.7473776981870301,0.8414339623972275,0.5132417075691907,0.6905566443435261,0.8322559257417537,0.7944571506177445,0.7236463351593887,0.7369439071566731,0.507323568575233,0.6009463722397477,0.9399691017435444
