dataset,cleaning_order,order_tuple,model,seed,n_train_clean,n_train_cleaned,n_test,total_time,failed,accuracy_baseline,accuracy_cleaned,accuracy_recovery,accuracy_gap,balanced_accuracy_baseline,balanced_accuracy_cleaned,balanced_accuracy_recovery,balanced_accuracy_gap,precision_macro_baseline,precision_macro_cleaned,precision_macro_recovery,precision_macro_gap,recall_macro_baseline,recall_macro_cleaned,recall_macro_recovery,recall_macro_gap,f1_macro_baseline,f1_macro_cleaned,f1_macro_recovery,f1_macro_gap,precision_minority_baseline,precision_minority_cleaned,precision_minority_recovery,precision_minority_gap,recall_minority_baseline,recall_minority_cleaned,recall_minority_recovery,recall_minority_gap,f1_minority_baseline,f1_minority_cleaned,f1_minority_recovery,f1_minority_gap,mcc_baseline,mcc_cleaned,mcc_recovery,mcc_gap,auc_baseline,auc_cleaned,auc_recovery,auc_gap,specificity_baseline,specificity_cleaned,specificity_recovery,specificity_gap,gmean_baseline,gmean_cleaned,gmean_recovery,gmean_gap,balanced_accuracy,f1_macro,auc,mcc,gmean,accuracy,precision_macro,recall_macro,precision_minority,recall_minority,f1_minority,specificity
breast_cancer,imputation→label_noise→outliers→balance,"('imputation', 'label_noise', 'outliers', 'balance')",random_forest,42,455,509,114,0.8531298637390137,False,0.956140350877193,0.9385964912280702,0.9816513761467891,0.01754385964912275,0.9503968253968254,0.9166666666666667,0.9645093945720252,0.03373015873015861,0.9550618108920814,0.9556962025316456,1.000664241447338,-0.0006343916395641358,0.9503968253968254,0.9166666666666667,0.9645093945720252,0.03373015873015861,0.9526381387619444,0.9313666465984347,0.9776709630887188,0.021271492163509653,0.958904109589041,0.9113924050632911,0.9504520795660036,0.04751170452574993,0.9722222222222222,1.0,1.0285714285714287,-0.02777777777777779,0.9655172413793104,0.9536423841059603,0.987701040681173,0.011874857273350137,0.9054466190452621,0.8714893406611902,0.962496653397549,0.03395727838407192,0.9937169312169312,0.9778439153439153,0.9840266222961731,0.015873015873015817,0.9285714285714286,0.8333333333333334,0.8974358974358975,0.09523809523809523,0.950146187582615,0.9128709291752769,0.9607689228305228,0.03727525840733814,0.9166666666666667,0.9313666465984347,0.9778439153439153,0.8714893406611902,0.9128709291752769,0.9385964912280702,0.9556962025316456,0.9166666666666667,0.9113924050632911,1.0,0.9536423841059603,0.8333333333333334
breast_cancer,imputation→label_noise→balance→outliers,"('imputation', 'label_noise', 'balance', 'outliers')",random_forest,42,455,519,114,0.8034491539001465,False,0.956140350877193,0.9473684210526315,0.9908256880733944,0.00877192982456143,0.9503968253968254,0.9285714285714286,0.977035490605428,0.021825396825396748,0.9550618108920814,0.9615384615384616,1.0067813942223598,-0.006476650646380144,0.9503968253968254,0.9285714285714286,0.977035490605428,0.021825396825396748,0.9526381387619444,0.9415384615384615,0.9883484853567714,0.011099677223482818,0.958904109589041,0.9230769230769231,0.9626373626373628,0.035827186512117914,0.9722222222222222,1.0,1.0285714285714287,-0.02777777777777779,0.9655172413793104,0.96,0.9942857142857142,0.0055172413793104225,0.9054466190452621,0.8894991799933214,0.9823872123253866,0.015947439051940737,0.9937169312169312,0.9672619047619048,0.9733777038269551,0.026455026455026398,0.9285714285714286,0.8571428571428571,0.923076923076923,0.07142857142857151,0.950146187582615,0.9258200997725514,0.97439753152938,0.024326087810063624,0.9285714285714286,0.9415384615384615,0.9672619047619048,0.8894991799933214,0.9258200997725514,0.9473684210526315,0.9615384615384616,0.9285714285714286,0.9230769230769231,1.0,0.96,0.8571428571428571
breast_cancer,imputation→outliers→label_noise→balance,"('imputation', 'outliers', 'label_noise', 'balance')",random_forest,42,455,495,114,0.7701280117034912,False,0.956140350877193,0.956140350877193,1.0,0.0,0.9503968253968254,0.9553571428571428,1.0052192066805845,-0.004960317460317443,0.9550618108920814,0.9510317720275139,0.9957803371272869,0.004030038864567542,0.9503968253968254,0.9553571428571428,1.0052192066805845,-0.004960317460317443,0.9526381387619444,0.9531057178116001,1.0004908254568345,-0.00046757904965577524,0.958904109589041,0.971830985915493,1.0134808853118713,-0.012926876326451953,0.9722222222222222,0.9583333333333334,0.9857142857142858,0.01388888888888884,0.9655172413793104,0.965034965034965,0.9995004995004995,0.00048227634434538924,0.9054466190452621,0.9063785942932301,1.001029298943046,-0.0009319752479679533,0.9937169312169312,0.9854497354497355,0.9916805324459236,0.0082671957671957,0.9285714285714286,0.9523809523809523,1.0256410256410255,-0.023809523809523725,0.950146187582615,0.9553525070351847,1.0054794930723405,-0.005206319452569663,0.9553571428571428,0.9531057178116001,0.9854497354497355,0.9063785942932301,0.9553525070351847,0.956140350877193,0.9510317720275139,0.9553571428571428,0.971830985915493,0.9583333333333334,0.965034965034965,0.9523809523809523
breast_cancer,imputation→outliers→balance→label_noise,"('imputation', 'outliers', 'balance', 'label_noise')",random_forest,42,455,531,114,0.7712860107421875,False,0.956140350877193,0.9210526315789473,0.963302752293578,0.03508771929824561,0.9503968253968254,0.9226190476190477,0.9707724425887266,0.02777777777777768,0.9550618108920814,0.9115942028985508,0.9544871258615927,0.043467607993530666,0.9503968253968254,0.9226190476190477,0.9707724425887266,0.02777777777777768,0.9526381387619444,0.9163609684519443,0.9619192547160182,0.036277170310000106,0.958904109589041,0.9565217391304348,0.9975155279503106,0.002382370458606231,0.9722222222222222,0.9166666666666666,0.9428571428571428,0.05555555555555558,0.9655172413793104,0.9361702127659575,0.9696048632218844,0.02934702861335292,0.9054466190452621,0.8341403959394523,0.9212474577673084,0.07130622310580981,0.9937169312169312,0.984457671957672,0.9906821963394343,0.00925925925925919,0.9285714285714286,0.9285714285714286,1.0,0.0,0.950146187582615,0.9225998461903602,0.9710083124552245,0.02754634139225487,0.9226190476190477,0.9163609684519443,0.984457671957672,0.8341403959394523,0.9225998461903602,0.9210526315789473,0.9115942028985508,0.9226190476190477,0.9565217391304348,0.9166666666666666,0.9361702127659575,0.9285714285714286
breast_cancer,imputation→balance→label_noise→outliers,"('imputation', 'balance', 'label_noise', 'outliers')",random_forest,42,455,531,114,0.7837600708007812,False,0.956140350877193,0.9298245614035088,0.9724770642201835,0.02631578947368418,0.9503968253968254,0.9196428571428572,0.9676409185803759,0.030753968253968145,0.9550618108920814,0.9287162162162163,0.9724147752790399,0.02634559467586517,0.9503968253968254,0.9196428571428572,0.9676409185803759,0.030753968253968145,0.9526381387619444,0.9238222519211494,0.9697514872979531,0.028815886840794946,0.958904109589041,0.9324324324324325,0.9723938223938224,0.026471677156608586,0.9722222222222222,0.9583333333333334,0.9857142857142858,0.01388888888888884,0.9655172413793104,0.9452054794520548,0.9789628180039138,0.02031176192725559,0.9054466190452621,0.8483105513347052,0.9368973647824723,0.057136067710556904,0.9937169312169312,0.9932208994708995,0.9995008319467555,0.0004960317460316332,0.9285714285714286,0.8809523809523809,0.9487179487179487,0.04761904761904767,0.950146187582615,0.9188286193551177,0.9670392107690542,0.03131756822749732,0.9196428571428572,0.9238222519211494,0.9932208994708995,0.8483105513347052,0.9188286193551177,0.9298245614035088,0.9287162162162163,0.9196428571428572,0.9324324324324325,0.9583333333333334,0.9452054794520548,0.8809523809523809
breast_cancer,imputation→balance→outliers→label_noise,"('imputation', 'balance', 'outliers', 'label_noise')",random_forest,42,455,531,114,0.7681522369384766,False,0.956140350877193,0.9298245614035088,0.9724770642201835,0.02631578947368418,0.9503968253968254,0.9246031746031746,0.9728601252609604,0.025793650793650702,0.9550618108920814,0.9246031746031746,0.9681082041585803,0.03045863628890677,0.9503968253968254,0.9246031746031746,0.9728601252609604,0.025793650793650702,0.9526381387619444,0.9246031746031746,0.9705712347448064,0.028034964158769715,0.958904109589041,0.9444444444444444,0.984920634920635,0.014459665144596623,0.9722222222222222,0.9444444444444444,0.9714285714285714,0.02777777777777779,0.9655172413793104,0.9444444444444444,0.9781746031746031,0.021072796934865967,0.9054466190452621,0.8492063492063492,0.9378867084420561,0.05624026983891295,0.9937169312169312,0.9918981481481481,0.9981697171381032,0.0018187830687830253,0.9285714285714286,0.9047619047619048,0.9743589743589743,0.023809523809523836,0.950146187582615,0.924390260927361,0.972892669578791,0.025755926655254058,0.9246031746031746,0.9246031746031746,0.9918981481481481,0.8492063492063492,0.924390260927361,0.9298245614035088,0.9246031746031746,0.9246031746031746,0.9444444444444444,0.9444444444444444,0.9444444444444444,0.9047619047619048
breast_cancer,label_noise→imputation→outliers→balance,"('label_noise', 'imputation', 'outliers', 'balance')",random_forest,42,455,509,114,0.7592728137969971,False,0.956140350877193,0.956140350877193,1.0,0.0,0.9503968253968254,0.9404761904761905,0.989561586638831,0.009920634920634885,0.9550618108920814,0.9675324675324675,1.0130574340824472,-0.012470656640386046,0.9503968253968254,0.9404761904761905,0.989561586638831,0.009920634920634885,0.9526381387619444,0.951575906889814,0.998884957646656,0.0010622318721303925,0.958904109589041,0.935064935064935,0.975139146567718,0.023839174524106,0.9722222222222222,1.0,1.0285714285714287,-0.02777777777777779,0.9655172413793104,0.9664429530201343,1.0009587727708533,-0.0009257116408238897,0.9054466190452621,0.907605465436683,1.002384288975199,-0.0021588463914208322,0.9937169312169312,0.9828042328042328,0.989018302828619,0.010912698412698374,0.9285714285714286,0.8809523809523809,0.9487179487179487,0.04761904761904767,0.950146187582615,0.9385906354489059,0.9878381324003319,0.01155555213370918,0.9404761904761905,0.951575906889814,0.9828042328042328,0.907605465436683,0.9385906354489059,0.956140350877193,0.9675324675324675,0.9404761904761905,0.935064935064935,1.0,0.9664429530201343,0.8809523809523809
breast_cancer,label_noise→imputation→balance→outliers,"('label_noise', 'imputation', 'balance', 'outliers')",random_forest,42,455,517,114,0.816112756729126,False,0.956140350877193,0.9473684210526315,0.9908256880733944,0.00877192982456143,0.9503968253968254,0.9285714285714286,0.977035490605428,0.021825396825396748,0.9550618108920814,0.9615384615384616,1.0067813942223598,-0.006476650646380144,0.9503968253968254,0.9285714285714286,0.977035490605428,0.021825396825396748,0.9526381387619444,0.9415384615384615,0.9883484853567714,0.011099677223482818,0.958904109589041,0.9230769230769231,0.9626373626373628,0.035827186512117914,0.9722222222222222,1.0,1.0285714285714287,-0.02777777777777779,0.9655172413793104,0.96,0.9942857142857142,0.0055172413793104225,0.9054466190452621,0.8894991799933214,0.9823872123253866,0.015947439051940737,0.9937169312169312,0.9761904761904762,0.9823627287853578,0.017526455026455,0.9285714285714286,0.8571428571428571,0.923076923076923,0.07142857142857151,0.950146187582615,0.9258200997725514,0.97439753152938,0.024326087810063624,0.9285714285714286,0.9415384615384615,0.9761904761904762,0.8894991799933214,0.9258200997725514,0.9473684210526315,0.9615384615384616,0.9285714285714286,0.9230769230769231,1.0,0.96,0.8571428571428571
breast_cancer,label_noise→outliers→imputation→balance,"('label_noise', 'outliers', 'imputation', 'balance')",random_forest,42,455,509,114,0.802109956741333,False,0.956140350877193,0.9473684210526315,0.9908256880733944,0.00877192982456143,0.9503968253968254,0.9285714285714286,0.977035490605428,0.021825396825396748,0.9550618108920814,0.9615384615384616,1.0067813942223598,-0.006476650646380144,0.9503968253968254,0.9285714285714286,0.977035490605428,0.021825396825396748,0.9526381387619444,0.9415384615384615,0.9883484853567714,0.011099677223482818,0.958904109589041,0.9230769230769231,0.9626373626373628,0.035827186512117914,0.9722222222222222,1.0,1.0285714285714287,-0.02777777777777779,0.9655172413793104,0.96,0.9942857142857142,0.0055172413793104225,0.9054466190452621,0.8894991799933214,0.9823872123253866,0.015947439051940737,0.9937169312169312,0.9753637566137566,0.9815307820299501,0.018353174603174538,0.9285714285714286,0.8571428571428571,0.923076923076923,0.07142857142857151,0.950146187582615,0.9258200997725514,0.97439753152938,0.024326087810063624,0.9285714285714286,0.9415384615384615,0.9753637566137566,0.8894991799933214,0.9258200997725514,0.9473684210526315,0.9615384615384616,0.9285714285714286,0.9230769230769231,1.0,0.96,0.8571428571428571
breast_cancer,label_noise→outliers→balance→imputation,"('label_noise', 'outliers', 'balance', 'imputation')",random_forest,42,455,509,114,0.7781457901000977,False,0.956140350877193,0.9473684210526315,0.9908256880733944,0.00877192982456143,0.9503968253968254,0.933531746031746,0.9822546972860126,0.016865079365079305,0.9550618108920814,0.9539473684210527,0.9988331200574465,0.0011144424710287648,0.9503968253968254,0.933531746031746,0.9822546972860126,0.016865079365079305,0.9526381387619444,0.9422297297297297,0.989074121002817,0.010408409032214627,0.958904109589041,0.9342105263157895,0.9742481203007519,0.02469358327325155,0.9722222222222222,0.9861111111111112,1.0142857142857145,-0.01388888888888895,0.9655172413793104,0.9594594594594594,0.9937258687258687,0.0060577819198509575,0.9054466190452621,0.8872442622820285,0.9798968195580354,0.018202356763233674,0.9937169312169312,0.968915343915344,0.9750415973377705,0.024801587301587213,0.9285714285714286,0.8809523809523809,0.9487179487179487,0.04761904761904767,0.950146187582615,0.932049854469669,0.9809541591078872,0.018096333112946006,0.933531746031746,0.9422297297297297,0.968915343915344,0.8872442622820285,0.932049854469669,0.9473684210526315,0.9539473684210527,0.933531746031746,0.9342105263157895,0.9861111111111112,0.9594594594594594,0.8809523809523809
breast_cancer,label_noise→balance→imputation→outliers,"('label_noise', 'balance', 'imputation', 'outliers')",random_forest,42,455,517,114,0.770219087600708,False,0.956140350877193,0.9385964912280702,0.9816513761467891,0.01754385964912275,0.9503968253968254,0.9216269841269842,0.9697286012526097,0.028769841269841168,0.9550618108920814,0.9475254475254475,0.992109030765669,0.00753636336663388,0.9503968253968254,0.9216269841269842,0.9697286012526097,0.028769841269841168,0.9526381387619444,0.9322062696457395,0.978552329279239,0.02043186911620487,0.958904109589041,0.922077922077922,0.9615955473098331,0.03682618751111899,0.9722222222222222,0.9861111111111112,1.0142857142857145,-0.01388888888888895,0.9655172413793104,0.9530201342281879,0.9870565675934803,0.01249710715112251,0.9054466190452621,0.8687664928166448,0.9594894657983324,0.03668012622861738,0.9937169312169312,0.9768518518518519,0.983028286189684,0.016865079365079305,0.9285714285714286,0.8571428571428571,0.923076923076923,0.07142857142857151,0.950146187582615,0.9193683131575153,0.9676072221018899,0.030777874425099716,0.9216269841269842,0.9322062696457395,0.9768518518518519,0.8687664928166448,0.9193683131575153,0.9385964912280702,0.9475254475254475,0.9216269841269842,0.922077922077922,0.9861111111111112,0.9530201342281879,0.8571428571428571
breast_cancer,label_noise→balance→outliers→imputation,"('label_noise', 'balance', 'outliers', 'imputation')",random_forest,42,455,517,114,0.7490880489349365,False,0.956140350877193,0.9385964912280702,0.9816513761467891,0.01754385964912275,0.9503968253968254,0.9216269841269842,0.9697286012526097,0.028769841269841168,0.9550618108920814,0.9475254475254475,0.992109030765669,0.00753636336663388,0.9503968253968254,0.9216269841269842,0.9697286012526097,0.028769841269841168,0.9526381387619444,0.9322062696457395,0.978552329279239,0.02043186911620487,0.958904109589041,0.922077922077922,0.9615955473098331,0.03682618751111899,0.9722222222222222,0.9861111111111112,1.0142857142857145,-0.01388888888888895,0.9655172413793104,0.9530201342281879,0.9870565675934803,0.01249710715112251,0.9054466190452621,0.8687664928166448,0.9594894657983324,0.03668012622861738,0.9937169312169312,0.9768518518518519,0.983028286189684,0.016865079365079305,0.9285714285714286,0.8571428571428571,0.923076923076923,0.07142857142857151,0.950146187582615,0.9193683131575153,0.9676072221018899,0.030777874425099716,0.9216269841269842,0.9322062696457395,0.9768518518518519,0.8687664928166448,0.9193683131575153,0.9385964912280702,0.9475254475254475,0.9216269841269842,0.922077922077922,0.9861111111111112,0.9530201342281879,0.8571428571428571
breast_cancer,outliers→imputation→label_noise→balance,"('outliers', 'imputation', 'label_noise', 'balance')",random_forest,42,455,500,114,0.7448530197143555,False,0.956140350877193,0.9649122807017544,1.0091743119266054,-0.00877192982456143,0.9503968253968254,0.9523809523809523,1.0020876826722338,-0.001984126984126977,0.9550618108920814,0.9736842105263157,1.0194986328862212,-0.018622399634234288,0.9503968253968254,0.9523809523809523,1.0020876826722338,-0.001984126984126977,0.9526381387619444,0.9614864864864865,1.0092882568569441,-0.008848347724542127,0.958904109589041,0.9473684210526315,0.98796992481203,0.011535688536409516,0.9722222222222222,1.0,1.0285714285714287,-0.02777777777777779,0.9655172413793104,0.972972972972973,1.0077220077220077,-0.00745573159366264,0.9054466190452621,0.9258200997725514,1.0225010291040368,-0.020373480727289284,0.9937169312169312,0.9785052910052909,0.9846921797004992,0.015211640211640232,0.9285714285714286,0.9047619047619048,0.9743589743589743,0.023809523809523836,0.950146187582615,0.9511897312113419,1.0010982979696859,-0.0010435436287268285,0.9523809523809523,0.9614864864864865,0.9785052910052909,0.9258200997725514,0.9511897312113419,0.9649122807017544,0.9736842105263157,0.9523809523809523,0.9473684210526315,1.0,0.972972972972973,0.9047619047619048
breast_cancer,outliers→imputation→balance→label_noise,"('outliers', 'imputation', 'balance', 'label_noise')",random_forest,42,455,531,114,0.7620689868927002,False,0.956140350877193,0.9473684210526315,0.9908256880733944,0.00877192982456143,0.9503968253968254,0.9484126984126984,0.9979123173277662,0.001984126984126977,0.9550618108920814,0.9402597402597402,0.9845014527190494,0.01480207063234118,0.9503968253968254,0.9484126984126984,0.9979123173277662,0.001984126984126977,0.9526381387619444,0.9439895185063871,0.9909214003684578,0.008648620255557238,0.958904109589041,0.9714285714285714,1.013061224489796,-0.012524461839530376,0.9722222222222222,0.9444444444444444,0.9714285714285714,0.02777777777777779,0.9655172413793104,0.9577464788732394,0.9919517102615694,0.007770762506071005,0.9054466190452621,0.8886350389948482,0.9814328313819972,0.016811580050413943,0.9937169312169312,0.9930555555555556,0.9993344425956739,0.000661375661375585,0.9285714285714286,0.9523809523809523,1.0256410256410255,-0.023809523809523725,0.950146187582615,0.9484043965898193,0.9981668178901741,0.0017417909927956998,0.9484126984126984,0.9439895185063871,0.9930555555555556,0.8886350389948482,0.9484043965898193,0.9473684210526315,0.9402597402597402,0.9484126984126984,0.9714285714285714,0.9444444444444444,0.9577464788732394,0.9523809523809523
breast_cancer,outliers→label_noise→imputation→balance,"('outliers', 'label_noise', 'imputation', 'balance')",random_forest,42,455,520,114,0.7726130485534668,False,0.956140350877193,0.9473684210526315,0.9908256880733944,0.00877192982456143,0.9503968253968254,0.933531746031746,0.9822546972860126,0.016865079365079305,0.9550618108920814,0.9539473684210527,0.9988331200574465,0.0011144424710287648,0.9503968253968254,0.933531746031746,0.9822546972860126,0.016865079365079305,0.9526381387619444,0.9422297297297297,0.989074121002817,0.010408409032214627,0.958904109589041,0.9342105263157895,0.9742481203007519,0.02469358327325155,0.9722222222222222,0.9861111111111112,1.0142857142857145,-0.01388888888888895,0.9655172413793104,0.9594594594594594,0.9937258687258687,0.0060577819198509575,0.9054466190452621,0.8872442622820285,0.9798968195580354,0.018202356763233674,0.9937169312169312,0.9710648148148149,0.9772046589018304,0.022652116402116285,0.9285714285714286,0.8809523809523809,0.9487179487179487,0.04761904761904767,0.950146187582615,0.932049854469669,0.9809541591078872,0.018096333112946006,0.933531746031746,0.9422297297297297,0.9710648148148149,0.8872442622820285,0.932049854469669,0.9473684210526315,0.9539473684210527,0.933531746031746,0.9342105263157895,0.9861111111111112,0.9594594594594594,0.8809523809523809
breast_cancer,outliers→label_noise→balance→imputation,"('outliers', 'label_noise', 'balance', 'imputation')",random_forest,42,455,520,114,0.7563297748565674,False,0.956140350877193,0.9473684210526315,0.9908256880733944,0.00877192982456143,0.9503968253968254,0.933531746031746,0.9822546972860126,0.016865079365079305,0.9550618108920814,0.9539473684210527,0.9988331200574465,0.0011144424710287648,0.9503968253968254,0.933531746031746,0.9822546972860126,0.016865079365079305,0.9526381387619444,0.9422297297297297,0.989074121002817,0.010408409032214627,0.958904109589041,0.9342105263157895,0.9742481203007519,0.02469358327325155,0.9722222222222222,0.9861111111111112,1.0142857142857145,-0.01388888888888895,0.9655172413793104,0.9594594594594594,0.9937258687258687,0.0060577819198509575,0.9054466190452621,0.8872442622820285,0.9798968195580354,0.018202356763233674,0.9937169312169312,0.976521164021164,0.9826955074875208,0.01719576719576721,0.9285714285714286,0.8809523809523809,0.9487179487179487,0.04761904761904767,0.950146187582615,0.932049854469669,0.9809541591078872,0.018096333112946006,0.933531746031746,0.9422297297297297,0.976521164021164,0.8872442622820285,0.932049854469669,0.9473684210526315,0.9539473684210527,0.933531746031746,0.9342105263157895,0.9861111111111112,0.9594594594594594,0.8809523809523809
breast_cancer,outliers→balance→imputation→label_noise,"('outliers', 'balance', 'imputation', 'label_noise')",random_forest,42,455,531,114,0.7511169910430908,False,0.956140350877193,0.9385964912280702,0.9816513761467891,0.01754385964912275,0.9503968253968254,0.9365079365079365,0.9853862212943633,0.01388888888888884,0.9550618108920814,0.9323616115296429,0.976231696102229,0.0227001993624385,0.9503968253968254,0.9365079365079365,0.9853862212943633,0.01388888888888884,0.9526381387619444,0.9343480049362403,0.980800544213489,0.018290133825704102,0.958904109589041,0.9577464788732394,0.9987927565392354,0.0011576307158016608,0.9722222222222222,0.9444444444444444,0.9714285714285714,0.02777777777777779,0.9655172413793104,0.951048951048951,0.985014985014985,0.014468290330359346,0.9054466190452621,0.868859654660177,0.959592356285273,0.03658696438508513,0.9937169312169312,0.9828042328042328,0.989018302828619,0.010912698412698374,0.9285714285714286,0.9285714285714286,1.0,0.0,0.950146187582615,0.936474306633197,0.9856107606091623,0.01367188094941807,0.9365079365079365,0.9343480049362403,0.9828042328042328,0.868859654660177,0.936474306633197,0.9385964912280702,0.9323616115296429,0.9365079365079365,0.9577464788732394,0.9444444444444444,0.951048951048951,0.9285714285714286
breast_cancer,outliers→balance→label_noise→imputation,"('outliers', 'balance', 'label_noise', 'imputation')",random_forest,42,455,531,114,0.7891666889190674,False,0.956140350877193,0.9385964912280702,0.9816513761467891,0.01754385964912275,0.9503968253968254,0.9365079365079365,0.9853862212943633,0.01388888888888884,0.9550618108920814,0.9323616115296429,0.976231696102229,0.0227001993624385,0.9503968253968254,0.9365079365079365,0.9853862212943633,0.01388888888888884,0.9526381387619444,0.9343480049362403,0.980800544213489,0.018290133825704102,0.958904109589041,0.9577464788732394,0.9987927565392354,0.0011576307158016608,0.9722222222222222,0.9444444444444444,0.9714285714285714,0.02777777777777779,0.9655172413793104,0.951048951048951,0.985014985014985,0.014468290330359346,0.9054466190452621,0.868859654660177,0.959592356285273,0.03658696438508513,0.9937169312169312,0.9828042328042328,0.989018302828619,0.010912698412698374,0.9285714285714286,0.9285714285714286,1.0,0.0,0.950146187582615,0.936474306633197,0.9856107606091623,0.01367188094941807,0.9365079365079365,0.9343480049362403,0.9828042328042328,0.868859654660177,0.936474306633197,0.9385964912280702,0.9323616115296429,0.9365079365079365,0.9577464788732394,0.9444444444444444,0.951048951048951,0.9285714285714286
breast_cancer,balance→imputation→label_noise→outliers,"('balance', 'imputation', 'label_noise', 'outliers')",random_forest,42,455,531,114,0.7950229644775391,False,0.956140350877193,0.9385964912280702,0.9816513761467891,0.01754385964912275,0.9503968253968254,0.9365079365079365,0.9853862212943633,0.01388888888888884,0.9550618108920814,0.9323616115296429,0.976231696102229,0.0227001993624385,0.9503968253968254,0.9365079365079365,0.9853862212943633,0.01388888888888884,0.9526381387619444,0.9343480049362403,0.980800544213489,0.018290133825704102,0.958904109589041,0.9577464788732394,0.9987927565392354,0.0011576307158016608,0.9722222222222222,0.9444444444444444,0.9714285714285714,0.02777777777777779,0.9655172413793104,0.951048951048951,0.985014985014985,0.014468290330359346,0.9054466190452621,0.868859654660177,0.959592356285273,0.03658696438508513,0.9937169312169312,0.9828042328042328,0.989018302828619,0.010912698412698374,0.9285714285714286,0.9285714285714286,1.0,0.0,0.950146187582615,0.936474306633197,0.9856107606091623,0.01367188094941807,0.9365079365079365,0.9343480049362403,0.9828042328042328,0.868859654660177,0.936474306633197,0.9385964912280702,0.9323616115296429,0.9365079365079365,0.9577464788732394,0.9444444444444444,0.951048951048951,0.9285714285714286
breast_cancer,balance→imputation→outliers→label_noise,"('balance', 'imputation', 'outliers', 'label_noise')",random_forest,42,455,531,114,0.7890050411224365,False,0.956140350877193,0.9473684210526315,0.9908256880733944,0.00877192982456143,0.9503968253968254,0.9384920634920635,0.9874739039665971,0.011904761904761862,0.9550618108920814,0.9479729729729729,0.9925776134714389,0.007088837919108526,0.9503968253968254,0.9384920634920635,0.9874739039665971,0.011904761904761862,0.9526381387619444,0.942866688940862,0.9897427476147644,0.009771449821082356,0.958904109589041,0.9459459459459459,0.9864864864864865,0.0129581636430951,0.9722222222222222,0.9722222222222222,1.0,0.0,0.9655172413793104,0.958904109589041,0.9931506849315067,0.006613131790269344,0.9054466190452621,0.8864143349643965,0.9789802251391319,0.019032284080865658,0.9937169312169312,0.9884259259259258,0.994675540765391,0.005291005291005346,0.9285714285714286,0.9047619047619048,0.9743589743589743,0.023809523809523836,0.950146187582615,0.9378857231185629,0.987096233585649,0.012260464464052157,0.9384920634920635,0.942866688940862,0.9884259259259258,0.8864143349643965,0.9378857231185629,0.9473684210526315,0.9479729729729729,0.9384920634920635,0.9459459459459459,0.9722222222222222,0.958904109589041,0.9047619047619048
breast_cancer,balance→label_noise→imputation→outliers,"('balance', 'label_noise', 'imputation', 'outliers')",random_forest,42,455,531,114,0.853593111038208,False,0.956140350877193,0.9385964912280702,0.9816513761467891,0.01754385964912275,0.9503968253968254,0.9365079365079365,0.9853862212943633,0.01388888888888884,0.9550618108920814,0.9323616115296429,0.976231696102229,0.0227001993624385,0.9503968253968254,0.9365079365079365,0.9853862212943633,0.01388888888888884,0.9526381387619444,0.9343480049362403,0.980800544213489,0.018290133825704102,0.958904109589041,0.9577464788732394,0.9987927565392354,0.0011576307158016608,0.9722222222222222,0.9444444444444444,0.9714285714285714,0.02777777777777779,0.9655172413793104,0.951048951048951,0.985014985014985,0.014468290330359346,0.9054466190452621,0.868859654660177,0.959592356285273,0.03658696438508513,0.9937169312169312,0.9828042328042328,0.989018302828619,0.010912698412698374,0.9285714285714286,0.9285714285714286,1.0,0.0,0.950146187582615,0.936474306633197,0.9856107606091623,0.01367188094941807,0.9365079365079365,0.9343480049362403,0.9828042328042328,0.868859654660177,0.936474306633197,0.9385964912280702,0.9323616115296429,0.9365079365079365,0.9577464788732394,0.9444444444444444,0.951048951048951,0.9285714285714286
breast_cancer,balance→label_noise→outliers→imputation,"('balance', 'label_noise', 'outliers', 'imputation')",random_forest,42,455,531,114,0.8443448543548584,False,0.956140350877193,0.9385964912280702,0.9816513761467891,0.01754385964912275,0.9503968253968254,0.9365079365079365,0.9853862212943633,0.01388888888888884,0.9550618108920814,0.9323616115296429,0.976231696102229,0.0227001993624385,0.9503968253968254,0.9365079365079365,0.9853862212943633,0.01388888888888884,0.9526381387619444,0.9343480049362403,0.980800544213489,0.018290133825704102,0.958904109589041,0.9577464788732394,0.9987927565392354,0.0011576307158016608,0.9722222222222222,0.9444444444444444,0.9714285714285714,0.02777777777777779,0.9655172413793104,0.951048951048951,0.985014985014985,0.014468290330359346,0.9054466190452621,0.868859654660177,0.959592356285273,0.03658696438508513,0.9937169312169312,0.9828042328042328,0.989018302828619,0.010912698412698374,0.9285714285714286,0.9285714285714286,1.0,0.0,0.950146187582615,0.936474306633197,0.9856107606091623,0.01367188094941807,0.9365079365079365,0.9343480049362403,0.9828042328042328,0.868859654660177,0.936474306633197,0.9385964912280702,0.9323616115296429,0.9365079365079365,0.9577464788732394,0.9444444444444444,0.951048951048951,0.9285714285714286
breast_cancer,balance→outliers→imputation→label_noise,"('balance', 'outliers', 'imputation', 'label_noise')",random_forest,42,455,531,114,0.7834129333496094,False,0.956140350877193,0.9473684210526315,0.9908256880733944,0.00877192982456143,0.9503968253968254,0.9384920634920635,0.9874739039665971,0.011904761904761862,0.9550618108920814,0.9479729729729729,0.9925776134714389,0.007088837919108526,0.9503968253968254,0.9384920634920635,0.9874739039665971,0.011904761904761862,0.9526381387619444,0.942866688940862,0.9897427476147644,0.009771449821082356,0.958904109589041,0.9459459459459459,0.9864864864864865,0.0129581636430951,0.9722222222222222,0.9722222222222222,1.0,0.0,0.9655172413793104,0.958904109589041,0.9931506849315067,0.006613131790269344,0.9054466190452621,0.8864143349643965,0.9789802251391319,0.019032284080865658,0.9937169312169312,0.9884259259259258,0.994675540765391,0.005291005291005346,0.9285714285714286,0.9047619047619048,0.9743589743589743,0.023809523809523836,0.950146187582615,0.9378857231185629,0.987096233585649,0.012260464464052157,0.9384920634920635,0.942866688940862,0.9884259259259258,0.8864143349643965,0.9378857231185629,0.9473684210526315,0.9479729729729729,0.9384920634920635,0.9459459459459459,0.9722222222222222,0.958904109589041,0.9047619047619048
breast_cancer,balance→outliers→label_noise→imputation,"('balance', 'outliers', 'label_noise', 'imputation')",random_forest,42,455,531,114,0.7796788215637207,False,0.956140350877193,0.9473684210526315,0.9908256880733944,0.00877192982456143,0.9503968253968254,0.9384920634920635,0.9874739039665971,0.011904761904761862,0.9550618108920814,0.9479729729729729,0.9925776134714389,0.007088837919108526,0.9503968253968254,0.9384920634920635,0.9874739039665971,0.011904761904761862,0.9526381387619444,0.942866688940862,0.9897427476147644,0.009771449821082356,0.958904109589041,0.9459459459459459,0.9864864864864865,0.0129581636430951,0.9722222222222222,0.9722222222222222,1.0,0.0,0.9655172413793104,0.958904109589041,0.9931506849315067,0.006613131790269344,0.9054466190452621,0.8864143349643965,0.9789802251391319,0.019032284080865658,0.9937169312169312,0.9884259259259258,0.994675540765391,0.005291005291005346,0.9285714285714286,0.9047619047619048,0.9743589743589743,0.023809523809523836,0.950146187582615,0.9378857231185629,0.987096233585649,0.012260464464052157,0.9384920634920635,0.942866688940862,0.9884259259259258,0.8864143349643965,0.9378857231185629,0.9473684210526315,0.9479729729729729,0.9384920634920635,0.9459459459459459,0.9722222222222222,0.958904109589041,0.9047619047619048
breast_cancer,imputation→label_noise→outliers→balance,"('imputation', 'label_noise', 'outliers', 'balance')",random_forest,43,455,516,114,0.7834770679473877,False,0.9473684210526315,0.8859649122807017,0.9351851851851852,0.06140350877192979,0.933531746031746,0.8501984126984128,0.9107332624867164,0.08333333333333326,0.9539473684210527,0.9115818111154295,0.9555892088934157,0.04236555730562319,0.933531746031746,0.8501984126984128,0.9107332624867164,0.08333333333333326,0.9422297297297297,0.8690234202386213,0.9223052434228466,0.0732063094911084,0.9342105263157895,0.8554216867469879,0.9156626506024096,0.07878883956880156,0.9861111111111112,0.9861111111111112,1.0,0.0,0.9594594594594594,0.9161290322580645,0.9548387096774194,0.043330427201394905,0.8872442622820285,0.7593030934960329,0.8557993844255181,0.1279411687859956,0.9753637566137565,0.9623015873015873,0.9866078996440076,0.013062169312169192,0.8809523809523809,0.7142857142857143,0.8108108108108109,0.16666666666666663,0.932049854469669,0.839264606286408,0.9004503377814963,0.09278524818326106,0.8501984126984128,0.8690234202386213,0.9623015873015873,0.7593030934960329,0.839264606286408,0.8859649122807017,0.9115818111154295,0.8501984126984128,0.8554216867469879,0.9861111111111112,0.9161290322580645,0.7142857142857143
breast_cancer,imputation→label_noise→balance→outliers,"('imputation', 'label_noise', 'balance', 'outliers')",random_forest,43,455,507,114,0.7685801982879639,False,0.9473684210526315,0.8859649122807017,0.9351851851851852,0.06140350877192979,0.933531746031746,0.8501984126984128,0.9107332624867164,0.08333333333333326,0.9539473684210527,0.9115818111154295,0.9555892088934157,0.04236555730562319,0.933531746031746,0.8501984126984128,0.9107332624867164,0.08333333333333326,0.9422297297297297,0.8690234202386213,0.9223052434228466,0.0732063094911084,0.9342105263157895,0.8554216867469879,0.9156626506024096,0.07878883956880156,0.9861111111111112,0.9861111111111112,1.0,0.0,0.9594594594594594,0.9161290322580645,0.9548387096774194,0.043330427201394905,0.8872442622820285,0.7593030934960329,0.8557993844255181,0.1279411687859956,0.9753637566137565,0.9609788359788359,0.9852517375826412,0.014384920634920584,0.8809523809523809,0.7142857142857143,0.8108108108108109,0.16666666666666663,0.932049854469669,0.839264606286408,0.9004503377814963,0.09278524818326106,0.8501984126984128,0.8690234202386213,0.9609788359788359,0.7593030934960329,0.839264606286408,0.8859649122807017,0.9115818111154295,0.8501984126984128,0.8554216867469879,0.9861111111111112,0.9161290322580645,0.7142857142857143
breast_cancer,imputation→outliers→label_noise→balance,"('imputation', 'outliers', 'label_noise', 'balance')",random_forest,43,455,518,114,0.7835860252380371,False,0.9473684210526315,0.9035087719298246,0.9537037037037038,0.04385964912280693,0.933531746031746,0.8690476190476191,0.9309245483528161,0.06448412698412698,0.9539473684210527,0.9337349397590362,0.9788117989198173,0.020212428662016446,0.933531746031746,0.8690476190476191,0.9309245483528161,0.06448412698412698,0.9422297297297297,0.8891736632788334,0.9436909441754561,0.05305606645089633,0.9342105263157895,0.8674698795180723,0.9285593076531478,0.06674064679771718,0.9861111111111112,1.0,1.0140845070422535,-0.01388888888888884,0.9594594594594594,0.9290322580645162,0.9682871422080873,0.03042720139494326,0.8872442622820285,0.8001720985283973,0.9018622408110276,0.08707216375363114,0.9753637566137565,0.9527116402116402,0.9767757246991017,0.022652116402116285,0.8809523809523809,0.7380952380952381,0.8378378378378379,0.1428571428571428,0.932049854469669,0.8591246929842246,0.9217583038764182,0.07292516148544448,0.8690476190476191,0.8891736632788334,0.9527116402116402,0.8001720985283973,0.8591246929842246,0.9035087719298246,0.9337349397590362,0.8690476190476191,0.8674698795180723,1.0,0.9290322580645162,0.7380952380952381
breast_cancer,imputation→outliers→balance→label_noise,"('imputation', 'outliers', 'balance', 'label_noise')",random_forest,43,455,538,114,0.7726671695709229,False,0.9473684210526315,0.9122807017543859,0.9629629629629629,0.03508771929824561,0.933531746031746,0.8908730158730158,0.9543039319872475,0.04265873015873023,0.9539473684210527,0.920940170940171,0.9653993516062482,0.033007197480881656,0.933531746031746,0.8908730158730158,0.9543039319872475,0.04265873015873023,0.9422297297297297,0.9025641025641026,0.95790238206875,0.03966562716562716,0.9342105263157895,0.8974358974358975,0.9606356085229325,0.036774628879892024,0.9861111111111112,0.9722222222222222,0.9859154929577464,0.01388888888888895,0.9594594594594594,0.9333333333333333,0.9727699530516433,0.02612612612612608,0.8872442622820285,0.8112561965679829,0.9143549652058598,0.0759880657140456,0.9753637566137565,0.9742063492063492,0.9988133581963046,0.0011574074074073293,0.8809523809523809,0.8095238095238095,0.918918918918919,0.0714285714285714,0.932049854469669,0.8871510790372952,0.9518279250653163,0.04489877543237386,0.8908730158730158,0.9025641025641026,0.9742063492063492,0.8112561965679829,0.8871510790372952,0.9122807017543859,0.920940170940171,0.8908730158730158,0.8974358974358975,0.9722222222222222,0.9333333333333333,0.8095238095238095
breast_cancer,imputation→balance→label_noise→outliers,"('imputation', 'balance', 'label_noise', 'outliers')",random_forest,43,455,531,114,0.8197534084320068,False,0.9473684210526315,0.9298245614035088,0.9814814814814815,0.01754385964912275,0.933531746031746,0.9196428571428572,0.9851222104144528,0.01388888888888884,0.9539473684210527,0.9287162162162163,0.9735507921714819,0.025231152204836405,0.933531746031746,0.9196428571428572,0.9851222104144528,0.01388888888888884,0.9422297297297297,0.9238222519211494,0.9804639174207967,0.01840747780858032,0.9342105263157895,0.9324324324324325,0.9980966882375333,0.0017780938833570348,0.9861111111111112,0.9583333333333334,0.971830985915493,0.02777777777777779,0.9594594594594594,0.9452054794520548,0.9851437391472121,0.014253980007404632,0.8872442622820285,0.8483105513347052,0.9561183852041104,0.03893371094732323,0.9753637566137565,0.9771825396825397,1.0018647228343789,-0.0018187830687831363,0.8809523809523809,0.8809523809523809,1.0,0.0,0.932049854469669,0.9188286193551177,0.9858148842026545,0.01322123511455131,0.9196428571428572,0.9238222519211494,0.9771825396825397,0.8483105513347052,0.9188286193551177,0.9298245614035088,0.9287162162162163,0.9196428571428572,0.9324324324324325,0.9583333333333334,0.9452054794520548,0.8809523809523809
breast_cancer,imputation→balance→outliers→label_noise,"('imputation', 'balance', 'outliers', 'label_noise')",random_forest,43,455,531,114,0.7833490371704102,False,0.9473684210526315,0.9298245614035088,0.9814814814814815,0.01754385964912275,0.933531746031746,0.9097222222222223,0.9744952178533476,0.023809523809523725,0.9539473684210527,0.9412393162393162,0.9866784556439728,0.012708052181736429,0.933531746031746,0.9097222222222223,0.9744952178533476,0.023809523809523725,0.9422297297297297,0.9220512820512821,0.9785843653179616,0.020178447678447675,0.9342105263157895,0.9102564102564102,0.9743589743589743,0.02395411605937925,0.9861111111111112,0.9861111111111112,1.0,0.0,0.9594594594594594,0.9466666666666667,0.9866666666666667,0.012792792792792773,0.8872442622820285,0.8503776882806522,0.9584482249492897,0.03686657400137627,0.9753637566137565,0.9613095238095237,0.9855907780979827,0.014054232804232791,0.8809523809523809,0.8333333333333334,0.945945945945946,0.04761904761904756,0.932049854469669,0.9065093817822623,0.9725975251592747,0.02554047268740678,0.9097222222222223,0.9220512820512821,0.9613095238095237,0.8503776882806522,0.9065093817822623,0.9298245614035088,0.9412393162393162,0.9097222222222223,0.9102564102564102,0.9861111111111112,0.9466666666666667,0.8333333333333334
breast_cancer,label_noise→imputation→outliers→balance,"('label_noise', 'imputation', 'outliers', 'balance')",random_forest,43,455,518,114,0.769719123840332,False,0.9473684210526315,0.9122807017543859,0.9629629629629629,0.03508771929824561,0.933531746031746,0.8809523809523809,0.9436769394261424,0.052579365079365115,0.9539473684210527,0.9390243902439024,0.9843566021867114,0.01492297817715027,0.933531746031746,0.8809523809523809,0.9436769394261424,0.052579365079365115,0.9422297297297297,0.8999648999648999,0.9551438163844044,0.042264829764829814,0.9342105263157895,0.8780487804878049,0.9398832016489179,0.05616174582798461,0.9861111111111112,1.0,1.0140845070422535,-0.01388888888888884,0.9594594594594594,0.935064935064935,0.9745747210535943,0.024394524394524386,0.8872442622820285,0.8179178119091964,0.9218631741900234,0.06932645037283203,0.9753637566137565,0.9652777777777778,0.9896592642820818,0.010085978835978726,0.8809523809523809,0.7619047619047619,0.8648648648648648,0.11904761904761907,0.932049854469669,0.8728715609439694,0.9365073732462823,0.05917829352569959,0.8809523809523809,0.8999648999648999,0.9652777777777778,0.8179178119091964,0.8728715609439694,0.9122807017543859,0.9390243902439024,0.8809523809523809,0.8780487804878049,1.0,0.935064935064935,0.7619047619047619
breast_cancer,label_noise→imputation→balance→outliers,"('label_noise', 'imputation', 'balance', 'outliers')",random_forest,43,455,502,114,0.7654180526733398,False,0.9473684210526315,0.8947368421052632,0.9444444444444445,0.05263157894736836,0.933531746031746,0.8621031746031746,0.9234856535600425,0.0714285714285714,0.9539473684210527,0.9173018292682926,0.9615853658536585,0.03664553915276003,0.933531746031746,0.8621031746031746,0.9234856535600425,0.0714285714285714,0.9422297297297297,0.87995787995788,0.9339101199983237,0.06227184977184974,0.9342105263157895,0.8658536585365854,0.9268292682926829,0.06835686777920413,0.9861111111111112,0.9861111111111112,1.0,0.0,0.9594594594594594,0.922077922077922,0.961038961038961,0.03738153738153738,0.8872442622820285,0.7774479201741059,0.8762501525504128,0.10979634210792255,0.9753637566137565,0.9464285714285714,0.9703339549076115,0.02893518518518512,0.8809523809523809,0.7380952380952381,0.8378378378378379,0.1428571428571428,0.932049854469669,0.8531376883855943,0.9153348228041136,0.0789121660840747,0.8621031746031746,0.87995787995788,0.9464285714285714,0.7774479201741059,0.8531376883855943,0.8947368421052632,0.9173018292682926,0.8621031746031746,0.8658536585365854,0.9861111111111112,0.922077922077922,0.7380952380952381
breast_cancer,label_noise→outliers→imputation→balance,"('label_noise', 'outliers', 'imputation', 'balance')",random_forest,43,455,518,114,0.7854609489440918,False,0.9473684210526315,0.8771929824561403,0.9259259259259259,0.07017543859649122,0.933531746031746,0.8482142857142858,0.9086078639744953,0.08531746031746024,0.9539473684210527,0.8871323529411765,0.9299594320486816,0.06681501547987612,0.933531746031746,0.8482142857142858,0.9086078639744953,0.08531746031746024,0.9422297297297297,0.861842105263158,0.914683625521315,0.08038762446657177,0.9342105263157895,0.8625,0.9232394366197183,0.07171052631578945,0.9861111111111112,0.9583333333333334,0.971830985915493,0.02777777777777779,0.9594594594594594,0.9078947368421053,0.946256486286138,0.05156472261735412,0.8872442622820285,0.7343160511831469,0.8276368553733513,0.15292821109888155,0.9753637566137565,0.9576719576719577,0.9818613324292254,0.017691798941798842,0.8809523809523809,0.7380952380952381,0.8378378378378379,0.1428571428571428,0.932049854469669,0.8410358314847649,0.9023506923492943,0.09101402298490413,0.8482142857142858,0.861842105263158,0.9576719576719577,0.7343160511831469,0.8410358314847649,0.8771929824561403,0.8871323529411765,0.8482142857142858,0.8625,0.9583333333333334,0.9078947368421053,0.7380952380952381
breast_cancer,label_noise→outliers→balance→imputation,"('label_noise', 'outliers', 'balance', 'imputation')",random_forest,43,455,518,114,0.7652409076690674,False,0.9473684210526315,0.8859649122807017,0.9351851851851852,0.06140350877192979,0.933531746031746,0.8551587301587302,0.9160467587672689,0.07837301587301582,0.9539473684210527,0.9017957351290684,0.9453307016525406,0.052151633291984245,0.933531746031746,0.8551587301587302,0.9160467587672689,0.07837301587301582,0.9422297297297297,0.8708496732026143,0.9242434681533662,0.07138005652711543,0.9342105263157895,0.8641975308641975,0.9250565119109719,0.07001299545159201,0.9861111111111112,0.9722222222222222,0.9859154929577464,0.01388888888888895,0.9594594594594594,0.9150326797385621,0.9536960324035717,0.04442677972089737,0.8872442622820285,0.7555164143064886,0.851531473828041,0.13172784797553982,0.9753637566137565,0.9725529100529101,0.9971181556195967,0.002810846560846403,0.8809523809523809,0.7380952380952381,0.8378378378378379,0.1428571428571428,0.932049854469669,0.8471083712209393,0.9088659444112451,0.08494148324872974,0.8551587301587302,0.8708496732026143,0.9725529100529101,0.7555164143064886,0.8471083712209393,0.8859649122807017,0.9017957351290684,0.8551587301587302,0.8641975308641975,0.9722222222222222,0.9150326797385621,0.7380952380952381
breast_cancer,label_noise→balance→imputation→outliers,"('label_noise', 'balance', 'imputation', 'outliers')",random_forest,43,455,502,114,0.7860510349273682,False,0.9473684210526315,0.9122807017543859,0.9629629629629629,0.03508771929824561,0.933531746031746,0.8809523809523809,0.9436769394261424,0.052579365079365115,0.9539473684210527,0.9390243902439024,0.9843566021867114,0.01492297817715027,0.933531746031746,0.8809523809523809,0.9436769394261424,0.052579365079365115,0.9422297297297297,0.8999648999648999,0.9551438163844044,0.042264829764829814,0.9342105263157895,0.8780487804878049,0.9398832016489179,0.05616174582798461,0.9861111111111112,1.0,1.0140845070422535,-0.01388888888888884,0.9594594594594594,0.935064935064935,0.9745747210535943,0.024394524394524386,0.8872442622820285,0.8179178119091964,0.9218631741900234,0.06932645037283203,0.9753637566137565,0.951058201058201,0.9750805221223937,0.02430555555555547,0.8809523809523809,0.7619047619047619,0.8648648648648648,0.11904761904761907,0.932049854469669,0.8728715609439694,0.9365073732462823,0.05917829352569959,0.8809523809523809,0.8999648999648999,0.951058201058201,0.8179178119091964,0.8728715609439694,0.9122807017543859,0.9390243902439024,0.8809523809523809,0.8780487804878049,1.0,0.935064935064935,0.7619047619047619
breast_cancer,label_noise→balance→outliers→imputation,"('label_noise', 'balance', 'outliers', 'imputation')",random_forest,43,455,502,114,0.7866499423980713,False,0.9473684210526315,0.9122807017543859,0.9629629629629629,0.03508771929824561,0.933531746031746,0.8809523809523809,0.9436769394261424,0.052579365079365115,0.9539473684210527,0.9390243902439024,0.9843566021867114,0.01492297817715027,0.933531746031746,0.8809523809523809,0.9436769394261424,0.052579365079365115,0.9422297297297297,0.8999648999648999,0.9551438163844044,0.042264829764829814,0.9342105263157895,0.8780487804878049,0.9398832016489179,0.05616174582798461,0.9861111111111112,1.0,1.0140845070422535,-0.01388888888888884,0.9594594594594594,0.935064935064935,0.9745747210535943,0.024394524394524386,0.8872442622820285,0.8179178119091964,0.9218631741900234,0.06932645037283203,0.9753637566137565,0.951058201058201,0.9750805221223937,0.02430555555555547,0.8809523809523809,0.7619047619047619,0.8648648648648648,0.11904761904761907,0.932049854469669,0.8728715609439694,0.9365073732462823,0.05917829352569959,0.8809523809523809,0.8999648999648999,0.951058201058201,0.8179178119091964,0.8728715609439694,0.9122807017543859,0.9390243902439024,0.8809523809523809,0.8780487804878049,1.0,0.935064935064935,0.7619047619047619
breast_cancer,outliers→imputation→label_noise→balance,"('outliers', 'imputation', 'label_noise', 'balance')",random_forest,43,455,525,114,0.7938270568847656,False,0.9473684210526315,0.9035087719298246,0.9537037037037038,0.04385964912280693,0.933531746031746,0.8690476190476191,0.9309245483528161,0.06448412698412698,0.9539473684210527,0.9337349397590362,0.9788117989198173,0.020212428662016446,0.933531746031746,0.8690476190476191,0.9309245483528161,0.06448412698412698,0.9422297297297297,0.8891736632788334,0.9436909441754561,0.05305606645089633,0.9342105263157895,0.8674698795180723,0.9285593076531478,0.06674064679771718,0.9861111111111112,1.0,1.0140845070422535,-0.01388888888888884,0.9594594594594594,0.9290322580645162,0.9682871422080873,0.03042720139494326,0.8872442622820285,0.8001720985283973,0.9018622408110276,0.08707216375363114,0.9753637566137565,0.957010582010582,0.9811832513985422,0.018353174603174538,0.8809523809523809,0.7380952380952381,0.8378378378378379,0.1428571428571428,0.932049854469669,0.8591246929842246,0.9217583038764182,0.07292516148544448,0.8690476190476191,0.8891736632788334,0.957010582010582,0.8001720985283973,0.8591246929842246,0.9035087719298246,0.9337349397590362,0.8690476190476191,0.8674698795180723,1.0,0.9290322580645162,0.7380952380952381
breast_cancer,outliers→imputation→balance→label_noise,"('outliers', 'imputation', 'balance', 'label_noise')",random_forest,43,455,538,114,0.7681899070739746,False,0.9473684210526315,0.9210526315789473,0.9722222222222222,0.02631578947368418,0.933531746031746,0.9027777777777778,0.9670563230605739,0.030753968253968256,0.9539473684210527,0.9275184275184275,0.9722951791917309,0.026428940902625153,0.933531746031746,0.9027777777777778,0.9670563230605739,0.030753968253968256,0.9422297297297297,0.912836632401665,0.9688047443201608,0.02939309732806472,0.9342105263157895,0.9090909090909091,0.9731113956466069,0.02511961722488043,0.9861111111111112,0.9722222222222222,0.9859154929577464,0.01388888888888895,0.9594594594594594,0.9395973154362416,0.9792986104546744,0.019862144023217843,0.8872442622820285,0.8299275201966065,0.9353991403246712,0.05731674208542192,0.9753637566137565,0.9861111111111112,1.0110188167486016,-0.010747354497354644,0.8809523809523809,0.8333333333333334,0.945945945945946,0.04761904761904756,0.932049854469669,0.9001028747788695,0.9657239582865692,0.031946979690799515,0.9027777777777778,0.912836632401665,0.9861111111111112,0.8299275201966065,0.9001028747788695,0.9210526315789473,0.9275184275184275,0.9027777777777778,0.9090909090909091,0.9722222222222222,0.9395973154362416,0.8333333333333334
breast_cancer,outliers→label_noise→imputation→balance,"('outliers', 'label_noise', 'imputation', 'balance')",random_forest,43,455,516,114,0.7857129573822021,False,0.9473684210526315,0.9122807017543859,0.9629629629629629,0.03508771929824561,0.933531746031746,0.8809523809523809,0.9436769394261424,0.052579365079365115,0.9539473684210527,0.9390243902439024,0.9843566021867114,0.01492297817715027,0.933531746031746,0.8809523809523809,0.9436769394261424,0.052579365079365115,0.9422297297297297,0.8999648999648999,0.9551438163844044,0.042264829764829814,0.9342105263157895,0.8780487804878049,0.9398832016489179,0.05616174582798461,0.9861111111111112,1.0,1.0140845070422535,-0.01388888888888884,0.9594594594594594,0.935064935064935,0.9745747210535943,0.024394524394524386,0.8872442622820285,0.8179178119091964,0.9218631741900234,0.06932645037283203,0.9753637566137565,0.9699074074074074,0.994405831496864,0.005456349206349076,0.8809523809523809,0.7619047619047619,0.8648648648648648,0.11904761904761907,0.932049854469669,0.8728715609439694,0.9365073732462823,0.05917829352569959,0.8809523809523809,0.8999648999648999,0.9699074074074074,0.8179178119091964,0.8728715609439694,0.9122807017543859,0.9390243902439024,0.8809523809523809,0.8780487804878049,1.0,0.935064935064935,0.7619047619047619
breast_cancer,outliers→label_noise→balance→imputation,"('outliers', 'label_noise', 'balance', 'imputation')",random_forest,43,455,516,114,0.7672059535980225,False,0.9473684210526315,0.9210526315789473,0.9722222222222222,0.02631578947368418,0.933531746031746,0.8928571428571428,0.9564293304994685,0.04067460317460325,0.9539473684210527,0.9444444444444444,0.9900383141762452,0.009502923976608235,0.933531746031746,0.8928571428571428,0.9564293304994685,0.04067460317460325,0.9422297297297297,0.9105882352941177,0.9664184928184254,0.03164149443561204,0.9342105263157895,0.8888888888888888,0.9514866979655712,0.04532163742690065,0.9861111111111112,1.0,1.0140845070422535,-0.01388888888888884,0.9594594594594594,0.9411764705882353,0.9809444904722453,0.01828298887122415,0.8872442622820285,0.835710894037345,0.9419174961896767,0.051533368244683464,0.9753637566137565,0.970899470899471,0.9954229530428889,0.004464285714285476,0.8809523809523809,0.7857142857142857,0.8918918918918919,0.09523809523809523,0.932049854469669,0.8864052604279183,0.9510277333096927,0.0456445940417507,0.8928571428571428,0.9105882352941177,0.970899470899471,0.835710894037345,0.8864052604279183,0.9210526315789473,0.9444444444444444,0.8928571428571428,0.8888888888888888,1.0,0.9411764705882353,0.7857142857142857
breast_cancer,outliers→balance→imputation→label_noise,"('outliers', 'balance', 'imputation', 'label_noise')",random_forest,43,455,538,114,0.7537758350372314,False,0.9473684210526315,0.8947368421052632,0.9444444444444445,0.05263157894736836,0.933531746031746,0.8819444444444444,0.9447396386822529,0.051587301587301626,0.9539473684210527,0.8902027027027026,0.9331780055917986,0.06374466571835002,0.933531746031746,0.8819444444444444,0.9447396386822529,0.051587301587301626,0.9422297297297297,0.885733377881724,0.940039726973791,0.05649635184800572,0.9342105263157895,0.9054054054054054,0.9691663494480396,0.02880512091038412,0.9861111111111112,0.9305555555555556,0.9436619718309859,0.05555555555555558,0.9594594594594594,0.9178082191780822,0.9565888481574378,0.04165124028137723,0.8872442622820285,0.7721029840753227,0.8702259534363652,0.11514127820670572,0.9753637566137565,0.9699074074074074,0.994405831496864,0.005456349206349076,0.8809523809523809,0.8333333333333334,0.945945945945946,0.04761904761904756,0.932049854469669,0.8806037491192977,0.9448032687268174,0.05144610535037131,0.8819444444444444,0.885733377881724,0.9699074074074074,0.7721029840753227,0.8806037491192977,0.8947368421052632,0.8902027027027026,0.8819444444444444,0.9054054054054054,0.9305555555555556,0.9178082191780822,0.8333333333333334
breast_cancer,outliers→balance→label_noise→imputation,"('outliers', 'balance', 'label_noise', 'imputation')",random_forest,43,455,538,114,0.7677061557769775,False,0.9473684210526315,0.8947368421052632,0.9444444444444445,0.05263157894736836,0.933531746031746,0.8819444444444444,0.9447396386822529,0.051587301587301626,0.9539473684210527,0.8902027027027026,0.9331780055917986,0.06374466571835002,0.933531746031746,0.8819444444444444,0.9447396386822529,0.051587301587301626,0.9422297297297297,0.885733377881724,0.940039726973791,0.05649635184800572,0.9342105263157895,0.9054054054054054,0.9691663494480396,0.02880512091038412,0.9861111111111112,0.9305555555555556,0.9436619718309859,0.05555555555555558,0.9594594594594594,0.9178082191780822,0.9565888481574378,0.04165124028137723,0.8872442622820285,0.7721029840753227,0.8702259534363652,0.11514127820670572,0.9753637566137565,0.9699074074074074,0.994405831496864,0.005456349206349076,0.8809523809523809,0.8333333333333334,0.945945945945946,0.04761904761904756,0.932049854469669,0.8806037491192977,0.9448032687268174,0.05144610535037131,0.8819444444444444,0.885733377881724,0.9699074074074074,0.7721029840753227,0.8806037491192977,0.8947368421052632,0.8902027027027026,0.8819444444444444,0.9054054054054054,0.9305555555555556,0.9178082191780822,0.8333333333333334
breast_cancer,balance→imputation→label_noise→outliers,"('balance', 'imputation', 'label_noise', 'outliers')",random_forest,43,455,531,114,0.8380112648010254,False,0.9473684210526315,0.9385964912280702,0.9907407407407408,0.00877192982456132,0.933531746031746,0.9216269841269842,0.9872476089266738,0.011904761904761862,0.9539473684210527,0.9475254475254475,0.9932680553370209,0.0064219208956051155,0.933531746031746,0.9216269841269842,0.9872476089266738,0.011904761904761862,0.9422297297297297,0.9322062696457395,0.9893619785411936,0.010023460083990243,0.9342105263157895,0.922077922077922,0.987012987012987,0.01213260423786744,0.9861111111111112,0.9861111111111112,1.0,0.0,0.9594594594594594,0.9530201342281879,0.9932885906040269,0.006439325231271553,0.8872442622820285,0.8687664928166448,0.9791739769408504,0.01847776946538371,0.9753637566137565,0.9748677248677249,0.9994914392269877,0.0004960317460316332,0.8809523809523809,0.8571428571428571,0.9729729729729729,0.023809523809523836,0.932049854469669,0.9193683131575153,0.9863939238321436,0.01268154131215371,0.9216269841269842,0.9322062696457395,0.9748677248677249,0.8687664928166448,0.9193683131575153,0.9385964912280702,0.9475254475254475,0.9216269841269842,0.922077922077922,0.9861111111111112,0.9530201342281879,0.8571428571428571
breast_cancer,balance→imputation→outliers→label_noise,"('balance', 'imputation', 'outliers', 'label_noise')",random_forest,43,455,531,114,0.8475010395050049,False,0.9473684210526315,0.9210526315789473,0.9722222222222222,0.02631578947368418,0.933531746031746,0.9077380952380952,0.9723698193411264,0.025793650793650813,0.9539473684210527,0.9215384615384616,0.9660265251989391,0.032408906882591015,0.933531746031746,0.9077380952380952,0.9723698193411264,0.025793650793650813,0.9422297297297297,0.9138321995464853,0.9698613519747568,0.028397530183244424,0.9342105263157895,0.92,0.9847887323943663,0.014210526315789451,0.9861111111111112,0.9583333333333334,0.971830985915493,0.02777777777777779,0.9594594594594594,0.9387755102040817,0.9784420810577753,0.020683949255377754,0.8872442622820285,0.8291617197562593,0.9345360178758683,0.058082542525769165,0.9753637566137565,0.9675925925925926,0.9920325478894728,0.0077711640211639565,0.8809523809523809,0.8571428571428571,0.9729729729729729,0.023809523809523836,0.932049854469669,0.9063269671749657,0.9724018118007867,0.02572288729470329,0.9077380952380952,0.9138321995464853,0.9675925925925926,0.8291617197562593,0.9063269671749657,0.9210526315789473,0.9215384615384616,0.9077380952380952,0.92,0.9583333333333334,0.9387755102040817,0.8571428571428571
breast_cancer,balance→label_noise→imputation→outliers,"('balance', 'label_noise', 'imputation', 'outliers')",random_forest,43,455,531,114,0.8339312076568604,False,0.9473684210526315,0.9385964912280702,0.9907407407407408,0.00877192982456132,0.933531746031746,0.9216269841269842,0.9872476089266738,0.011904761904761862,0.9539473684210527,0.9475254475254475,0.9932680553370209,0.0064219208956051155,0.933531746031746,0.9216269841269842,0.9872476089266738,0.011904761904761862,0.9422297297297297,0.9322062696457395,0.9893619785411936,0.010023460083990243,0.9342105263157895,0.922077922077922,0.987012987012987,0.01213260423786744,0.9861111111111112,0.9861111111111112,1.0,0.0,0.9594594594594594,0.9530201342281879,0.9932885906040269,0.006439325231271553,0.8872442622820285,0.8687664928166448,0.9791739769408504,0.01847776946538371,0.9753637566137565,0.9748677248677249,0.9994914392269877,0.0004960317460316332,0.8809523809523809,0.8571428571428571,0.9729729729729729,0.023809523809523836,0.932049854469669,0.9193683131575153,0.9863939238321436,0.01268154131215371,0.9216269841269842,0.9322062696457395,0.9748677248677249,0.8687664928166448,0.9193683131575153,0.9385964912280702,0.9475254475254475,0.9216269841269842,0.922077922077922,0.9861111111111112,0.9530201342281879,0.8571428571428571
breast_cancer,balance→label_noise→outliers→imputation,"('balance', 'label_noise', 'outliers', 'imputation')",random_forest,43,455,531,114,0.8118441104888916,False,0.9473684210526315,0.9385964912280702,0.9907407407407408,0.00877192982456132,0.933531746031746,0.9216269841269842,0.9872476089266738,0.011904761904761862,0.9539473684210527,0.9475254475254475,0.9932680553370209,0.0064219208956051155,0.933531746031746,0.9216269841269842,0.9872476089266738,0.011904761904761862,0.9422297297297297,0.9322062696457395,0.9893619785411936,0.010023460083990243,0.9342105263157895,0.922077922077922,0.987012987012987,0.01213260423786744,0.9861111111111112,0.9861111111111112,1.0,0.0,0.9594594594594594,0.9530201342281879,0.9932885906040269,0.006439325231271553,0.8872442622820285,0.8687664928166448,0.9791739769408504,0.01847776946538371,0.9753637566137565,0.9748677248677249,0.9994914392269877,0.0004960317460316332,0.8809523809523809,0.8571428571428571,0.9729729729729729,0.023809523809523836,0.932049854469669,0.9193683131575153,0.9863939238321436,0.01268154131215371,0.9216269841269842,0.9322062696457395,0.9748677248677249,0.8687664928166448,0.9193683131575153,0.9385964912280702,0.9475254475254475,0.9216269841269842,0.922077922077922,0.9861111111111112,0.9530201342281879,0.8571428571428571
breast_cancer,balance→outliers→imputation→label_noise,"('balance', 'outliers', 'imputation', 'label_noise')",random_forest,43,455,531,114,0.7947061061859131,False,0.9473684210526315,0.9210526315789473,0.9722222222222222,0.02631578947368418,0.933531746031746,0.9077380952380952,0.9723698193411264,0.025793650793650813,0.9539473684210527,0.9215384615384616,0.9660265251989391,0.032408906882591015,0.933531746031746,0.9077380952380952,0.9723698193411264,0.025793650793650813,0.9422297297297297,0.9138321995464853,0.9698613519747568,0.028397530183244424,0.9342105263157895,0.92,0.9847887323943663,0.014210526315789451,0.9861111111111112,0.9583333333333334,0.971830985915493,0.02777777777777779,0.9594594594594594,0.9387755102040817,0.9784420810577753,0.020683949255377754,0.8872442622820285,0.8291617197562593,0.9345360178758683,0.058082542525769165,0.9753637566137565,0.9675925925925926,0.9920325478894728,0.0077711640211639565,0.8809523809523809,0.8571428571428571,0.9729729729729729,0.023809523809523836,0.932049854469669,0.9063269671749657,0.9724018118007867,0.02572288729470329,0.9077380952380952,0.9138321995464853,0.9675925925925926,0.8291617197562593,0.9063269671749657,0.9210526315789473,0.9215384615384616,0.9077380952380952,0.92,0.9583333333333334,0.9387755102040817,0.8571428571428571
breast_cancer,balance→outliers→label_noise→imputation,"('balance', 'outliers', 'label_noise', 'imputation')",random_forest,43,455,531,114,0.808953046798706,False,0.9473684210526315,0.9210526315789473,0.9722222222222222,0.02631578947368418,0.933531746031746,0.9077380952380952,0.9723698193411264,0.025793650793650813,0.9539473684210527,0.9215384615384616,0.9660265251989391,0.032408906882591015,0.933531746031746,0.9077380952380952,0.9723698193411264,0.025793650793650813,0.9422297297297297,0.9138321995464853,0.9698613519747568,0.028397530183244424,0.9342105263157895,0.92,0.9847887323943663,0.014210526315789451,0.9861111111111112,0.9583333333333334,0.971830985915493,0.02777777777777779,0.9594594594594594,0.9387755102040817,0.9784420810577753,0.020683949255377754,0.8872442622820285,0.8291617197562593,0.9345360178758683,0.058082542525769165,0.9753637566137565,0.9675925925925926,0.9920325478894728,0.0077711640211639565,0.8809523809523809,0.8571428571428571,0.9729729729729729,0.023809523809523836,0.932049854469669,0.9063269671749657,0.9724018118007867,0.02572288729470329,0.9077380952380952,0.9138321995464853,0.9675925925925926,0.8291617197562593,0.9063269671749657,0.9210526315789473,0.9215384615384616,0.9077380952380952,0.92,0.9583333333333334,0.9387755102040817,0.8571428571428571
breast_cancer,imputation→label_noise→outliers→balance,"('imputation', 'label_noise', 'outliers', 'balance')",random_forest,44,455,514,114,0.8452138900756836,False,0.9736842105263158,0.956140350877193,0.9819819819819819,0.01754385964912286,0.9742063492063492,0.9454365079365079,0.9704684317718941,0.02876984126984128,0.9697019325253848,0.9605128205128205,0.9905237767355654,0.009189112012564338,0.9742063492063492,0.9454365079365079,0.9704684317718941,0.02876984126984128,0.9718634306869601,0.9521289997480473,0.9796942344821395,0.019734430938912806,0.9859154929577465,0.9466666666666667,0.9601904761904761,0.03924882629107984,0.9722222222222222,0.9861111111111112,1.0142857142857145,-0.01388888888888895,0.9790209790209791,0.9659863945578231,0.9866861030126335,0.013034584463155974,0.9438975339262832,0.9058238738943076,0.9596633546931705,0.03807366003197554,0.9983465608465609,0.9897486772486773,0.9913878767803909,0.008597883597883604,0.9761904761904762,0.9047619047619048,0.926829268292683,0.0714285714285714,0.9742043287083434,0.9445611505856925,0.9695719088397466,0.029643178122650937,0.9454365079365079,0.9521289997480473,0.9897486772486773,0.9058238738943076,0.9445611505856925,0.956140350877193,0.9605128205128205,0.9454365079365079,0.9466666666666667,0.9861111111111112,0.9659863945578231,0.9047619047619048
breast_cancer,imputation→label_noise→balance→outliers,"('imputation', 'label_noise', 'balance', 'outliers')",random_forest,44,455,524,114,0.8449921607971191,False,0.9736842105263158,0.956140350877193,0.9819819819819819,0.01754385964912286,0.9742063492063492,0.9454365079365079,0.9704684317718941,0.02876984126984128,0.9697019325253848,0.9605128205128205,0.9905237767355654,0.009189112012564338,0.9742063492063492,0.9454365079365079,0.9704684317718941,0.02876984126984128,0.9718634306869601,0.9521289997480473,0.9796942344821395,0.019734430938912806,0.9859154929577465,0.9466666666666667,0.9601904761904761,0.03924882629107984,0.9722222222222222,0.9861111111111112,1.0142857142857145,-0.01388888888888895,0.9790209790209791,0.9659863945578231,0.9866861030126335,0.013034584463155974,0.9438975339262832,0.9058238738943076,0.9596633546931705,0.03807366003197554,0.9983465608465609,0.9907407407407407,0.9923815833057302,0.007605820105820227,0.9761904761904762,0.9047619047619048,0.926829268292683,0.0714285714285714,0.9742043287083434,0.9445611505856925,0.9695719088397466,0.029643178122650937,0.9454365079365079,0.9521289997480473,0.9907407407407407,0.9058238738943076,0.9445611505856925,0.956140350877193,0.9605128205128205,0.9454365079365079,0.9466666666666667,0.9861111111111112,0.9659863945578231,0.9047619047619048
breast_cancer,imputation→outliers→label_noise→balance,"('imputation', 'outliers', 'label_noise', 'balance')",random_forest,44,455,514,114,0.7952909469604492,False,0.9736842105263158,0.9473684210526315,0.9729729729729729,0.026315789473684292,0.9742063492063492,0.933531746031746,0.9582484725050917,0.04067460317460314,0.9697019325253848,0.9539473684210527,0.9837531889172348,0.01575456410433218,0.9742063492063492,0.933531746031746,0.9582484725050917,0.04067460317460314,0.9718634306869601,0.9422297297297297,0.9695083691581194,0.02963370095723039,0.9859154929577465,0.9342105263157895,0.9475563909774436,0.051704966641957006,0.9722222222222222,0.9861111111111112,1.0142857142857145,-0.01388888888888895,0.9790209790209791,0.9594594594594594,0.9800193050193049,0.019561519561519636,0.9438975339262832,0.8872442622820285,0.939979426147458,0.05665327164425471,0.9983465608465609,0.9880952380952381,0.9897316992381583,0.010251322751322789,0.9761904761904762,0.8809523809523809,0.9024390243902439,0.09523809523809523,0.9742043287083434,0.932049854469669,0.9567293297756486,0.042154474238674355,0.933531746031746,0.9422297297297297,0.9880952380952381,0.8872442622820285,0.932049854469669,0.9473684210526315,0.9539473684210527,0.933531746031746,0.9342105263157895,0.9861111111111112,0.9594594594594594,0.8809523809523809
breast_cancer,imputation→outliers→balance→label_noise,"('imputation', 'outliers', 'balance', 'label_noise')",random_forest,44,455,531,114,0.7985470294952393,False,0.9736842105263158,0.956140350877193,0.9819819819819819,0.01754385964912286,0.9742063492063492,0.9503968253968254,0.9755600814663951,0.023809523809523836,0.9697019325253848,0.9550618108920814,0.9849024518336513,0.014640121633303416,0.9742063492063492,0.9503968253968254,0.9755600814663951,0.023809523809523836,0.9718634306869601,0.9526381387619444,0.9802181136588024,0.019225291925015764,0.9859154929577465,0.958904109589041,0.9726027397260273,0.027011383368705455,0.9722222222222222,0.9722222222222222,1.0,0.0,0.9790209790209791,0.9655172413793104,0.9862068965517241,0.013503737641668678,0.9438975339262832,0.9054466190452621,0.9592636769363315,0.03845091488102104,0.9983465608465609,0.9973544973544974,0.9990062934746605,0.0009920634920634885,0.9761904761904762,0.9285714285714286,0.951219512195122,0.04761904761904756,0.9742043287083434,0.950146187582615,0.975304830396693,0.02405814112572835,0.9503968253968254,0.9526381387619444,0.9973544973544974,0.9054466190452621,0.950146187582615,0.956140350877193,0.9550618108920814,0.9503968253968254,0.958904109589041,0.9722222222222222,0.9655172413793104,0.9285714285714286
breast_cancer,imputation→balance→label_noise→outliers,"('imputation', 'balance', 'label_noise', 'outliers')",random_forest,44,455,531,114,0.8221912384033203,False,0.9736842105263158,0.956140350877193,0.9819819819819819,0.01754385964912286,0.9742063492063492,0.9503968253968254,0.9755600814663951,0.023809523809523836,0.9697019325253848,0.9550618108920814,0.9849024518336513,0.014640121633303416,0.9742063492063492,0.9503968253968254,0.9755600814663951,0.023809523809523836,0.9718634306869601,0.9526381387619444,0.9802181136588024,0.019225291925015764,0.9859154929577465,0.958904109589041,0.9726027397260273,0.027011383368705455,0.9722222222222222,0.9722222222222222,1.0,0.0,0.9790209790209791,0.9655172413793104,0.9862068965517241,0.013503737641668678,0.9438975339262832,0.9054466190452621,0.9592636769363315,0.03845091488102104,0.9983465608465609,0.9923941798941799,0.9940377608479628,0.005952380952381042,0.9761904761904762,0.9285714285714286,0.951219512195122,0.04761904761904756,0.9742043287083434,0.950146187582615,0.975304830396693,0.02405814112572835,0.9503968253968254,0.9526381387619444,0.9923941798941799,0.9054466190452621,0.950146187582615,0.956140350877193,0.9550618108920814,0.9503968253968254,0.958904109589041,0.9722222222222222,0.9655172413793104,0.9285714285714286
breast_cancer,imputation→balance→outliers→label_noise,"('imputation', 'balance', 'outliers', 'label_noise')",random_forest,44,455,531,114,0.825908899307251,False,0.9736842105263158,0.9912280701754386,1.018018018018018,-0.01754385964912275,0.9742063492063492,0.9930555555555556,1.019348268839104,-0.018849206349206393,0.9697019325253848,0.9883720930232558,1.0192535044755953,-0.018670160497870958,0.9742063492063492,0.9930555555555556,1.019348268839104,-0.018849206349206393,0.9718634306869601,0.99062114356232,1.0193007703377635,-0.018757712875359878,0.9859154929577465,1.0,1.0142857142857142,-0.014084507042253502,0.9722222222222222,0.9861111111111112,1.0142857142857145,-0.01388888888888895,0.9790209790209791,0.993006993006993,1.0142857142857142,-0.013986013986013957,0.9438975339262832,0.9814164735593364,1.0397489539748954,-0.037518939633053194,0.9983465608465609,0.9996693121693121,1.001324942033786,-0.00132275132275117,0.9761904761904762,1.0,1.024390243902439,-0.023809523809523836,0.9742043287083434,0.9930312739844155,1.0193254584498037,-0.018826945276072093,0.9930555555555556,0.99062114356232,0.9996693121693121,0.9814164735593364,0.9930312739844155,0.9912280701754386,0.9883720930232558,0.9930555555555556,1.0,0.9861111111111112,0.993006993006993,1.0
breast_cancer,label_noise→imputation→outliers→balance,"('label_noise', 'imputation', 'outliers', 'balance')",random_forest,44,455,514,114,0.8010139465332031,False,0.9736842105263158,0.9736842105263158,1.0,0.0,0.9742063492063492,0.9692460317460317,0.994908350305499,0.004960317460317443,0.9697019325253848,0.9741062479117941,1.0045419269970302,-0.0044043153864092854,0.9742063492063492,0.9692460317460317,0.994908350305499,0.004960317460317443,0.9718634306869601,0.9715828832571666,0.9997113303979395,0.00028054742979355396,0.9859154929577465,0.9726027397260274,0.9864970645792563,0.013312753231719099,0.9722222222222222,0.9861111111111112,1.0142857142857145,-0.01388888888888895,0.9790209790209791,0.9793103448275862,1.0002955665024629,-0.0002893658066071003,0.9438975339262832,0.9433397594898876,0.9994090731076757,0.0005577744363955972,0.9983465608465609,0.9831349206349206,0.9847631666114606,0.015211640211640343,0.9761904761904762,0.9523809523809523,0.975609756097561,0.023809523809523836,0.9742043287083434,0.9690992927215658,0.9947597892594604,0.005105035986777584,0.9692460317460317,0.9715828832571666,0.9831349206349206,0.9433397594898876,0.9690992927215658,0.9736842105263158,0.9741062479117941,0.9692460317460317,0.9726027397260274,0.9861111111111112,0.9793103448275862,0.9523809523809523
breast_cancer,label_noise→imputation→balance→outliers,"('label_noise', 'imputation', 'balance', 'outliers')",random_forest,44,455,519,114,0.8408982753753662,False,0.9736842105263158,0.9473684210526315,0.9729729729729729,0.026315789473684292,0.9742063492063492,0.9285714285714286,0.9531568228105907,0.045634920634920584,0.9697019325253848,0.9615384615384616,0.9915814636301041,0.008163470986923271,0.9742063492063492,0.9285714285714286,0.9531568228105907,0.045634920634920584,0.9718634306869601,0.9415384615384615,0.968797087953949,0.03032496914849858,0.9859154929577465,0.9230769230769231,0.9362637362637363,0.06283856988082337,0.9722222222222222,1.0,1.0285714285714287,-0.02777777777777779,0.9790209790209791,0.96,0.9805714285714285,0.0190209790209791,0.9438975339262832,0.8894991799933214,0.942368369470483,0.054398353932961774,0.9983465608465609,0.9877645502645502,0.9894004637297117,0.010582010582010692,0.9761904761904762,0.8571428571428571,0.8780487804878049,0.11904761904761907,0.9742043287083434,0.9258200997725514,0.9503346192272184,0.04838422893579197,0.9285714285714286,0.9415384615384615,0.9877645502645502,0.8894991799933214,0.9258200997725514,0.9473684210526315,0.9615384615384616,0.9285714285714286,0.9230769230769231,1.0,0.96,0.8571428571428571
breast_cancer,label_noise→outliers→imputation→balance,"('label_noise', 'outliers', 'imputation', 'balance')",random_forest,44,455,514,114,0.8093969821929932,False,0.9736842105263158,0.9736842105263158,1.0,0.0,0.9742063492063492,0.9692460317460317,0.994908350305499,0.004960317460317443,0.9697019325253848,0.9741062479117941,1.0045419269970302,-0.0044043153864092854,0.9742063492063492,0.9692460317460317,0.994908350305499,0.004960317460317443,0.9718634306869601,0.9715828832571666,0.9997113303979395,0.00028054742979355396,0.9859154929577465,0.9726027397260274,0.9864970645792563,0.013312753231719099,0.9722222222222222,0.9861111111111112,1.0142857142857145,-0.01388888888888895,0.9790209790209791,0.9793103448275862,1.0002955665024629,-0.0002893658066071003,0.9438975339262832,0.9433397594898876,0.9994090731076757,0.0005577744363955972,0.9983465608465609,0.9890873015873016,0.9907254057634978,0.0092592592592593,0.9761904761904762,0.9523809523809523,0.975609756097561,0.023809523809523836,0.9742043287083434,0.9690992927215658,0.9947597892594604,0.005105035986777584,0.9692460317460317,0.9715828832571666,0.9890873015873016,0.9433397594898876,0.9690992927215658,0.9736842105263158,0.9741062479117941,0.9692460317460317,0.9726027397260274,0.9861111111111112,0.9793103448275862,0.9523809523809523
breast_cancer,label_noise→outliers→balance→imputation,"('label_noise', 'outliers', 'balance', 'imputation')",random_forest,44,455,514,114,0.8985691070556641,False,0.9736842105263158,0.9736842105263158,1.0,0.0,0.9742063492063492,0.9692460317460317,0.994908350305499,0.004960317460317443,0.9697019325253848,0.9741062479117941,1.0045419269970302,-0.0044043153864092854,0.9742063492063492,0.9692460317460317,0.994908350305499,0.004960317460317443,0.9718634306869601,0.9715828832571666,0.9997113303979395,0.00028054742979355396,0.9859154929577465,0.9726027397260274,0.9864970645792563,0.013312753231719099,0.9722222222222222,0.9861111111111112,1.0142857142857145,-0.01388888888888895,0.9790209790209791,0.9793103448275862,1.0002955665024629,-0.0002893658066071003,0.9438975339262832,0.9433397594898876,0.9994090731076757,0.0005577744363955972,0.9983465608465609,0.9966931216931216,0.9983438224577673,0.0016534391534392956,0.9761904761904762,0.9523809523809523,0.975609756097561,0.023809523809523836,0.9742043287083434,0.9690992927215658,0.9947597892594604,0.005105035986777584,0.9692460317460317,0.9715828832571666,0.9966931216931216,0.9433397594898876,0.9690992927215658,0.9736842105263158,0.9741062479117941,0.9692460317460317,0.9726027397260274,0.9861111111111112,0.9793103448275862,0.9523809523809523
breast_cancer,label_noise→balance→imputation→outliers,"('label_noise', 'balance', 'imputation', 'outliers')",random_forest,44,455,519,114,0.8070859909057617,False,0.9736842105263158,0.956140350877193,0.9819819819819819,0.01754385964912286,0.9742063492063492,0.9454365079365079,0.9704684317718941,0.02876984126984128,0.9697019325253848,0.9605128205128205,0.9905237767355654,0.009189112012564338,0.9742063492063492,0.9454365079365079,0.9704684317718941,0.02876984126984128,0.9718634306869601,0.9521289997480473,0.9796942344821395,0.019734430938912806,0.9859154929577465,0.9466666666666667,0.9601904761904761,0.03924882629107984,0.9722222222222222,0.9861111111111112,1.0142857142857145,-0.01388888888888895,0.9790209790209791,0.9659863945578231,0.9866861030126335,0.013034584463155974,0.9438975339262832,0.9058238738943076,0.9596633546931705,0.03807366003197554,0.9983465608465609,0.9917328042328043,0.9933752898310699,0.006613756613756627,0.9761904761904762,0.9047619047619048,0.926829268292683,0.0714285714285714,0.9742043287083434,0.9445611505856925,0.9695719088397466,0.029643178122650937,0.9454365079365079,0.9521289997480473,0.9917328042328043,0.9058238738943076,0.9445611505856925,0.956140350877193,0.9605128205128205,0.9454365079365079,0.9466666666666667,0.9861111111111112,0.9659863945578231,0.9047619047619048
breast_cancer,label_noise→balance→outliers→imputation,"('label_noise', 'balance', 'outliers', 'imputation')",random_forest,44,455,519,114,0.8016502857208252,False,0.9736842105263158,0.956140350877193,0.9819819819819819,0.01754385964912286,0.9742063492063492,0.9454365079365079,0.9704684317718941,0.02876984126984128,0.9697019325253848,0.9605128205128205,0.9905237767355654,0.009189112012564338,0.9742063492063492,0.9454365079365079,0.9704684317718941,0.02876984126984128,0.9718634306869601,0.9521289997480473,0.9796942344821395,0.019734430938912806,0.9859154929577465,0.9466666666666667,0.9601904761904761,0.03924882629107984,0.9722222222222222,0.9861111111111112,1.0142857142857145,-0.01388888888888895,0.9790209790209791,0.9659863945578231,0.9866861030126335,0.013034584463155974,0.9438975339262832,0.9058238738943076,0.9596633546931705,0.03807366003197554,0.9983465608465609,0.9917328042328043,0.9933752898310699,0.006613756613756627,0.9761904761904762,0.9047619047619048,0.926829268292683,0.0714285714285714,0.9742043287083434,0.9445611505856925,0.9695719088397466,0.029643178122650937,0.9454365079365079,0.9521289997480473,0.9917328042328043,0.9058238738943076,0.9445611505856925,0.956140350877193,0.9605128205128205,0.9454365079365079,0.9466666666666667,0.9861111111111112,0.9659863945578231,0.9047619047619048
breast_cancer,outliers→imputation→label_noise→balance,"('outliers', 'imputation', 'label_noise', 'balance')",random_forest,44,455,518,114,0.9364480972290039,False,0.9736842105263158,0.9473684210526315,0.9729729729729729,0.026315789473684292,0.9742063492063492,0.933531746031746,0.9582484725050917,0.04067460317460314,0.9697019325253848,0.9539473684210527,0.9837531889172348,0.01575456410433218,0.9742063492063492,0.933531746031746,0.9582484725050917,0.04067460317460314,0.9718634306869601,0.9422297297297297,0.9695083691581194,0.02963370095723039,0.9859154929577465,0.9342105263157895,0.9475563909774436,0.051704966641957006,0.9722222222222222,0.9861111111111112,1.0142857142857145,-0.01388888888888895,0.9790209790209791,0.9594594594594594,0.9800193050193049,0.019561519561519636,0.9438975339262832,0.8872442622820285,0.939979426147458,0.05665327164425471,0.9983465608465609,0.990410052910053,0.9920503477972838,0.007936507936507908,0.9761904761904762,0.8809523809523809,0.9024390243902439,0.09523809523809523,0.9742043287083434,0.932049854469669,0.9567293297756486,0.042154474238674355,0.933531746031746,0.9422297297297297,0.990410052910053,0.8872442622820285,0.932049854469669,0.9473684210526315,0.9539473684210527,0.933531746031746,0.9342105263157895,0.9861111111111112,0.9594594594594594,0.8809523809523809
breast_cancer,outliers→imputation→balance→label_noise,"('outliers', 'imputation', 'balance', 'label_noise')",random_forest,44,455,531,114,0.8626968860626221,False,0.9736842105263158,0.9824561403508771,1.009009009009009,-0.00877192982456132,0.9742063492063492,0.9811507936507937,1.0071283095723016,-0.006944444444444531,0.9697019325253848,0.9811507936507937,1.0118065776104959,-0.011448861125408882,0.9742063492063492,0.9811507936507937,1.0071283095723016,-0.006944444444444531,0.9718634306869601,0.9811507936507937,1.0095562428532463,-0.00928736296383359,0.9859154929577465,0.9861111111111112,1.0001984126984127,-0.00019561815336466282,0.9722222222222222,0.9861111111111112,1.0142857142857145,-0.01388888888888895,0.9790209790209791,0.9861111111111112,1.0072420634920636,-0.007090132090132095,0.9438975339262832,0.9623015873015873,1.0194979356485334,-0.018404053375304152,0.9983465608465609,0.9950396825396826,0.9966876449155349,0.003306878306878369,0.9761904761904762,0.9761904761904762,1.0,0.0,0.9742043287083434,0.9811382548511066,1.0071175275436897,-0.006933926142763225,0.9811507936507937,0.9811507936507937,0.9950396825396826,0.9623015873015873,0.9811382548511066,0.9824561403508771,0.9811507936507937,0.9811507936507937,0.9861111111111112,0.9861111111111112,0.9861111111111112,0.9761904761904762
breast_cancer,outliers→label_noise→imputation→balance,"('outliers', 'label_noise', 'imputation', 'balance')",random_forest,44,455,511,114,0.8480801582336426,False,0.9736842105263158,0.9736842105263158,1.0,0.0,0.9742063492063492,0.9692460317460317,0.994908350305499,0.004960317460317443,0.9697019325253848,0.9741062479117941,1.0045419269970302,-0.0044043153864092854,0.9742063492063492,0.9692460317460317,0.994908350305499,0.004960317460317443,0.9718634306869601,0.9715828832571666,0.9997113303979395,0.00028054742979355396,0.9859154929577465,0.9726027397260274,0.9864970645792563,0.013312753231719099,0.9722222222222222,0.9861111111111112,1.0142857142857145,-0.01388888888888895,0.9790209790209791,0.9793103448275862,1.0002955665024629,-0.0002893658066071003,0.9438975339262832,0.9433397594898876,0.9994090731076757,0.0005577744363955972,0.9983465608465609,0.992063492063492,0.9937065253395162,0.006283068783068946,0.9761904761904762,0.9523809523809523,0.975609756097561,0.023809523809523836,0.9742043287083434,0.9690992927215658,0.9947597892594604,0.005105035986777584,0.9692460317460317,0.9715828832571666,0.992063492063492,0.9433397594898876,0.9690992927215658,0.9736842105263158,0.9741062479117941,0.9692460317460317,0.9726027397260274,0.9861111111111112,0.9793103448275862,0.9523809523809523
breast_cancer,outliers→label_noise→balance→imputation,"('outliers', 'label_noise', 'balance', 'imputation')",random_forest,44,455,511,114,0.8825399875640869,False,0.9736842105263158,0.9824561403508771,1.009009009009009,-0.00877192982456132,0.9742063492063492,0.9811507936507937,1.0071283095723016,-0.006944444444444531,0.9697019325253848,0.9811507936507937,1.0118065776104959,-0.011448861125408882,0.9742063492063492,0.9811507936507937,1.0071283095723016,-0.006944444444444531,0.9718634306869601,0.9811507936507937,1.0095562428532463,-0.00928736296383359,0.9859154929577465,0.9861111111111112,1.0001984126984127,-0.00019561815336466282,0.9722222222222222,0.9861111111111112,1.0142857142857145,-0.01388888888888895,0.9790209790209791,0.9861111111111112,1.0072420634920636,-0.007090132090132095,0.9438975339262832,0.9623015873015873,1.0194979356485334,-0.018404053375304152,0.9983465608465609,0.9910714285714285,0.9927128188141767,0.007275132275132434,0.9761904761904762,0.9761904761904762,1.0,0.0,0.9742043287083434,0.9811382548511066,1.0071175275436897,-0.006933926142763225,0.9811507936507937,0.9811507936507937,0.9910714285714285,0.9623015873015873,0.9811382548511066,0.9824561403508771,0.9811507936507937,0.9811507936507937,0.9861111111111112,0.9861111111111112,0.9861111111111112,0.9761904761904762
breast_cancer,outliers→balance→imputation→label_noise,"('outliers', 'balance', 'imputation', 'label_noise')",random_forest,44,455,531,114,0.773932933807373,False,0.9736842105263158,0.9736842105263158,1.0,0.0,0.9742063492063492,0.9742063492063492,1.0,0.0,0.9697019325253848,0.9697019325253848,1.0,0.0,0.9742063492063492,0.9742063492063492,1.0,0.0,0.9718634306869601,0.9718634306869601,1.0,0.0,0.9859154929577465,0.9859154929577465,1.0,0.0,0.9722222222222222,0.9722222222222222,1.0,0.0,0.9790209790209791,0.9790209790209791,1.0,0.0,0.9438975339262832,0.9438975339262832,1.0,0.0,0.9983465608465609,0.9933862433862434,0.9950314673733023,0.004960317460317554,0.9761904761904762,0.9761904761904762,1.0,0.0,0.9742043287083434,0.9742043287083434,1.0,0.0,0.9742063492063492,0.9718634306869601,0.9933862433862434,0.9438975339262832,0.9742043287083434,0.9736842105263158,0.9697019325253848,0.9742063492063492,0.9859154929577465,0.9722222222222222,0.9790209790209791,0.9761904761904762
breast_cancer,outliers→balance→label_noise→imputation,"('outliers', 'balance', 'label_noise', 'imputation')",random_forest,44,455,531,114,0.7966327667236328,False,0.9736842105263158,0.9736842105263158,1.0,0.0,0.9742063492063492,0.9742063492063492,1.0,0.0,0.9697019325253848,0.9697019325253848,1.0,0.0,0.9742063492063492,0.9742063492063492,1.0,0.0,0.9718634306869601,0.9718634306869601,1.0,0.0,0.9859154929577465,0.9859154929577465,1.0,0.0,0.9722222222222222,0.9722222222222222,1.0,0.0,0.9790209790209791,0.9790209790209791,1.0,0.0,0.9438975339262832,0.9438975339262832,1.0,0.0,0.9983465608465609,0.9933862433862434,0.9950314673733023,0.004960317460317554,0.9761904761904762,0.9761904761904762,1.0,0.0,0.9742043287083434,0.9742043287083434,1.0,0.0,0.9742063492063492,0.9718634306869601,0.9933862433862434,0.9438975339262832,0.9742043287083434,0.9736842105263158,0.9697019325253848,0.9742063492063492,0.9859154929577465,0.9722222222222222,0.9790209790209791,0.9761904761904762
breast_cancer,balance→imputation→label_noise→outliers,"('balance', 'imputation', 'label_noise', 'outliers')",random_forest,44,455,531,114,0.7883899211883545,False,0.9736842105263158,0.9824561403508771,1.009009009009009,-0.00877192982456132,0.9742063492063492,0.9811507936507937,1.0071283095723016,-0.006944444444444531,0.9697019325253848,0.9811507936507937,1.0118065776104959,-0.011448861125408882,0.9742063492063492,0.9811507936507937,1.0071283095723016,-0.006944444444444531,0.9718634306869601,0.9811507936507937,1.0095562428532463,-0.00928736296383359,0.9859154929577465,0.9861111111111112,1.0001984126984127,-0.00019561815336466282,0.9722222222222222,0.9861111111111112,1.0142857142857145,-0.01388888888888895,0.9790209790209791,0.9861111111111112,1.0072420634920636,-0.007090132090132095,0.9438975339262832,0.9623015873015873,1.0194979356485334,-0.018404053375304152,0.9983465608465609,0.9986772486772487,1.0003312355084464,-0.0003306878306877925,0.9761904761904762,0.9761904761904762,1.0,0.0,0.9742043287083434,0.9811382548511066,1.0071175275436897,-0.006933926142763225,0.9811507936507937,0.9811507936507937,0.9986772486772487,0.9623015873015873,0.9811382548511066,0.9824561403508771,0.9811507936507937,0.9811507936507937,0.9861111111111112,0.9861111111111112,0.9861111111111112,0.9761904761904762
breast_cancer,balance→imputation→outliers→label_noise,"('balance', 'imputation', 'outliers', 'label_noise')",random_forest,44,455,531,114,0.7858901023864746,False,0.9736842105263158,0.9649122807017544,0.990990990990991,0.00877192982456143,0.9742063492063492,0.9672619047619048,0.9928716904276986,0.00694444444444442,0.9697019325253848,0.9587662337662337,0.9887226183713264,0.010935698759151125,0.9742063492063492,0.9672619047619048,0.9928716904276986,0.00694444444444442,0.9718634306869601,0.9626596790042581,0.9905297890710875,0.009203751682702044,0.9859154929577465,0.9857142857142858,0.9997959183673469,0.0002012072434607326,0.9722222222222222,0.9583333333333334,0.9857142857142858,0.01388888888888884,0.9790209790209791,0.971830985915493,0.992655935613682,0.00718999310548607,0.9438975339262832,0.9259891667402068,0.9810272126556112,0.017908367186076357,0.9983465608465609,0.996362433862434,0.9980125869493209,0.001984126984126977,0.9761904761904762,0.9761904761904762,1.0,0.0,0.9742043287083434,0.9672206950928381,0.992831448793946,0.006983633615505247,0.9672619047619048,0.9626596790042581,0.996362433862434,0.9259891667402068,0.9672206950928381,0.9649122807017544,0.9587662337662337,0.9672619047619048,0.9857142857142858,0.9583333333333334,0.971830985915493,0.9761904761904762
breast_cancer,balance→label_noise→imputation→outliers,"('balance', 'label_noise', 'imputation', 'outliers')",random_forest,44,455,531,114,0.8000869750976562,False,0.9736842105263158,0.9824561403508771,1.009009009009009,-0.00877192982456132,0.9742063492063492,0.9811507936507937,1.0071283095723016,-0.006944444444444531,0.9697019325253848,0.9811507936507937,1.0118065776104959,-0.011448861125408882,0.9742063492063492,0.9811507936507937,1.0071283095723016,-0.006944444444444531,0.9718634306869601,0.9811507936507937,1.0095562428532463,-0.00928736296383359,0.9859154929577465,0.9861111111111112,1.0001984126984127,-0.00019561815336466282,0.9722222222222222,0.9861111111111112,1.0142857142857145,-0.01388888888888895,0.9790209790209791,0.9861111111111112,1.0072420634920636,-0.007090132090132095,0.9438975339262832,0.9623015873015873,1.0194979356485334,-0.018404053375304152,0.9983465608465609,0.9986772486772487,1.0003312355084464,-0.0003306878306877925,0.9761904761904762,0.9761904761904762,1.0,0.0,0.9742043287083434,0.9811382548511066,1.0071175275436897,-0.006933926142763225,0.9811507936507937,0.9811507936507937,0.9986772486772487,0.9623015873015873,0.9811382548511066,0.9824561403508771,0.9811507936507937,0.9811507936507937,0.9861111111111112,0.9861111111111112,0.9861111111111112,0.9761904761904762
breast_cancer,balance→label_noise→outliers→imputation,"('balance', 'label_noise', 'outliers', 'imputation')",random_forest,44,455,531,114,0.773007869720459,False,0.9736842105263158,0.9824561403508771,1.009009009009009,-0.00877192982456132,0.9742063492063492,0.9811507936507937,1.0071283095723016,-0.006944444444444531,0.9697019325253848,0.9811507936507937,1.0118065776104959,-0.011448861125408882,0.9742063492063492,0.9811507936507937,1.0071283095723016,-0.006944444444444531,0.9718634306869601,0.9811507936507937,1.0095562428532463,-0.00928736296383359,0.9859154929577465,0.9861111111111112,1.0001984126984127,-0.00019561815336466282,0.9722222222222222,0.9861111111111112,1.0142857142857145,-0.01388888888888895,0.9790209790209791,0.9861111111111112,1.0072420634920636,-0.007090132090132095,0.9438975339262832,0.9623015873015873,1.0194979356485334,-0.018404053375304152,0.9983465608465609,0.9986772486772487,1.0003312355084464,-0.0003306878306877925,0.9761904761904762,0.9761904761904762,1.0,0.0,0.9742043287083434,0.9811382548511066,1.0071175275436897,-0.006933926142763225,0.9811507936507937,0.9811507936507937,0.9986772486772487,0.9623015873015873,0.9811382548511066,0.9824561403508771,0.9811507936507937,0.9811507936507937,0.9861111111111112,0.9861111111111112,0.9861111111111112,0.9761904761904762
breast_cancer,balance→outliers→imputation→label_noise,"('balance', 'outliers', 'imputation', 'label_noise')",random_forest,44,455,531,114,0.7838609218597412,False,0.9736842105263158,0.9649122807017544,0.990990990990991,0.00877192982456143,0.9742063492063492,0.9672619047619048,0.9928716904276986,0.00694444444444442,0.9697019325253848,0.9587662337662337,0.9887226183713264,0.010935698759151125,0.9742063492063492,0.9672619047619048,0.9928716904276986,0.00694444444444442,0.9718634306869601,0.9626596790042581,0.9905297890710875,0.009203751682702044,0.9859154929577465,0.9857142857142858,0.9997959183673469,0.0002012072434607326,0.9722222222222222,0.9583333333333334,0.9857142857142858,0.01388888888888884,0.9790209790209791,0.971830985915493,0.992655935613682,0.00718999310548607,0.9438975339262832,0.9259891667402068,0.9810272126556112,0.017908367186076357,0.9983465608465609,0.996362433862434,0.9980125869493209,0.001984126984126977,0.9761904761904762,0.9761904761904762,1.0,0.0,0.9742043287083434,0.9672206950928381,0.992831448793946,0.006983633615505247,0.9672619047619048,0.9626596790042581,0.996362433862434,0.9259891667402068,0.9672206950928381,0.9649122807017544,0.9587662337662337,0.9672619047619048,0.9857142857142858,0.9583333333333334,0.971830985915493,0.9761904761904762
breast_cancer,balance→outliers→label_noise→imputation,"('balance', 'outliers', 'label_noise', 'imputation')",random_forest,44,455,531,114,0.8127431869506836,False,0.9736842105263158,0.9649122807017544,0.990990990990991,0.00877192982456143,0.9742063492063492,0.9672619047619048,0.9928716904276986,0.00694444444444442,0.9697019325253848,0.9587662337662337,0.9887226183713264,0.010935698759151125,0.9742063492063492,0.9672619047619048,0.9928716904276986,0.00694444444444442,0.9718634306869601,0.9626596790042581,0.9905297890710875,0.009203751682702044,0.9859154929577465,0.9857142857142858,0.9997959183673469,0.0002012072434607326,0.9722222222222222,0.9583333333333334,0.9857142857142858,0.01388888888888884,0.9790209790209791,0.971830985915493,0.992655935613682,0.00718999310548607,0.9438975339262832,0.9259891667402068,0.9810272126556112,0.017908367186076357,0.9983465608465609,0.996362433862434,0.9980125869493209,0.001984126984126977,0.9761904761904762,0.9761904761904762,1.0,0.0,0.9742043287083434,0.9672206950928381,0.992831448793946,0.006983633615505247,0.9672619047619048,0.9626596790042581,0.996362433862434,0.9259891667402068,0.9672206950928381,0.9649122807017544,0.9587662337662337,0.9672619047619048,0.9857142857142858,0.9583333333333334,0.971830985915493,0.9761904761904762
breast_cancer,imputation→label_noise→outliers→balance,"('imputation', 'label_noise', 'outliers', 'balance')",random_forest,45,455,513,114,0.7789921760559082,False,0.9649122807017544,0.9473684210526315,0.9818181818181818,0.01754385964912286,0.9623015873015872,0.9285714285714286,0.9649484536082475,0.03373015873015861,0.9623015873015872,0.9615384615384616,0.999206978588422,0.0007631257631256494,0.9623015873015872,0.9285714285714286,0.9649484536082475,0.03373015873015861,0.9623015873015872,0.9415384615384615,0.9784234734337828,0.020763125763125667,0.9722222222222222,0.9230769230769231,0.9494505494505495,0.04914529914529908,0.9722222222222222,1.0,1.0285714285714287,-0.02777777777777779,0.9722222222222222,0.96,0.9874285714285714,0.012222222222222245,0.9246031746031746,0.8894991799933214,0.9620334478897724,0.03510399460985325,0.9824735449735449,0.96494708994709,0.9821608885897005,0.01752645502645489,0.9523809523809523,0.8571428571428571,0.9,0.09523809523809523,0.9622504486493763,0.9258200997725514,0.9621404708847278,0.036430348876824836,0.9285714285714286,0.9415384615384615,0.96494708994709,0.8894991799933214,0.9258200997725514,0.9473684210526315,0.9615384615384616,0.9285714285714286,0.9230769230769231,1.0,0.96,0.8571428571428571
breast_cancer,imputation→label_noise→balance→outliers,"('imputation', 'label_noise', 'balance', 'outliers')",random_forest,45,455,524,114,0.8085119724273682,False,0.9649122807017544,0.9473684210526315,0.9818181818181818,0.01754385964912286,0.9623015873015872,0.933531746031746,0.9701030927835053,0.028769841269841168,0.9623015873015872,0.9539473684210527,0.9913185024416713,0.008354218880534559,0.9623015873015872,0.933531746031746,0.9701030927835053,0.028769841269841168,0.9623015873015872,0.9422297297297297,0.9791418222346059,0.020071857571857477,0.9722222222222222,0.9342105263157895,0.9609022556390978,0.03801169590643272,0.9722222222222222,0.9861111111111112,1.0142857142857145,-0.01388888888888895,0.9722222222222222,0.9594594594594594,0.9868725868725868,0.01276276276276278,0.9246031746031746,0.8872442622820285,0.9595946527685457,0.03735891232114619,0.9824735449735449,0.970568783068783,0.987882867721306,0.011904761904761862,0.9523809523809523,0.8809523809523809,0.925,0.0714285714285714,0.9622504486493763,0.932049854469669,0.9686146218771869,0.03020059417970722,0.933531746031746,0.9422297297297297,0.970568783068783,0.8872442622820285,0.932049854469669,0.9473684210526315,0.9539473684210527,0.933531746031746,0.9342105263157895,0.9861111111111112,0.9594594594594594,0.8809523809523809
breast_cancer,imputation→outliers→label_noise→balance,"('imputation', 'outliers', 'label_noise', 'balance')",random_forest,45,455,518,114,0.7645249366760254,False,0.9649122807017544,0.9385964912280702,0.9727272727272728,0.02631578947368418,0.9623015873015872,0.9216269841269842,0.9577319587628867,0.04067460317460303,0.9623015873015872,0.9475254475254475,0.9846450011398467,0.014776139776139674,0.9623015873015872,0.9216269841269842,0.9577319587628867,0.04067460317460303,0.9623015873015872,0.9322062696457395,0.9687256905184592,0.03009531765584772,0.9722222222222222,0.922077922077922,0.9484230055658627,0.05014430014430016,0.9722222222222222,0.9861111111111112,1.0142857142857145,-0.01388888888888895,0.9722222222222222,0.9530201342281879,0.9802492809204219,0.019202087994034334,0.9246031746031746,0.8687664928166448,0.9396101124025513,0.055836681786529896,0.9824735449735449,0.9732142857142857,0.9905755637832381,0.00925925925925919,0.9523809523809523,0.8571428571428571,0.9,0.09523809523809523,0.9622504486493763,0.9193683131575153,0.9554355775546266,0.04288213549186093,0.9216269841269842,0.9322062696457395,0.9732142857142857,0.8687664928166448,0.9193683131575153,0.9385964912280702,0.9475254475254475,0.9216269841269842,0.922077922077922,0.9861111111111112,0.9530201342281879,0.8571428571428571
breast_cancer,imputation→outliers→balance→label_noise,"('imputation', 'outliers', 'balance', 'label_noise')",random_forest,45,455,531,114,0.8103148937225342,False,0.9649122807017544,0.9649122807017544,1.0,0.0,0.9623015873015872,0.9573412698412699,0.9948453608247424,0.004960317460317332,0.9623015873015872,0.9672297297297296,1.0051212036779047,-0.004928142428142435,0.9623015873015872,0.9573412698412699,0.9948453608247424,0.004960317460317332,0.9623015873015872,0.9619111259605746,0.9995942422353189,0.00039046134101261565,0.9722222222222222,0.9594594594594594,0.9868725868725868,0.01276276276276278,0.9722222222222222,0.9861111111111112,1.0142857142857145,-0.01388888888888895,0.9722222222222222,0.9726027397260274,1.0003913894324854,-0.0003805175038051889,0.9246031746031746,0.9245181185940877,0.9999080080931764,8.505600908692568e-05,0.9824735449735449,0.9794973544973544,0.9969707169303265,0.0029761904761904656,0.9523809523809523,0.9285714285714286,0.9750000000000001,0.023809523809523725,0.9622504486493763,0.956908879243266,0.9944488782378769,0.0053415694061103025,0.9573412698412699,0.9619111259605746,0.9794973544973544,0.9245181185940877,0.956908879243266,0.9649122807017544,0.9672297297297296,0.9573412698412699,0.9594594594594594,0.9861111111111112,0.9726027397260274,0.9285714285714286
breast_cancer,imputation→balance→label_noise→outliers,"('imputation', 'balance', 'label_noise', 'outliers')",random_forest,45,455,531,114,0.8084297180175781,False,0.9649122807017544,0.9385964912280702,0.9727272727272728,0.02631578947368418,0.9623015873015872,0.9265873015873016,0.9628865979381445,0.03571428571428559,0.9623015873015872,0.941025641025641,0.9778905630452023,0.0212759462759462,0.9623015873015872,0.9265873015873016,0.9628865979381445,0.03571428571428559,0.9623015873015872,0.9329805996472662,0.9695303550973654,0.029320987654321007,0.9722222222222222,0.9333333333333333,0.9600000000000001,0.03888888888888886,0.9722222222222222,0.9722222222222222,1.0,0.0,0.9722222222222222,0.9523809523809523,0.9795918367346939,0.019841269841269882,0.9246031746031746,0.8674927968252835,0.938232552789577,0.057110377777891186,0.9824735449735449,0.9738756613756614,0.991248737798721,0.008597883597883493,0.9523809523809523,0.8809523809523809,0.925,0.0714285714285714,0.9622504486493763,0.9254628471643156,0.9617692030835672,0.03678760148506066,0.9265873015873016,0.9329805996472662,0.9738756613756614,0.8674927968252835,0.9254628471643156,0.9385964912280702,0.941025641025641,0.9265873015873016,0.9333333333333333,0.9722222222222222,0.9523809523809523,0.8809523809523809
breast_cancer,imputation→balance→outliers→label_noise,"('imputation', 'balance', 'outliers', 'label_noise')",random_forest,45,455,531,114,0.8062958717346191,False,0.9649122807017544,0.9649122807017544,1.0,0.0,0.9623015873015872,0.9623015873015872,1.0,0.0,0.9623015873015872,0.9623015873015872,1.0,0.0,0.9623015873015872,0.9623015873015872,1.0,0.0,0.9623015873015872,0.9623015873015872,1.0,0.0,0.9722222222222222,0.9722222222222222,1.0,0.0,0.9722222222222222,0.9722222222222222,1.0,0.0,0.9722222222222222,0.9722222222222222,1.0,0.0,0.9246031746031746,0.9246031746031746,1.0,0.0,0.9824735449735449,0.9761904761904763,0.9936048468529116,0.006283068783068613,0.9523809523809523,0.9523809523809523,1.0,0.0,0.9622504486493763,0.9622504486493763,1.0,0.0,0.9623015873015872,0.9623015873015872,0.9761904761904763,0.9246031746031746,0.9622504486493763,0.9649122807017544,0.9623015873015872,0.9623015873015872,0.9722222222222222,0.9722222222222222,0.9722222222222222,0.9523809523809523
breast_cancer,label_noise→imputation→outliers→balance,"('label_noise', 'imputation', 'outliers', 'balance')",random_forest,45,455,520,114,0.832927942276001,False,0.9649122807017544,0.9298245614035088,0.9636363636363636,0.03508771929824561,0.9623015873015872,0.9146825396825397,0.9505154639175258,0.04761904761904756,0.9623015873015872,0.9342105263157894,0.9708084644601194,0.028091060985797833,0.9623015873015872,0.9146825396825397,0.9505154639175258,0.04761904761904756,0.9623015873015872,0.922972972972973,0.9591306770688215,0.03932861432861423,0.9722222222222222,0.9210526315789473,0.9473684210526315,0.051169590643274865,0.9722222222222222,0.9722222222222222,1.0,0.0,0.9722222222222222,0.9459459459459459,0.972972972972973,0.026276276276276267,0.9246031746031746,0.8486684247915055,0.9178731461264351,0.07593474981166914,0.9824735449735449,0.9513888888888888,0.9683608212722989,0.031084656084656048,0.9523809523809523,0.8571428571428571,0.9,0.09523809523809523,0.9622504486493763,0.9128709291752768,0.9486832980505138,0.049379519474099465,0.9146825396825397,0.922972972972973,0.9513888888888888,0.8486684247915055,0.9128709291752768,0.9298245614035088,0.9342105263157894,0.9146825396825397,0.9210526315789473,0.9722222222222222,0.9459459459459459,0.8571428571428571
breast_cancer,label_noise→imputation→balance→outliers,"('label_noise', 'imputation', 'balance', 'outliers')",random_forest,45,455,524,114,0.7876200675964355,False,0.9649122807017544,0.9385964912280702,0.9727272727272728,0.02631578947368418,0.9623015873015872,0.9265873015873016,0.9628865979381445,0.03571428571428559,0.9623015873015872,0.941025641025641,0.9778905630452023,0.0212759462759462,0.9623015873015872,0.9265873015873016,0.9628865979381445,0.03571428571428559,0.9623015873015872,0.9329805996472662,0.9695303550973654,0.029320987654321007,0.9722222222222222,0.9333333333333333,0.9600000000000001,0.03888888888888886,0.9722222222222222,0.9722222222222222,1.0,0.0,0.9722222222222222,0.9523809523809523,0.9795918367346939,0.019841269841269882,0.9246031746031746,0.8674927968252835,0.938232552789577,0.057110377777891186,0.9824735449735449,0.9700727513227515,0.9873779872096939,0.012400793650793385,0.9523809523809523,0.8809523809523809,0.925,0.0714285714285714,0.9622504486493763,0.9254628471643156,0.9617692030835672,0.03678760148506066,0.9265873015873016,0.9329805996472662,0.9700727513227515,0.8674927968252835,0.9254628471643156,0.9385964912280702,0.941025641025641,0.9265873015873016,0.9333333333333333,0.9722222222222222,0.9523809523809523,0.8809523809523809
breast_cancer,label_noise→outliers→imputation→balance,"('label_noise', 'outliers', 'imputation', 'balance')",random_forest,45,455,520,114,0.794990062713623,False,0.9649122807017544,0.9298245614035088,0.9636363636363636,0.03508771929824561,0.9623015873015872,0.9146825396825397,0.9505154639175258,0.04761904761904756,0.9623015873015872,0.9342105263157894,0.9708084644601194,0.028091060985797833,0.9623015873015872,0.9146825396825397,0.9505154639175258,0.04761904761904756,0.9623015873015872,0.922972972972973,0.9591306770688215,0.03932861432861423,0.9722222222222222,0.9210526315789473,0.9473684210526315,0.051169590643274865,0.9722222222222222,0.9722222222222222,1.0,0.0,0.9722222222222222,0.9459459459459459,0.972972972972973,0.026276276276276267,0.9246031746031746,0.8486684247915055,0.9178731461264351,0.07593474981166914,0.9824735449735449,0.9543650793650793,0.9713901043419724,0.028108465608465583,0.9523809523809523,0.8571428571428571,0.9,0.09523809523809523,0.9622504486493763,0.9128709291752768,0.9486832980505138,0.049379519474099465,0.9146825396825397,0.922972972972973,0.9543650793650793,0.8486684247915055,0.9128709291752768,0.9298245614035088,0.9342105263157894,0.9146825396825397,0.9210526315789473,0.9722222222222222,0.9459459459459459,0.8571428571428571
breast_cancer,label_noise→outliers→balance→imputation,"('label_noise', 'outliers', 'balance', 'imputation')",random_forest,45,455,520,114,0.8248229026794434,False,0.9649122807017544,0.9385964912280702,0.9727272727272728,0.02631578947368418,0.9623015873015872,0.9216269841269842,0.9577319587628867,0.04067460317460303,0.9623015873015872,0.9475254475254475,0.9846450011398467,0.014776139776139674,0.9623015873015872,0.9216269841269842,0.9577319587628867,0.04067460317460303,0.9623015873015872,0.9322062696457395,0.9687256905184592,0.03009531765584772,0.9722222222222222,0.922077922077922,0.9484230055658627,0.05014430014430016,0.9722222222222222,0.9861111111111112,1.0142857142857145,-0.01388888888888895,0.9722222222222222,0.9530201342281879,0.9802492809204219,0.019202087994034334,0.9246031746031746,0.8687664928166448,0.9396101124025513,0.055836681786529896,0.9824735449735449,0.9656084656084656,0.9828340626051835,0.016865079365079305,0.9523809523809523,0.8571428571428571,0.9,0.09523809523809523,0.9622504486493763,0.9193683131575153,0.9554355775546266,0.04288213549186093,0.9216269841269842,0.9322062696457395,0.9656084656084656,0.8687664928166448,0.9193683131575153,0.9385964912280702,0.9475254475254475,0.9216269841269842,0.922077922077922,0.9861111111111112,0.9530201342281879,0.8571428571428571
breast_cancer,label_noise→balance→imputation→outliers,"('label_noise', 'balance', 'imputation', 'outliers')",random_forest,45,455,524,114,0.8199739456176758,False,0.9649122807017544,0.9298245614035088,0.9636363636363636,0.03508771929824561,0.9623015873015872,0.9097222222222223,0.9453608247422682,0.05257936507936489,0.9623015873015872,0.9412393162393162,0.9781126090404442,0.021062271062270987,0.9623015873015872,0.9097222222222223,0.9453608247422682,0.05257936507936489,0.9623015873015872,0.9220512820512821,0.9581728786677242,0.04025030525030515,0.9722222222222222,0.9102564102564102,0.9362637362637363,0.06196581196581197,0.9722222222222222,0.9861111111111112,1.0142857142857145,-0.01388888888888895,0.9722222222222222,0.9466666666666667,0.9737142857142858,0.025555555555555554,0.9246031746031746,0.8503776882806522,0.9197217916168426,0.07422548632252246,0.9824735449735449,0.9659391534391535,0.9831706496129251,0.0165343915343914,0.9523809523809523,0.8333333333333334,0.8750000000000001,0.11904761904761896,0.9622504486493763,0.9065093817822623,0.9420721840708386,0.055741066867114,0.9097222222222223,0.9220512820512821,0.9659391534391535,0.8503776882806522,0.9065093817822623,0.9298245614035088,0.9412393162393162,0.9097222222222223,0.9102564102564102,0.9861111111111112,0.9466666666666667,0.8333333333333334
breast_cancer,label_noise→balance→outliers→imputation,"('label_noise', 'balance', 'outliers', 'imputation')",random_forest,45,455,524,114,0.8134281635284424,False,0.9649122807017544,0.9298245614035088,0.9636363636363636,0.03508771929824561,0.9623015873015872,0.9097222222222223,0.9453608247422682,0.05257936507936489,0.9623015873015872,0.9412393162393162,0.9781126090404442,0.021062271062270987,0.9623015873015872,0.9097222222222223,0.9453608247422682,0.05257936507936489,0.9623015873015872,0.9220512820512821,0.9581728786677242,0.04025030525030515,0.9722222222222222,0.9102564102564102,0.9362637362637363,0.06196581196581197,0.9722222222222222,0.9861111111111112,1.0142857142857145,-0.01388888888888895,0.9722222222222222,0.9466666666666667,0.9737142857142858,0.025555555555555554,0.9246031746031746,0.8503776882806522,0.9197217916168426,0.07422548632252246,0.9824735449735449,0.9659391534391535,0.9831706496129251,0.0165343915343914,0.9523809523809523,0.8333333333333334,0.8750000000000001,0.11904761904761896,0.9622504486493763,0.9065093817822623,0.9420721840708386,0.055741066867114,0.9097222222222223,0.9220512820512821,0.9659391534391535,0.8503776882806522,0.9065093817822623,0.9298245614035088,0.9412393162393162,0.9097222222222223,0.9102564102564102,0.9861111111111112,0.9466666666666667,0.8333333333333334
breast_cancer,outliers→imputation→label_noise→balance,"('outliers', 'imputation', 'label_noise', 'balance')",random_forest,45,455,522,114,0.830967903137207,False,0.9649122807017544,0.9385964912280702,0.9727272727272728,0.02631578947368418,0.9623015873015872,0.9166666666666667,0.952577319587629,0.04563492063492047,0.9623015873015872,0.9556962025316456,0.9931358475792771,0.006605384769941658,0.9623015873015872,0.9166666666666667,0.952577319587629,0.04563492063492047,0.9623015873015872,0.9313666465984347,0.9678531750218786,0.030934940703152503,0.9722222222222222,0.9113924050632911,0.9374321880650994,0.0608298171589311,0.9722222222222222,1.0,1.0285714285714287,-0.02777777777777779,0.9722222222222222,0.9536423841059603,0.9808893093661305,0.01857983811626196,0.9246031746031746,0.8714893406611902,0.942554995049871,0.053113833941984434,0.9824735449735449,0.9662698412698413,0.9835072366206665,0.01620370370370361,0.9523809523809523,0.8333333333333334,0.8750000000000001,0.11904761904761896,0.9622504486493763,0.9128709291752769,0.9486832980505139,0.049379519474099354,0.9166666666666667,0.9313666465984347,0.9662698412698413,0.8714893406611902,0.9128709291752769,0.9385964912280702,0.9556962025316456,0.9166666666666667,0.9113924050632911,1.0,0.9536423841059603,0.8333333333333334
breast_cancer,outliers→imputation→balance→label_noise,"('outliers', 'imputation', 'balance', 'label_noise')",random_forest,45,455,531,114,0.8265950679779053,False,0.9649122807017544,0.956140350877193,0.9909090909090909,0.00877192982456143,0.9623015873015872,0.9503968253968254,0.9876288659793815,0.011904761904761862,0.9623015873015872,0.9550618108920814,0.99247660348373,0.007239776409505794,0.9623015873015872,0.9503968253968254,0.9876288659793815,0.011904761904761862,0.9623015873015872,0.9526381387619444,0.9899579833732371,0.00966344853964285,0.9722222222222222,0.958904109589041,0.9863013698630136,0.013318112633181167,0.9722222222222222,0.9722222222222222,1.0,0.0,0.9722222222222222,0.9655172413793104,0.9931034482758622,0.006704980842911823,0.9246031746031746,0.9054466190452621,0.9792813218858628,0.019156555557912514,0.9824735449735449,0.9801587301587302,0.9976438909458096,0.0023148148148146586,0.9523809523809523,0.9285714285714286,0.9750000000000001,0.023809523809523725,0.9622504486493763,0.950146187582615,0.987420882906575,0.012104261066761213,0.9503968253968254,0.9526381387619444,0.9801587301587302,0.9054466190452621,0.950146187582615,0.956140350877193,0.9550618108920814,0.9503968253968254,0.958904109589041,0.9722222222222222,0.9655172413793104,0.9285714285714286
breast_cancer,outliers→label_noise→imputation→balance,"('outliers', 'label_noise', 'imputation', 'balance')",random_forest,45,455,516,114,0.8263390064239502,False,0.9649122807017544,0.956140350877193,0.9909090909090909,0.00877192982456143,0.9623015873015872,0.9404761904761905,0.9773195876288661,0.021825396825396748,0.9623015873015872,0.9675324675324675,1.00543580131209,-0.005230880230880253,0.9623015873015872,0.9404761904761905,0.9773195876288661,0.021825396825396748,0.9623015873015872,0.951575906889814,0.9888541382937449,0.010725680411773242,0.9722222222222222,0.935064935064935,0.9617810760667903,0.03715728715728717,0.9722222222222222,1.0,1.0285714285714287,-0.02777777777777779,0.9722222222222222,0.9664429530201343,0.9940556088207095,0.005779269202087933,0.9246031746031746,0.907605465436683,0.9816162115452536,0.01699770916649168,0.9824735449735449,0.968584656084656,0.985863345674857,0.01388888888888884,0.9523809523809523,0.8809523809523809,0.925,0.0714285714285714,0.9622504486493763,0.9385906354489059,0.9754120008635179,0.023659813200470392,0.9404761904761905,0.951575906889814,0.968584656084656,0.907605465436683,0.9385906354489059,0.956140350877193,0.9675324675324675,0.9404761904761905,0.935064935064935,1.0,0.9664429530201343,0.8809523809523809
breast_cancer,outliers→label_noise→balance→imputation,"('outliers', 'label_noise', 'balance', 'imputation')",random_forest,45,455,516,114,0.8573379516601562,False,0.9649122807017544,0.9473684210526315,0.9818181818181818,0.01754385964912286,0.9623015873015872,0.9285714285714286,0.9649484536082475,0.03373015873015861,0.9623015873015872,0.9615384615384616,0.999206978588422,0.0007631257631256494,0.9623015873015872,0.9285714285714286,0.9649484536082475,0.03373015873015861,0.9623015873015872,0.9415384615384615,0.9784234734337828,0.020763125763125667,0.9722222222222222,0.9230769230769231,0.9494505494505495,0.04914529914529908,0.9722222222222222,1.0,1.0285714285714287,-0.02777777777777779,0.9722222222222222,0.96,0.9874285714285714,0.012222222222222245,0.9246031746031746,0.8894991799933214,0.9620334478897724,0.03510399460985325,0.9824735449735449,0.9794973544973545,0.9969707169303266,0.0029761904761903546,0.9523809523809523,0.8571428571428571,0.9,0.09523809523809523,0.9622504486493763,0.9258200997725514,0.9621404708847278,0.036430348876824836,0.9285714285714286,0.9415384615384615,0.9794973544973545,0.8894991799933214,0.9258200997725514,0.9473684210526315,0.9615384615384616,0.9285714285714286,0.9230769230769231,1.0,0.96,0.8571428571428571
breast_cancer,outliers→balance→imputation→label_noise,"('outliers', 'balance', 'imputation', 'label_noise')",random_forest,45,455,531,114,0.7695648670196533,False,0.9649122807017544,0.9298245614035088,0.9636363636363636,0.03508771929824561,0.9623015873015872,0.9295634920634921,0.9659793814432991,0.03273809523809512,0.9623015873015872,0.9217532467532468,0.9578631677600751,0.040548340548340445,0.9623015873015872,0.9295634920634921,0.9659793814432991,0.03273809523809512,0.9623015873015872,0.9253193580085162,0.9615689823428705,0.036982229293071045,0.9722222222222222,0.9571428571428572,0.9844897959183674,0.015079365079365026,0.9722222222222222,0.9305555555555556,0.9571428571428572,0.04166666666666663,0.9722222222222222,0.9436619718309859,0.9706237424547284,0.02856025039123633,0.9246031746031746,0.8512809112494895,0.9206986679608211,0.07332226335368519,0.9824735449735449,0.9728835978835979,0.9902389767754965,0.009589947089946982,0.9523809523809523,0.9285714285714286,0.9750000000000001,0.023809523809523725,0.9622504486493763,0.9295629626804747,0.9660301681181006,0.032687485968901586,0.9295634920634921,0.9253193580085162,0.9728835978835979,0.8512809112494895,0.9295629626804747,0.9298245614035088,0.9217532467532468,0.9295634920634921,0.9571428571428572,0.9305555555555556,0.9436619718309859,0.9285714285714286
breast_cancer,outliers→balance→label_noise→imputation,"('outliers', 'balance', 'label_noise', 'imputation')",random_forest,45,455,531,114,0.7589812278747559,False,0.9649122807017544,0.9298245614035088,0.9636363636363636,0.03508771929824561,0.9623015873015872,0.9295634920634921,0.9659793814432991,0.03273809523809512,0.9623015873015872,0.9217532467532468,0.9578631677600751,0.040548340548340445,0.9623015873015872,0.9295634920634921,0.9659793814432991,0.03273809523809512,0.9623015873015872,0.9253193580085162,0.9615689823428705,0.036982229293071045,0.9722222222222222,0.9571428571428572,0.9844897959183674,0.015079365079365026,0.9722222222222222,0.9305555555555556,0.9571428571428572,0.04166666666666663,0.9722222222222222,0.9436619718309859,0.9706237424547284,0.02856025039123633,0.9246031746031746,0.8512809112494895,0.9206986679608211,0.07332226335368519,0.9824735449735449,0.9728835978835979,0.9902389767754965,0.009589947089946982,0.9523809523809523,0.9285714285714286,0.9750000000000001,0.023809523809523725,0.9622504486493763,0.9295629626804747,0.9660301681181006,0.032687485968901586,0.9295634920634921,0.9253193580085162,0.9728835978835979,0.8512809112494895,0.9295629626804747,0.9298245614035088,0.9217532467532468,0.9295634920634921,0.9571428571428572,0.9305555555555556,0.9436619718309859,0.9285714285714286
breast_cancer,balance→imputation→label_noise→outliers,"('balance', 'imputation', 'label_noise', 'outliers')",random_forest,45,455,531,114,0.7520129680633545,False,0.9649122807017544,0.956140350877193,0.9909090909090909,0.00877192982456143,0.9623015873015872,0.9503968253968254,0.9876288659793815,0.011904761904761862,0.9623015873015872,0.9550618108920814,0.99247660348373,0.007239776409505794,0.9623015873015872,0.9503968253968254,0.9876288659793815,0.011904761904761862,0.9623015873015872,0.9526381387619444,0.9899579833732371,0.00966344853964285,0.9722222222222222,0.958904109589041,0.9863013698630136,0.013318112633181167,0.9722222222222222,0.9722222222222222,1.0,0.0,0.9722222222222222,0.9655172413793104,0.9931034482758622,0.006704980842911823,0.9246031746031746,0.9054466190452621,0.9792813218858628,0.019156555557912514,0.9824735449735449,0.9788359788359788,0.9962975429148436,0.0036375661375660506,0.9523809523809523,0.9285714285714286,0.9750000000000001,0.023809523809523725,0.9622504486493763,0.950146187582615,0.987420882906575,0.012104261066761213,0.9503968253968254,0.9526381387619444,0.9788359788359788,0.9054466190452621,0.950146187582615,0.956140350877193,0.9550618108920814,0.9503968253968254,0.958904109589041,0.9722222222222222,0.9655172413793104,0.9285714285714286
breast_cancer,balance→imputation→outliers→label_noise,"('balance', 'imputation', 'outliers', 'label_noise')",random_forest,45,455,531,114,0.7558646202087402,False,0.9649122807017544,0.9473684210526315,0.9818181818181818,0.01754385964912286,0.9623015873015872,0.9384920634920635,0.975257731958763,0.023809523809523725,0.9623015873015872,0.9479729729729729,0.9851100585121204,0.01432861432861432,0.9623015873015872,0.9384920634920635,0.975257731958763,0.023809523809523725,0.9623015873015872,0.942866688940862,0.979803734486999,0.019434898360725206,0.9722222222222222,0.9459459459459459,0.972972972972973,0.026276276276276267,0.9722222222222222,0.9722222222222222,1.0,0.0,0.9722222222222222,0.958904109589041,0.9863013698630136,0.013318112633181167,0.9246031746031746,0.8864143349643965,0.9586970489743687,0.03818883963877817,0.9824735449735449,0.968915343915344,0.9861999326825985,0.013558201058200936,0.9523809523809523,0.9047619047619048,0.9500000000000001,0.04761904761904756,0.9622504486493763,0.9378857231185629,0.9746794344808964,0.02436472553081337,0.9384920634920635,0.942866688940862,0.968915343915344,0.8864143349643965,0.9378857231185629,0.9473684210526315,0.9479729729729729,0.9384920634920635,0.9459459459459459,0.9722222222222222,0.958904109589041,0.9047619047619048
breast_cancer,balance→label_noise→imputation→outliers,"('balance', 'label_noise', 'imputation', 'outliers')",random_forest,45,455,531,114,0.7801551818847656,False,0.9649122807017544,0.956140350877193,0.9909090909090909,0.00877192982456143,0.9623015873015872,0.9503968253968254,0.9876288659793815,0.011904761904761862,0.9623015873015872,0.9550618108920814,0.99247660348373,0.007239776409505794,0.9623015873015872,0.9503968253968254,0.9876288659793815,0.011904761904761862,0.9623015873015872,0.9526381387619444,0.9899579833732371,0.00966344853964285,0.9722222222222222,0.958904109589041,0.9863013698630136,0.013318112633181167,0.9722222222222222,0.9722222222222222,1.0,0.0,0.9722222222222222,0.9655172413793104,0.9931034482758622,0.006704980842911823,0.9246031746031746,0.9054466190452621,0.9792813218858628,0.019156555557912514,0.9824735449735449,0.9788359788359788,0.9962975429148436,0.0036375661375660506,0.9523809523809523,0.9285714285714286,0.9750000000000001,0.023809523809523725,0.9622504486493763,0.950146187582615,0.987420882906575,0.012104261066761213,0.9503968253968254,0.9526381387619444,0.9788359788359788,0.9054466190452621,0.950146187582615,0.956140350877193,0.9550618108920814,0.9503968253968254,0.958904109589041,0.9722222222222222,0.9655172413793104,0.9285714285714286
breast_cancer,balance→label_noise→outliers→imputation,"('balance', 'label_noise', 'outliers', 'imputation')",random_forest,45,455,531,114,0.775827169418335,False,0.9649122807017544,0.956140350877193,0.9909090909090909,0.00877192982456143,0.9623015873015872,0.9503968253968254,0.9876288659793815,0.011904761904761862,0.9623015873015872,0.9550618108920814,0.99247660348373,0.007239776409505794,0.9623015873015872,0.9503968253968254,0.9876288659793815,0.011904761904761862,0.9623015873015872,0.9526381387619444,0.9899579833732371,0.00966344853964285,0.9722222222222222,0.958904109589041,0.9863013698630136,0.013318112633181167,0.9722222222222222,0.9722222222222222,1.0,0.0,0.9722222222222222,0.9655172413793104,0.9931034482758622,0.006704980842911823,0.9246031746031746,0.9054466190452621,0.9792813218858628,0.019156555557912514,0.9824735449735449,0.9788359788359788,0.9962975429148436,0.0036375661375660506,0.9523809523809523,0.9285714285714286,0.9750000000000001,0.023809523809523725,0.9622504486493763,0.950146187582615,0.987420882906575,0.012104261066761213,0.9503968253968254,0.9526381387619444,0.9788359788359788,0.9054466190452621,0.950146187582615,0.956140350877193,0.9550618108920814,0.9503968253968254,0.958904109589041,0.9722222222222222,0.9655172413793104,0.9285714285714286
breast_cancer,balance→outliers→imputation→label_noise,"('balance', 'outliers', 'imputation', 'label_noise')",random_forest,45,455,531,114,0.765570878982544,False,0.9649122807017544,0.9473684210526315,0.9818181818181818,0.01754385964912286,0.9623015873015872,0.9384920634920635,0.975257731958763,0.023809523809523725,0.9623015873015872,0.9479729729729729,0.9851100585121204,0.01432861432861432,0.9623015873015872,0.9384920634920635,0.975257731958763,0.023809523809523725,0.9623015873015872,0.942866688940862,0.979803734486999,0.019434898360725206,0.9722222222222222,0.9459459459459459,0.972972972972973,0.026276276276276267,0.9722222222222222,0.9722222222222222,1.0,0.0,0.9722222222222222,0.958904109589041,0.9863013698630136,0.013318112633181167,0.9246031746031746,0.8864143349643965,0.9586970489743687,0.03818883963877817,0.9824735449735449,0.968915343915344,0.9861999326825985,0.013558201058200936,0.9523809523809523,0.9047619047619048,0.9500000000000001,0.04761904761904756,0.9622504486493763,0.9378857231185629,0.9746794344808964,0.02436472553081337,0.9384920634920635,0.942866688940862,0.968915343915344,0.8864143349643965,0.9378857231185629,0.9473684210526315,0.9479729729729729,0.9384920634920635,0.9459459459459459,0.9722222222222222,0.958904109589041,0.9047619047619048
breast_cancer,balance→outliers→label_noise→imputation,"('balance', 'outliers', 'label_noise', 'imputation')",random_forest,45,455,531,114,0.7819709777832031,False,0.9649122807017544,0.9473684210526315,0.9818181818181818,0.01754385964912286,0.9623015873015872,0.9384920634920635,0.975257731958763,0.023809523809523725,0.9623015873015872,0.9479729729729729,0.9851100585121204,0.01432861432861432,0.9623015873015872,0.9384920634920635,0.975257731958763,0.023809523809523725,0.9623015873015872,0.942866688940862,0.979803734486999,0.019434898360725206,0.9722222222222222,0.9459459459459459,0.972972972972973,0.026276276276276267,0.9722222222222222,0.9722222222222222,1.0,0.0,0.9722222222222222,0.958904109589041,0.9863013698630136,0.013318112633181167,0.9246031746031746,0.8864143349643965,0.9586970489743687,0.03818883963877817,0.9824735449735449,0.968915343915344,0.9861999326825985,0.013558201058200936,0.9523809523809523,0.9047619047619048,0.9500000000000001,0.04761904761904756,0.9622504486493763,0.9378857231185629,0.9746794344808964,0.02436472553081337,0.9384920634920635,0.942866688940862,0.968915343915344,0.8864143349643965,0.9378857231185629,0.9473684210526315,0.9479729729729729,0.9384920634920635,0.9459459459459459,0.9722222222222222,0.958904109589041,0.9047619047619048
breast_cancer,imputation→label_noise→outliers→balance,"('imputation', 'label_noise', 'outliers', 'balance')",random_forest,46,455,495,114,0.8215651512145996,False,0.9736842105263158,0.9385964912280702,0.963963963963964,0.03508771929824561,0.9692460317460317,0.9216269841269842,0.9508700102354146,0.04761904761904756,0.9741062479117941,0.9475254475254475,0.9727126271458291,0.02658080038634658,0.9692460317460317,0.9216269841269842,0.9508700102354146,0.04761904761904756,0.9715828832571666,0.9322062696457395,0.959471688633069,0.03937661361142708,0.9726027397260274,0.922077922077922,0.948051948051948,0.05052481764810535,0.9861111111111112,0.9861111111111112,1.0,0.0,0.9793103448275862,0.9530201342281879,0.9731543624161074,0.02629021059939829,0.9433397594898876,0.8687664928166448,0.9209476056499851,0.07457326667324282,0.9803240740740741,0.966931216931217,0.9863383369876877,0.013392857142857095,0.9523809523809523,0.8571428571428571,0.9,0.09523809523809523,0.9690992927215658,0.9193683131575153,0.9486832980505138,0.04973097956405048,0.9216269841269842,0.9322062696457395,0.966931216931217,0.8687664928166448,0.9193683131575153,0.9385964912280702,0.9475254475254475,0.9216269841269842,0.922077922077922,0.9861111111111112,0.9530201342281879,0.8571428571428571
breast_cancer,imputation→label_noise→balance→outliers,"('imputation', 'label_noise', 'balance', 'outliers')",random_forest,46,455,500,114,0.8338019847869873,False,0.9736842105263158,0.9473684210526315,0.9729729729729729,0.026315789473684292,0.9692460317460317,0.933531746031746,0.9631525076765609,0.0357142857142857,0.9741062479117941,0.9539473684210527,0.9793052559369614,0.020158879490741466,0.9692460317460317,0.933531746031746,0.9631525076765609,0.0357142857142857,0.9715828832571666,0.9422297297297297,0.9697883175658341,0.029353153527436837,0.9726027397260274,0.9342105263157895,0.9605263157894737,0.03839221341023791,0.9861111111111112,0.9861111111111112,1.0,0.0,0.9793103448275862,0.9594594594594594,0.9797297297297297,0.019850885368126736,0.9433397594898876,0.8872442622820285,0.9405352136984104,0.05609549720785911,0.9803240740740741,0.9702380952380952,0.9897115871141845,0.010085978835978837,0.9523809523809523,0.8809523809523809,0.925,0.0714285714285714,0.9690992927215658,0.932049854469669,0.9617692030835673,0.03704943825189677,0.933531746031746,0.9422297297297297,0.9702380952380952,0.8872442622820285,0.932049854469669,0.9473684210526315,0.9539473684210527,0.933531746031746,0.9342105263157895,0.9861111111111112,0.9594594594594594,0.8809523809523809
breast_cancer,imputation→outliers→label_noise→balance,"('imputation', 'outliers', 'label_noise', 'balance')",random_forest,46,455,500,114,1.1229338645935059,False,0.9736842105263158,0.9385964912280702,0.963963963963964,0.03508771929824561,0.9692460317460317,0.9216269841269842,0.9508700102354146,0.04761904761904756,0.9741062479117941,0.9475254475254475,0.9727126271458291,0.02658080038634658,0.9692460317460317,0.9216269841269842,0.9508700102354146,0.04761904761904756,0.9715828832571666,0.9322062696457395,0.959471688633069,0.03937661361142708,0.9726027397260274,0.922077922077922,0.948051948051948,0.05052481764810535,0.9861111111111112,0.9861111111111112,1.0,0.0,0.9793103448275862,0.9530201342281879,0.9731543624161074,0.02629021059939829,0.9433397594898876,0.8687664928166448,0.9209476056499851,0.07457326667324282,0.9803240740740741,0.984457671957672,1.0042165626581212,-0.004133597883597906,0.9523809523809523,0.8571428571428571,0.9,0.09523809523809523,0.9690992927215658,0.9193683131575153,0.9486832980505138,0.04973097956405048,0.9216269841269842,0.9322062696457395,0.984457671957672,0.8687664928166448,0.9193683131575153,0.9385964912280702,0.9475254475254475,0.9216269841269842,0.922077922077922,0.9861111111111112,0.9530201342281879,0.8571428571428571
breast_cancer,imputation→outliers→balance→label_noise,"('imputation', 'outliers', 'balance', 'label_noise')",random_forest,46,455,529,114,0.9610888957977295,False,0.9736842105263158,0.9473684210526315,0.9729729729729729,0.026315789473684292,0.9692460317460317,0.9434523809523809,0.9733879222108495,0.025793650793650813,0.9741062479117941,0.9434523809523809,0.9685312900670473,0.03065386695941319,0.9692460317460317,0.9434523809523809,0.9733879222108495,0.025793650793650813,0.9715828832571666,0.9434523809523809,0.9710467292193539,0.028130502304785643,0.9726027397260274,0.9583333333333334,0.9853286384976526,0.014269406392694028,0.9861111111111112,0.9583333333333334,0.971830985915493,0.02777777777777779,0.9793103448275862,0.9583333333333334,0.9785798122065729,0.020977011494252795,0.9433397594898876,0.8869047619047619,0.940175321757197,0.05643499758512571,0.9803240740740741,0.9755291005291005,0.9951087873165795,0.004794973544973602,0.9523809523809523,0.9285714285714286,0.9750000000000001,0.023809523809523725,0.9690992927215658,0.943335015983692,0.973414203341828,0.025764276737873848,0.9434523809523809,0.9434523809523809,0.9755291005291005,0.8869047619047619,0.943335015983692,0.9473684210526315,0.9434523809523809,0.9434523809523809,0.9583333333333334,0.9583333333333334,0.9583333333333334,0.9285714285714286
breast_cancer,imputation→balance→label_noise→outliers,"('imputation', 'balance', 'label_noise', 'outliers')",random_forest,46,455,531,114,1.0567750930786133,False,0.9736842105263158,0.9473684210526315,0.9729729729729729,0.026315789473684292,0.9692460317460317,0.933531746031746,0.9631525076765609,0.0357142857142857,0.9741062479117941,0.9539473684210527,0.9793052559369614,0.020158879490741466,0.9692460317460317,0.933531746031746,0.9631525076765609,0.0357142857142857,0.9715828832571666,0.9422297297297297,0.9697883175658341,0.029353153527436837,0.9726027397260274,0.9342105263157895,0.9605263157894737,0.03839221341023791,0.9861111111111112,0.9861111111111112,1.0,0.0,0.9793103448275862,0.9594594594594594,0.9797297297297297,0.019850885368126736,0.9433397594898876,0.8872442622820285,0.9405352136984104,0.05609549720785911,0.9803240740740741,0.9745370370370371,0.9940968122786306,0.0057870370370369795,0.9523809523809523,0.8809523809523809,0.925,0.0714285714285714,0.9690992927215658,0.932049854469669,0.9617692030835673,0.03704943825189677,0.933531746031746,0.9422297297297297,0.9745370370370371,0.8872442622820285,0.932049854469669,0.9473684210526315,0.9539473684210527,0.933531746031746,0.9342105263157895,0.9861111111111112,0.9594594594594594,0.8809523809523809
breast_cancer,imputation→balance→outliers→label_noise,"('imputation', 'balance', 'outliers', 'label_noise')",random_forest,46,455,531,114,0.9097609519958496,False,0.9736842105263158,0.9736842105263158,1.0,0.0,0.9692460317460317,0.9692460317460317,1.0,0.0,0.9741062479117941,0.9741062479117941,1.0,0.0,0.9692460317460317,0.9692460317460317,1.0,0.0,0.9715828832571666,0.9715828832571666,1.0,0.0,0.9726027397260274,0.9726027397260274,1.0,0.0,0.9861111111111112,0.9861111111111112,1.0,0.0,0.9793103448275862,0.9793103448275862,1.0,0.0,0.9433397594898876,0.9433397594898876,1.0,0.0,0.9803240740740741,0.9828042328042328,1.0025299375948726,-0.0024801587301587213,0.9523809523809523,0.9523809523809523,1.0,0.0,0.9690992927215658,0.9690992927215658,1.0,0.0,0.9692460317460317,0.9715828832571666,0.9828042328042328,0.9433397594898876,0.9690992927215658,0.9736842105263158,0.9741062479117941,0.9692460317460317,0.9726027397260274,0.9861111111111112,0.9793103448275862,0.9523809523809523
breast_cancer,label_noise→imputation→outliers→balance,"('label_noise', 'imputation', 'outliers', 'balance')",random_forest,46,455,504,114,0.8839662075042725,False,0.9736842105263158,0.9385964912280702,0.963963963963964,0.03508771929824561,0.9692460317460317,0.9216269841269842,0.9508700102354146,0.04761904761904756,0.9741062479117941,0.9475254475254475,0.9727126271458291,0.02658080038634658,0.9692460317460317,0.9216269841269842,0.9508700102354146,0.04761904761904756,0.9715828832571666,0.9322062696457395,0.959471688633069,0.03937661361142708,0.9726027397260274,0.922077922077922,0.948051948051948,0.05052481764810535,0.9861111111111112,0.9861111111111112,1.0,0.0,0.9793103448275862,0.9530201342281879,0.9731543624161074,0.02629021059939829,0.9433397594898876,0.8687664928166448,0.9209476056499851,0.07457326667324282,0.9803240740740741,0.968584656084656,0.988024962050936,0.011739417989418022,0.9523809523809523,0.8571428571428571,0.9,0.09523809523809523,0.9690992927215658,0.9193683131575153,0.9486832980505138,0.04973097956405048,0.9216269841269842,0.9322062696457395,0.968584656084656,0.8687664928166448,0.9193683131575153,0.9385964912280702,0.9475254475254475,0.9216269841269842,0.922077922077922,0.9861111111111112,0.9530201342281879,0.8571428571428571
breast_cancer,label_noise→imputation→balance→outliers,"('label_noise', 'imputation', 'balance', 'outliers')",random_forest,46,455,513,114,0.8393690586090088,False,0.9736842105263158,0.9385964912280702,0.963963963963964,0.03508771929824561,0.9692460317460317,0.9216269841269842,0.9508700102354146,0.04761904761904756,0.9741062479117941,0.9475254475254475,0.9727126271458291,0.02658080038634658,0.9692460317460317,0.9216269841269842,0.9508700102354146,0.04761904761904756,0.9715828832571666,0.9322062696457395,0.959471688633069,0.03937661361142708,0.9726027397260274,0.922077922077922,0.948051948051948,0.05052481764810535,0.9861111111111112,0.9861111111111112,1.0,0.0,0.9793103448275862,0.9530201342281879,0.9731543624161074,0.02629021059939829,0.9433397594898876,0.8687664928166448,0.9209476056499851,0.07457326667324282,0.9803240740740741,0.9728835978835979,0.9924101872153821,0.007440476190476164,0.9523809523809523,0.8571428571428571,0.9,0.09523809523809523,0.9690992927215658,0.9193683131575153,0.9486832980505138,0.04973097956405048,0.9216269841269842,0.9322062696457395,0.9728835978835979,0.8687664928166448,0.9193683131575153,0.9385964912280702,0.9475254475254475,0.9216269841269842,0.922077922077922,0.9861111111111112,0.9530201342281879,0.8571428571428571
breast_cancer,label_noise→outliers→imputation→balance,"('label_noise', 'outliers', 'imputation', 'balance')",random_forest,46,455,505,114,0.7892262935638428,False,0.9736842105263158,0.9385964912280702,0.963963963963964,0.03508771929824561,0.9692460317460317,0.9216269841269842,0.9508700102354146,0.04761904761904756,0.9741062479117941,0.9475254475254475,0.9727126271458291,0.02658080038634658,0.9692460317460317,0.9216269841269842,0.9508700102354146,0.04761904761904756,0.9715828832571666,0.9322062696457395,0.959471688633069,0.03937661361142708,0.9726027397260274,0.922077922077922,0.948051948051948,0.05052481764810535,0.9861111111111112,0.9861111111111112,1.0,0.0,0.9793103448275862,0.9530201342281879,0.9731543624161074,0.02629021059939829,0.9433397594898876,0.8687664928166448,0.9209476056499851,0.07457326667324282,0.9803240740740741,0.9718915343915344,0.991398212177433,0.008432539682539653,0.9523809523809523,0.8571428571428571,0.9,0.09523809523809523,0.9690992927215658,0.9193683131575153,0.9486832980505138,0.04973097956405048,0.9216269841269842,0.9322062696457395,0.9718915343915344,0.8687664928166448,0.9193683131575153,0.9385964912280702,0.9475254475254475,0.9216269841269842,0.922077922077922,0.9861111111111112,0.9530201342281879,0.8571428571428571
breast_cancer,label_noise→outliers→balance→imputation,"('label_noise', 'outliers', 'balance', 'imputation')",random_forest,46,455,505,114,0.7850470542907715,False,0.9736842105263158,0.9385964912280702,0.963963963963964,0.03508771929824561,0.9692460317460317,0.9216269841269842,0.9508700102354146,0.04761904761904756,0.9741062479117941,0.9475254475254475,0.9727126271458291,0.02658080038634658,0.9692460317460317,0.9216269841269842,0.9508700102354146,0.04761904761904756,0.9715828832571666,0.9322062696457395,0.959471688633069,0.03937661361142708,0.9726027397260274,0.922077922077922,0.948051948051948,0.05052481764810535,0.9861111111111112,0.9861111111111112,1.0,0.0,0.9793103448275862,0.9530201342281879,0.9731543624161074,0.02629021059939829,0.9433397594898876,0.8687664928166448,0.9209476056499851,0.07457326667324282,0.9803240740740741,0.9712301587301587,0.9907235621521335,0.009093915343915349,0.9523809523809523,0.8571428571428571,0.9,0.09523809523809523,0.9690992927215658,0.9193683131575153,0.9486832980505138,0.04973097956405048,0.9216269841269842,0.9322062696457395,0.9712301587301587,0.8687664928166448,0.9193683131575153,0.9385964912280702,0.9475254475254475,0.9216269841269842,0.922077922077922,0.9861111111111112,0.9530201342281879,0.8571428571428571
breast_cancer,label_noise→balance→imputation→outliers,"('label_noise', 'balance', 'imputation', 'outliers')",random_forest,46,455,513,114,0.804577112197876,False,0.9736842105263158,0.9385964912280702,0.963963963963964,0.03508771929824561,0.9692460317460317,0.9216269841269842,0.9508700102354146,0.04761904761904756,0.9741062479117941,0.9475254475254475,0.9727126271458291,0.02658080038634658,0.9692460317460317,0.9216269841269842,0.9508700102354146,0.04761904761904756,0.9715828832571666,0.9322062696457395,0.959471688633069,0.03937661361142708,0.9726027397260274,0.922077922077922,0.948051948051948,0.05052481764810535,0.9861111111111112,0.9861111111111112,1.0,0.0,0.9793103448275862,0.9530201342281879,0.9731543624161074,0.02629021059939829,0.9433397594898876,0.8687664928166448,0.9209476056499851,0.07457326667324282,0.9803240740740741,0.9828042328042327,1.0025299375948726,-0.0024801587301586103,0.9523809523809523,0.8571428571428571,0.9,0.09523809523809523,0.9690992927215658,0.9193683131575153,0.9486832980505138,0.04973097956405048,0.9216269841269842,0.9322062696457395,0.9828042328042327,0.8687664928166448,0.9193683131575153,0.9385964912280702,0.9475254475254475,0.9216269841269842,0.922077922077922,0.9861111111111112,0.9530201342281879,0.8571428571428571
breast_cancer,label_noise→balance→outliers→imputation,"('label_noise', 'balance', 'outliers', 'imputation')",random_forest,46,455,513,114,0.7983880043029785,False,0.9736842105263158,0.9385964912280702,0.963963963963964,0.03508771929824561,0.9692460317460317,0.9216269841269842,0.9508700102354146,0.04761904761904756,0.9741062479117941,0.9475254475254475,0.9727126271458291,0.02658080038634658,0.9692460317460317,0.9216269841269842,0.9508700102354146,0.04761904761904756,0.9715828832571666,0.9322062696457395,0.959471688633069,0.03937661361142708,0.9726027397260274,0.922077922077922,0.948051948051948,0.05052481764810535,0.9861111111111112,0.9861111111111112,1.0,0.0,0.9793103448275862,0.9530201342281879,0.9731543624161074,0.02629021059939829,0.9433397594898876,0.8687664928166448,0.9209476056499851,0.07457326667324282,0.9803240740740741,0.9828042328042327,1.0025299375948726,-0.0024801587301586103,0.9523809523809523,0.8571428571428571,0.9,0.09523809523809523,0.9690992927215658,0.9193683131575153,0.9486832980505138,0.04973097956405048,0.9216269841269842,0.9322062696457395,0.9828042328042327,0.8687664928166448,0.9193683131575153,0.9385964912280702,0.9475254475254475,0.9216269841269842,0.922077922077922,0.9861111111111112,0.9530201342281879,0.8571428571428571
breast_cancer,outliers→imputation→label_noise→balance,"('outliers', 'imputation', 'label_noise', 'balance')",random_forest,46,455,487,114,0.9762697219848633,False,0.9736842105263158,0.9385964912280702,0.963963963963964,0.03508771929824561,0.9692460317460317,0.9216269841269842,0.9508700102354146,0.04761904761904756,0.9741062479117941,0.9475254475254475,0.9727126271458291,0.02658080038634658,0.9692460317460317,0.9216269841269842,0.9508700102354146,0.04761904761904756,0.9715828832571666,0.9322062696457395,0.959471688633069,0.03937661361142708,0.9726027397260274,0.922077922077922,0.948051948051948,0.05052481764810535,0.9861111111111112,0.9861111111111112,1.0,0.0,0.9793103448275862,0.9530201342281879,0.9731543624161074,0.02629021059939829,0.9433397594898876,0.8687664928166448,0.9209476056499851,0.07457326667324282,0.9803240740740741,0.9788359788359788,0.9984820374430764,0.0014880952380952328,0.9523809523809523,0.8571428571428571,0.9,0.09523809523809523,0.9690992927215658,0.9193683131575153,0.9486832980505138,0.04973097956405048,0.9216269841269842,0.9322062696457395,0.9788359788359788,0.8687664928166448,0.9193683131575153,0.9385964912280702,0.9475254475254475,0.9216269841269842,0.922077922077922,0.9861111111111112,0.9530201342281879,0.8571428571428571
breast_cancer,outliers→imputation→balance→label_noise,"('outliers', 'imputation', 'balance', 'label_noise')",random_forest,46,455,529,114,1.2314679622650146,False,0.9736842105263158,0.9298245614035088,0.954954954954955,0.04385964912280704,0.9692460317460317,0.9295634920634921,0.9590583418628454,0.03968253968253965,0.9741062479117941,0.9217532467532468,0.9462553481503919,0.05235300115854735,0.9692460317460317,0.9295634920634921,0.9590583418628454,0.03968253968253965,0.9715828832571666,0.9253193580085162,0.9523833467572472,0.046263525248650406,0.9726027397260274,0.9571428571428572,0.9841046277665997,0.015459882583170215,0.9861111111111112,0.9305555555555556,0.9436619718309859,0.05555555555555558,0.9793103448275862,0.9436619718309859,0.9635984923626265,0.035648372996600286,0.9433397594898876,0.8512809112494895,0.9024117797280388,0.09205884824039812,0.9803240740740741,0.9715608465608465,0.9910608871647832,0.008763227513227556,0.9523809523809523,0.9285714285714286,0.9750000000000001,0.023809523809523725,0.9690992927215658,0.9295629626804747,0.9592030142442273,0.03953633004109114,0.9295634920634921,0.9253193580085162,0.9715608465608465,0.8512809112494895,0.9295629626804747,0.9298245614035088,0.9217532467532468,0.9295634920634921,0.9571428571428572,0.9305555555555556,0.9436619718309859,0.9285714285714286
breast_cancer,outliers→label_noise→imputation→balance,"('outliers', 'label_noise', 'imputation', 'balance')",random_forest,46,455,498,114,0.8783490657806396,False,0.9736842105263158,0.9122807017543859,0.9369369369369368,0.061403508771929904,0.9692460317460317,0.8958333333333334,0.9242579324462641,0.07341269841269837,0.9741062479117941,0.9144736842105263,0.938782279829225,0.05963256370126779,0.9692460317460317,0.8958333333333334,0.9242579324462641,0.07341269841269837,0.9715828832571666,0.9037162162162162,0.9301483504799591,0.06786666704095035,0.9726027397260274,0.9078947368421053,0.9334692364714604,0.06470800288392209,0.9861111111111112,0.9583333333333334,0.971830985915493,0.02777777777777779,0.9793103448275862,0.9324324324324325,0.9521317091739627,0.04687791239515371,0.9433397594898876,0.8100925873009825,0.8587495429420269,0.13324717218890503,0.9803240740740741,0.9725529100529101,0.9920728622027324,0.0077711640211639565,0.9523809523809523,0.8333333333333334,0.8750000000000001,0.11904761904761896,0.9690992927215658,0.8936504412303007,0.9221453858671399,0.07544885149126512,0.8958333333333334,0.9037162162162162,0.9725529100529101,0.8100925873009825,0.8936504412303007,0.9122807017543859,0.9144736842105263,0.8958333333333334,0.9078947368421053,0.9583333333333334,0.9324324324324325,0.8333333333333334
breast_cancer,outliers→label_noise→balance→imputation,"('outliers', 'label_noise', 'balance', 'imputation')",random_forest,46,455,498,114,0.7833247184753418,False,0.9736842105263158,0.9298245614035088,0.954954954954955,0.04385964912280704,0.9692460317460317,0.9146825396825397,0.9437052200614124,0.05456349206349209,0.9741062479117941,0.9342105263157894,0.9590437678830931,0.03989572159600474,0.9692460317460317,0.9146825396825397,0.9437052200614124,0.05456349206349209,0.9715828832571666,0.922972972972973,0.9499683340228966,0.04860991028419359,0.9726027397260274,0.9210526315789473,0.946997776130467,0.051550108147080054,0.9861111111111112,0.9722222222222222,0.9859154929577464,0.01388888888888895,0.9793103448275862,0.9459459459459459,0.9659307194518463,0.03336439888164022,0.9433397594898876,0.8486684247915055,0.8996423783202186,0.09467133469838207,0.9803240740740741,0.9715608465608465,0.9910608871647832,0.008763227513227556,0.9523809523809523,0.8571428571428571,0.9,0.09523809523809523,0.9690992927215658,0.9128709291752768,0.9419787384341388,0.05622836354628902,0.9146825396825397,0.922972972972973,0.9715608465608465,0.8486684247915055,0.9128709291752768,0.9298245614035088,0.9342105263157894,0.9146825396825397,0.9210526315789473,0.9722222222222222,0.9459459459459459,0.8571428571428571
breast_cancer,outliers→balance→imputation→label_noise,"('outliers', 'balance', 'imputation', 'label_noise')",random_forest,46,455,529,114,0.8009107112884521,False,0.9736842105263158,0.9122807017543859,0.9369369369369368,0.061403508771929904,0.9692460317460317,0.9107142857142857,0.939611054247697,0.058531746031746046,0.9741062479117941,0.9032467532467532,0.9272569138972844,0.07085949466504093,0.9692460317460317,0.9107142857142857,0.939611054247697,0.058531746031746046,0.9715828832571666,0.9066491975106452,0.9331671163978975,0.06493368574652136,0.9726027397260274,0.9428571428571428,0.9694164989939638,0.02974559686888456,0.9861111111111112,0.9166666666666666,0.9295774647887323,0.06944444444444453,0.9793103448275862,0.9295774647887324,0.949216425312438,0.04973288003885379,0.9433397594898876,0.8139267835041308,0.8628140341972472,0.12941297598575674,0.9803240740740741,0.9656084656084656,0.9849890369370888,0.014715608465608487,0.9523809523809523,0.9047619047619048,0.9500000000000001,0.04761904761904756,0.9690992927215658,0.9106948332812036,0.9397332555301507,0.05840445944036221,0.9107142857142857,0.9066491975106452,0.9656084656084656,0.8139267835041308,0.9106948332812036,0.9122807017543859,0.9032467532467532,0.9107142857142857,0.9428571428571428,0.9166666666666666,0.9295774647887324,0.9047619047619048
breast_cancer,outliers→balance→label_noise→imputation,"('outliers', 'balance', 'label_noise', 'imputation')",random_forest,46,455,529,114,0.998140811920166,False,0.9736842105263158,0.9122807017543859,0.9369369369369368,0.061403508771929904,0.9692460317460317,0.9107142857142857,0.939611054247697,0.058531746031746046,0.9741062479117941,0.9032467532467532,0.9272569138972844,0.07085949466504093,0.9692460317460317,0.9107142857142857,0.939611054247697,0.058531746031746046,0.9715828832571666,0.9066491975106452,0.9331671163978975,0.06493368574652136,0.9726027397260274,0.9428571428571428,0.9694164989939638,0.02974559686888456,0.9861111111111112,0.9166666666666666,0.9295774647887323,0.06944444444444453,0.9793103448275862,0.9295774647887324,0.949216425312438,0.04973288003885379,0.9433397594898876,0.8139267835041308,0.8628140341972472,0.12941297598575674,0.9803240740740741,0.9656084656084656,0.9849890369370888,0.014715608465608487,0.9523809523809523,0.9047619047619048,0.9500000000000001,0.04761904761904756,0.9690992927215658,0.9106948332812036,0.9397332555301507,0.05840445944036221,0.9107142857142857,0.9066491975106452,0.9656084656084656,0.8139267835041308,0.9106948332812036,0.9122807017543859,0.9032467532467532,0.9107142857142857,0.9428571428571428,0.9166666666666666,0.9295774647887324,0.9047619047619048
breast_cancer,balance→imputation→label_noise→outliers,"('balance', 'imputation', 'label_noise', 'outliers')",random_forest,46,455,531,114,0.7925698757171631,False,0.9736842105263158,0.956140350877193,0.9819819819819819,0.01754385964912286,0.9692460317460317,0.9454365079365079,0.9754350051177072,0.023809523809523836,0.9741062479117941,0.9605128205128205,0.986045231279325,0.013593427398973623,0.9692460317460317,0.9454365079365079,0.9754350051177072,0.023809523809523836,0.9715828832571666,0.9521289997480473,0.9799771240885786,0.019453883509119252,0.9726027397260274,0.9466666666666667,0.9733333333333333,0.025936073059360742,0.9861111111111112,0.9861111111111112,1.0,0.0,0.9793103448275862,0.9659863945578231,0.9863945578231292,0.013323950269763074,0.9433397594898876,0.9058238738943076,0.9602307808844327,0.037515885595579945,0.9803240740740741,0.9809854497354498,1.0006746500252994,-0.000661375661375696,0.9523809523809523,0.9047619047619048,0.9500000000000001,0.04761904761904756,0.9690992927215658,0.9445611505856925,0.9746794344808964,0.024538142135873353,0.9454365079365079,0.9521289997480473,0.9809854497354498,0.9058238738943076,0.9445611505856925,0.956140350877193,0.9605128205128205,0.9454365079365079,0.9466666666666667,0.9861111111111112,0.9659863945578231,0.9047619047619048
breast_cancer,balance→imputation→outliers→label_noise,"('balance', 'imputation', 'outliers', 'label_noise')",random_forest,46,455,531,114,0.7561969757080078,False,0.9736842105263158,0.9736842105263158,1.0,0.0,0.9692460317460317,0.9692460317460317,1.0,0.0,0.9741062479117941,0.9741062479117941,1.0,0.0,0.9692460317460317,0.9692460317460317,1.0,0.0,0.9715828832571666,0.9715828832571666,1.0,0.0,0.9726027397260274,0.9726027397260274,1.0,0.0,0.9861111111111112,0.9861111111111112,1.0,0.0,0.9793103448275862,0.9793103448275862,1.0,0.0,0.9433397594898876,0.9433397594898876,1.0,0.0,0.9803240740740741,0.9828042328042329,1.0025299375948729,-0.0024801587301588324,0.9523809523809523,0.9523809523809523,1.0,0.0,0.9690992927215658,0.9690992927215658,1.0,0.0,0.9692460317460317,0.9715828832571666,0.9828042328042329,0.9433397594898876,0.9690992927215658,0.9736842105263158,0.9741062479117941,0.9692460317460317,0.9726027397260274,0.9861111111111112,0.9793103448275862,0.9523809523809523
breast_cancer,balance→label_noise→imputation→outliers,"('balance', 'label_noise', 'imputation', 'outliers')",random_forest,46,455,531,114,0.7703602313995361,False,0.9736842105263158,0.956140350877193,0.9819819819819819,0.01754385964912286,0.9692460317460317,0.9454365079365079,0.9754350051177072,0.023809523809523836,0.9741062479117941,0.9605128205128205,0.986045231279325,0.013593427398973623,0.9692460317460317,0.9454365079365079,0.9754350051177072,0.023809523809523836,0.9715828832571666,0.9521289997480473,0.9799771240885786,0.019453883509119252,0.9726027397260274,0.9466666666666667,0.9733333333333333,0.025936073059360742,0.9861111111111112,0.9861111111111112,1.0,0.0,0.9793103448275862,0.9659863945578231,0.9863945578231292,0.013323950269763074,0.9433397594898876,0.9058238738943076,0.9602307808844327,0.037515885595579945,0.9803240740740741,0.9809854497354498,1.0006746500252994,-0.000661375661375696,0.9523809523809523,0.9047619047619048,0.9500000000000001,0.04761904761904756,0.9690992927215658,0.9445611505856925,0.9746794344808964,0.024538142135873353,0.9454365079365079,0.9521289997480473,0.9809854497354498,0.9058238738943076,0.9445611505856925,0.956140350877193,0.9605128205128205,0.9454365079365079,0.9466666666666667,0.9861111111111112,0.9659863945578231,0.9047619047619048
breast_cancer,balance→label_noise→outliers→imputation,"('balance', 'label_noise', 'outliers', 'imputation')",random_forest,46,455,531,114,0.7586963176727295,False,0.9736842105263158,0.956140350877193,0.9819819819819819,0.01754385964912286,0.9692460317460317,0.9454365079365079,0.9754350051177072,0.023809523809523836,0.9741062479117941,0.9605128205128205,0.986045231279325,0.013593427398973623,0.9692460317460317,0.9454365079365079,0.9754350051177072,0.023809523809523836,0.9715828832571666,0.9521289997480473,0.9799771240885786,0.019453883509119252,0.9726027397260274,0.9466666666666667,0.9733333333333333,0.025936073059360742,0.9861111111111112,0.9861111111111112,1.0,0.0,0.9793103448275862,0.9659863945578231,0.9863945578231292,0.013323950269763074,0.9433397594898876,0.9058238738943076,0.9602307808844327,0.037515885595579945,0.9803240740740741,0.9809854497354498,1.0006746500252994,-0.000661375661375696,0.9523809523809523,0.9047619047619048,0.9500000000000001,0.04761904761904756,0.9690992927215658,0.9445611505856925,0.9746794344808964,0.024538142135873353,0.9454365079365079,0.9521289997480473,0.9809854497354498,0.9058238738943076,0.9445611505856925,0.956140350877193,0.9605128205128205,0.9454365079365079,0.9466666666666667,0.9861111111111112,0.9659863945578231,0.9047619047619048
breast_cancer,balance→outliers→imputation→label_noise,"('balance', 'outliers', 'imputation', 'label_noise')",random_forest,46,455,531,114,0.7785420417785645,False,0.9736842105263158,0.9736842105263158,1.0,0.0,0.9692460317460317,0.9692460317460317,1.0,0.0,0.9741062479117941,0.9741062479117941,1.0,0.0,0.9692460317460317,0.9692460317460317,1.0,0.0,0.9715828832571666,0.9715828832571666,1.0,0.0,0.9726027397260274,0.9726027397260274,1.0,0.0,0.9861111111111112,0.9861111111111112,1.0,0.0,0.9793103448275862,0.9793103448275862,1.0,0.0,0.9433397594898876,0.9433397594898876,1.0,0.0,0.9803240740740741,0.9828042328042329,1.0025299375948729,-0.0024801587301588324,0.9523809523809523,0.9523809523809523,1.0,0.0,0.9690992927215658,0.9690992927215658,1.0,0.0,0.9692460317460317,0.9715828832571666,0.9828042328042329,0.9433397594898876,0.9690992927215658,0.9736842105263158,0.9741062479117941,0.9692460317460317,0.9726027397260274,0.9861111111111112,0.9793103448275862,0.9523809523809523
breast_cancer,balance→outliers→label_noise→imputation,"('balance', 'outliers', 'label_noise', 'imputation')",random_forest,46,455,531,114,0.7818541526794434,False,0.9736842105263158,0.9736842105263158,1.0,0.0,0.9692460317460317,0.9692460317460317,1.0,0.0,0.9741062479117941,0.9741062479117941,1.0,0.0,0.9692460317460317,0.9692460317460317,1.0,0.0,0.9715828832571666,0.9715828832571666,1.0,0.0,0.9726027397260274,0.9726027397260274,1.0,0.0,0.9861111111111112,0.9861111111111112,1.0,0.0,0.9793103448275862,0.9793103448275862,1.0,0.0,0.9433397594898876,0.9433397594898876,1.0,0.0,0.9803240740740741,0.9828042328042329,1.0025299375948729,-0.0024801587301588324,0.9523809523809523,0.9523809523809523,1.0,0.0,0.9690992927215658,0.9690992927215658,1.0,0.0,0.9692460317460317,0.9715828832571666,0.9828042328042329,0.9433397594898876,0.9690992927215658,0.9736842105263158,0.9741062479117941,0.9692460317460317,0.9726027397260274,0.9861111111111112,0.9793103448275862,0.9523809523809523
