dataset,cleaning_order,order_tuple,model,seed,n_train_clean,n_train_cleaned,n_test,total_time,failed,accuracy_baseline,accuracy_cleaned,accuracy_recovery,accuracy_gap,balanced_accuracy_baseline,balanced_accuracy_cleaned,balanced_accuracy_recovery,balanced_accuracy_gap,precision_macro_baseline,precision_macro_cleaned,precision_macro_recovery,precision_macro_gap,recall_macro_baseline,recall_macro_cleaned,recall_macro_recovery,recall_macro_gap,f1_macro_baseline,f1_macro_cleaned,f1_macro_recovery,f1_macro_gap,precision_minority_baseline,precision_minority_cleaned,precision_minority_recovery,precision_minority_gap,recall_minority_baseline,recall_minority_cleaned,recall_minority_recovery,recall_minority_gap,f1_minority_baseline,f1_minority_cleaned,f1_minority_recovery,f1_minority_gap,mcc_baseline,mcc_cleaned,mcc_recovery,mcc_gap,auc_baseline,auc_cleaned,auc_recovery,auc_gap,specificity_baseline,specificity_cleaned,specificity_recovery,specificity_gap,gmean_baseline,gmean_cleaned,gmean_recovery,gmean_gap,balanced_accuracy,f1_macro,auc,mcc,gmean,accuracy,precision_macro,recall_macro,precision_minority,recall_minority,f1_minority,specificity
credit_default,imputation→label_noise→outliers→balance,"('imputation', 'label_noise', 'outliers', 'balance')",random_forest,42,24000,40260,6000,31.02359390258789,False,0.8175,0.738,0.9027522935779816,0.07950000000000002,0.6516257433594939,0.4789116267173848,0.7349489052540013,0.17271411664210906,0.7509496265549535,0.41917324253311833,0.558190892851378,0.3317763840218351,0.6516257433594939,0.4789116267173848,0.7349489052540013,0.17271411664210906,0.6760159329150799,0.43615157909839253,0.6451794371438007,0.23986435381668736,0.6638418079096046,0.06713780918727916,0.10113525298849711,0.5967039987223254,0.3541823662396383,0.014318010550113038,0.04042553191489362,0.3398643556895252,0.4619164619164619,0.02360248447204969,0.051096867979384175,0.4383139774444122,0.39013035602055984,-0.08257129846829361,-0.21165053473547726,0.4727016544888535,0.7726738655306479,0.3610044942236591,0.46721457826936164,0.4116693713069888,0.9490691204793494,0.9435052428846565,0.9941375422773394,0.005563877594692901,0.5797788775182727,0.11622873148111648,0.20047079324212416,0.4635501460371563,0.4789116267173848,0.43615157909839253,0.3610044942236591,-0.08257129846829361,0.11622873148111648,0.738,0.41917324253311833,0.4789116267173848,0.06713780918727916,0.014318010550113038,0.02360248447204969,0.9435052428846565
credit_default,imputation→label_noise→balance→outliers,"('imputation', 'label_noise', 'balance', 'outliers')",random_forest,42,24000,40281,6000,28.464203119277954,False,0.8175,0.7371666666666666,0.9017329255861366,0.08033333333333337,0.6516257433594939,0.4778370542765919,0.7332998414290319,0.17378868908290196,0.7509496265549535,0.4153389546516327,0.5530849739642806,0.3356106719033208,0.6516257433594939,0.4778370542765919,0.7332998414290319,0.17378868908290196,0.6760159329150799,0.434654867910175,0.6429654195218143,0.2413610650049049,0.6638418079096046,0.05985915492957746,0.09017081210668264,0.6039826529800271,0.3541823662396383,0.01281085154483798,0.036170212765957444,0.3413715146948003,0.4619164619164619,0.02110490378646803,0.04568987149517281,0.4408115581299939,0.39013035602055984,-0.08663343818509933,-0.22206279733980444,0.4767637942056592,0.7726738655306479,0.3570288100233008,0.4620692195640715,0.4156450555073471,0.9490691204793494,0.9428632570083458,0.9934611048478016,0.006205863471003603,0.5797788775182727,0.10990396358920063,0.18956186203202413,0.4698749139290721,0.4778370542765919,0.434654867910175,0.3570288100233008,-0.08663343818509933,0.10990396358920063,0.7371666666666666,0.4153389546516327,0.4778370542765919,0.05985915492957746,0.01281085154483798,0.02110490378646803,0.9428632570083458
credit_default,imputation→outliers→label_noise→balance,"('imputation', 'outliers', 'label_noise', 'balance')",random_forest,42,24000,40161,6000,29.01271915435791,False,0.8175,0.7638333333333334,0.9343527013251784,0.05366666666666664,0.6516257433594939,0.4976545986975475,0.7637123053669745,0.15397114466194634,0.7509496265549535,0.48275273224043713,0.6428563450455488,0.2681968943145163,0.6516257433594939,0.4976545986975475,0.7637123053669745,0.15397114466194634,0.6760159329150799,0.45106451967596667,0.6672394801863771,0.22495141323911322,0.6638418079096046,0.1875,0.2824468085106383,0.47634180790960456,0.3541823662396383,0.020346646571213264,0.0574468085106383,0.333835719668425,0.4619164619164619,0.036709721278042146,0.07947264127746358,0.4252067406384198,0.39013035602055984,-0.012720340289005561,-0.03260535893375905,0.4028506963095654,0.7726738655306479,0.41782887181907774,0.5407570910038819,0.35484499371157013,0.9490691204793494,0.9749625508238818,1.02728297632469,-0.025893430344532398,0.5797788775182727,0.14084466067899795,0.24292823719601442,0.4389342168392748,0.4976545986975475,0.45106451967596667,0.41782887181907774,-0.012720340289005561,0.14084466067899795,0.7638333333333334,0.48275273224043713,0.4976545986975475,0.1875,0.020346646571213264,0.036709721278042146,0.9749625508238818
credit_default,imputation→outliers→balance→label_noise,"('imputation', 'outliers', 'balance', 'label_noise')",random_forest,42,24000,34392,6000,34.62885022163391,False,0.8175,0.8011666666666667,0.9800203873598369,0.01633333333333331,0.6516257433594939,0.5734221556244075,0.8799869579554925,0.0782035877350864,0.7509496265549535,0.7629361324659965,1.0159617975522968,-0.011986505911043,0.6516257433594939,0.5734221556244075,0.8799869579554925,0.0782035877350864,0.6760159329150799,0.5767462071984011,0.8531547543730025,0.0992697257166788,0.6638418079096046,0.7203947368421053,1.0851903695408736,-0.056552928932500746,0.3541823662396383,0.1650339110776187,0.46595744680851064,0.18914845516201959,0.4619164619164619,0.2685469037400368,0.5813754777776329,0.1933695581764251,0.39013035602055984,0.2778872982861808,0.7122934526826109,0.11224305773437904,0.7726738655306479,0.7295512339723251,0.944190384220246,0.043122631558322744,0.9490691204793494,0.9818104001711963,1.0344983089064261,-0.032741279691846814,0.5797788775182727,0.402531999072042,0.694285381342399,0.17724687844623072,0.5734221556244075,0.5767462071984011,0.7295512339723251,0.2778872982861808,0.402531999072042,0.8011666666666667,0.7629361324659965,0.5734221556244075,0.7203947368421053,0.1650339110776187,0.2685469037400368,0.9818104001711963
credit_default,imputation→balance→label_noise→outliers,"('imputation', 'balance', 'label_noise', 'outliers')",random_forest,42,24000,34423,6000,33.36659479141235,False,0.8175,0.8025,0.981651376146789,0.015000000000000013,0.6516257433594939,0.5794041867928943,0.8891671219214619,0.07222155656659957,0.7509496265549535,0.7601878840272156,1.012302100095107,-0.009238257472262146,0.6516257433594939,0.5794041867928943,0.8891671219214619,0.07222155656659957,0.6760159329150799,0.5859798932969447,0.8668137314014381,0.09003603961813522,0.6638418079096046,0.7125748502994012,1.0734106255573956,-0.04873304238979659,0.3541823662396383,0.17935192162773173,0.5063829787234042,0.17483044461190655,0.4619164619164619,0.2865743527995184,0.6204029871776807,0.17534210911694353,0.39013035602055984,0.2874717888388003,0.736860857922193,0.10265856718175953,0.7726738655306479,0.7348716052436748,0.9510760464752982,0.03780226028697309,0.9490691204793494,0.979456451958057,1.0320180383314543,-0.030387331478707535,0.5797788775182727,0.41912694593566474,0.7229082710458958,0.160651931582608,0.5794041867928943,0.5859798932969447,0.7348716052436748,0.2874717888388003,0.41912694593566474,0.8025,0.7601878840272156,0.5794041867928943,0.7125748502994012,0.17935192162773173,0.2865743527995184,0.979456451958057
credit_default,imputation→balance→outliers→label_noise,"('imputation', 'balance', 'outliers', 'label_noise')",random_forest,42,24000,34423,6000,31.54929780960083,False,0.8175,0.7986666666666666,0.9769622833843017,0.01883333333333337,0.6516257433594939,0.5653421804072232,0.8675872403268925,0.08628356295227069,0.7509496265549535,0.7609829964593938,1.013360909373468,-0.01003336990444037,0.6516257433594939,0.5653421804072232,0.8675872403268925,0.08628356295227069,0.6760159329150799,0.5639617778327505,0.8342433223442893,0.11205415508232941,0.6638418079096046,0.7195571955719557,1.0839287116275418,-0.05571538766235118,0.3541823662396383,0.146948003014318,0.4148936170212766,0.20723436322532027,0.4619164619164619,0.24405506883604505,0.5283532607248422,0.21786139308041685,0.39013035602055984,0.2611757878354531,0.6694577435591532,0.12895456818510675,0.7726738655306479,0.739052657194217,0.9564871935802554,0.0336212083364309,0.9490691204793494,0.9837363578001284,1.0365276211950394,-0.03466723732077892,0.5797788775182727,0.38020796055751843,0.6557809801298522,0.1995709169607543,0.5653421804072232,0.5639617778327505,0.739052657194217,0.2611757878354531,0.38020796055751843,0.7986666666666666,0.7609829964593938,0.5653421804072232,0.7195571955719557,0.146948003014318,0.24405506883604505,0.9837363578001284
credit_default,label_noise→imputation→outliers→balance,"('label_noise', 'imputation', 'outliers', 'balance')",random_forest,42,24000,40314,6000,31.126950979232788,False,0.8175,0.7353333333333333,0.8994903160040774,0.08216666666666672,0.6516257433594939,0.47989758543322597,0.7364619803985742,0.1717281579262679,0.7509496265549535,0.4312140948296555,0.5742250606180971,0.31973553172529795,0.6516257433594939,0.47989758543322597,0.7364619803985742,0.1717281579262679,0.6760159329150799,0.44093313001637535,0.6522525706088125,0.23508280289870453,0.6638418079096046,0.09090909090909091,0.13694390715667312,0.5729327170005136,0.3541823662396383,0.02185380557648832,0.06170212765957447,0.33232856066315,0.4619164619164619,0.03523693803159174,0.07628422222796723,0.4266795238848702,0.39013035602055984,-0.07437103689165751,-0.19063124861716263,0.46450139291221737,0.7726738655306479,0.3685039245639987,0.4769203942350527,0.40416994096664915,0.9490691204793494,0.9379413652899636,0.9882750845546787,0.011127755189385802,0.5797788775182727,0.14316978815096737,0.24693860660085037,0.43660908936730536,0.47989758543322597,0.44093313001637535,0.3685039245639987,-0.07437103689165751,0.14316978815096737,0.7353333333333333,0.4312140948296555,0.47989758543322597,0.09090909090909091,0.02185380557648832,0.03523693803159174,0.9379413652899636
credit_default,label_noise→imputation→balance→outliers,"('label_noise', 'imputation', 'balance', 'outliers')",random_forest,42,24000,40330,6000,34.08639097213745,False,0.8175,0.737,0.9015290519877676,0.08050000000000002,0.6516257433594939,0.48069776978847684,0.7376899618947096,0.17092797357101702,0.7509496265549535,0.43151513001566016,0.5746259332936527,0.3194344965392933,0.6516257433594939,0.48069776978847684,0.7376899618947096,0.17092797357101702,0.6760159329150799,0.4410216433491376,0.6523835044055657,0.23499428956594226,0.6638418079096046,0.09120521172638436,0.13738997851548962,0.5726365961832202,0.3541823662396383,0.02110022607385079,0.05957446808510638,0.33308214016578747,0.4619164619164619,0.03427172582619339,0.0741946404854293,0.42764473609026854,0.39013035602055984,-0.07271618049496162,-0.18638944489397663,0.46284653651552143,0.7726738655306479,0.3705590534280288,0.4795801565949699,0.40211481210261907,0.9490691204793494,0.9402953135031029,0.9907553551296505,0.008773806976246523,0.5797788775182727,0.14085610988202776,0.24294798472989979,0.43892276763624494,0.48069776978847684,0.4410216433491376,0.3705590534280288,-0.07271618049496162,0.14085610988202776,0.737,0.43151513001566016,0.48069776978847684,0.09120521172638436,0.02110022607385079,0.03427172582619339,0.9402953135031029
credit_default,label_noise→outliers→imputation→balance,"('label_noise', 'outliers', 'imputation', 'balance')",random_forest,42,24000,40314,6000,28.627862215042114,False,0.8175,0.7386666666666667,0.9035677879714578,0.07883333333333331,0.6516257433594939,0.4820375383542617,0.7397460018523663,0.16958820500523214,0.7509496265549535,0.4346553060279867,0.5788075400236972,0.31629432052696677,0.6516257433594939,0.4820375383542617,0.7397460018523663,0.16958820500523214,0.6760159329150799,0.4422616290940237,0.6542177596124498,0.23375430382105616,0.6638418079096046,0.09698996655518395,0.14610403472568134,0.5668518413544206,0.3541823662396383,0.02185380557648832,0.06170212765957447,0.33232856066315,0.4619164619164619,0.03567035670356704,0.0772225275444244,0.42624610521289485,0.39013035602055984,-0.06852011556396548,-0.1756338990456679,0.4586504715845253,0.7726738655306479,0.3713813307410929,0.48064435372877534,0.40129253478955496,0.9490691204793494,0.9422212711320351,0.9927846674182639,0.006847849347314305,0.5797788775182727,0.14349606429916878,0.24750136623362284,0.43628281321910395,0.4820375383542617,0.4422616290940237,0.3713813307410929,-0.06852011556396548,0.14349606429916878,0.7386666666666667,0.4346553060279867,0.4820375383542617,0.09698996655518395,0.02185380557648832,0.03567035670356704,0.9422212711320351
credit_default,label_noise→outliers→balance→imputation,"('label_noise', 'outliers', 'balance', 'imputation')",random_forest,42,24000,40314,6000,16.61476492881775,False,0.8175,0.6968333333333333,0.8523955147808359,0.1206666666666667,0.6516257433594939,0.4635446844585395,0.7113664387608574,0.18808105890095433,0.7509496265549535,0.4314435128171536,0.5745305644486943,0.31950611373779986,0.6516257433594939,0.4635446844585395,0.7113664387608574,0.18808105890095433,0.6760159329150799,0.44054521672567837,0.6516787479046282,0.23547071618940152,0.6638418079096046,0.09803921568627451,0.1476846057571965,0.5658025922233301,0.3541823662396383,0.0452147701582517,0.12765957446808512,0.3089675960813866,0.4619164619164619,0.06188757091284167,0.13398000724216255,0.4000288910036202,0.39013035602055984,-0.09998496632323799,-0.2562860458824916,0.49011532234379784,0.7726738655306479,0.37417778316036054,0.4842635422946357,0.39849608237028733,0.9490691204793494,0.8818745987588273,0.9291995490417136,0.0671945217205221,0.5797788775182727,0.19968414381537863,0.3444143130396903,0.3800947337028941,0.4635446844585395,0.44054521672567837,0.37417778316036054,-0.09998496632323799,0.19968414381537863,0.6968333333333333,0.4314435128171536,0.4635446844585395,0.09803921568627451,0.0452147701582517,0.06188757091284167,0.8818745987588273
credit_default,label_noise→balance→imputation→outliers,"('label_noise', 'balance', 'imputation', 'outliers')",random_forest,42,24000,40330,6000,17.06573796272278,False,0.8175,0.696,0.8513761467889908,0.12150000000000005,0.6516257433594939,0.4627399041230136,0.7101314041666487,0.18888583923648028,0.7509496265549535,0.4302330321353353,0.5729186311857782,0.32071659441961814,0.6516257433594939,0.4627399041230136,0.7101314041666487,0.18888583923648028,0.6760159329150799,0.43970696018704286,0.6504387526651361,0.23630897272803703,0.6638418079096046,0.0959349593495935,0.14451478982874932,0.5679068485600111,0.3541823662396383,0.044461190655614165,0.125531914893617,0.3097211755840241,0.4619164619164619,0.0607621009268795,0.13154348445340402,0.4011543609895824,0.39013035602055984,-0.10197105298434528,-0.26137687419271577,0.4921014090049051,0.7726738655306479,0.37592046599692214,0.48651893478855,0.39675339953372574,0.9490691204793494,0.881018617590413,0.9282976324689967,0.06805050288893644,0.5797788775182727,0.19791699454021874,0.34136634191883103,0.381861882978054,0.4627399041230136,0.43970696018704286,0.37592046599692214,-0.10197105298434528,0.19791699454021874,0.696,0.4302330321353353,0.4627399041230136,0.0959349593495935,0.044461190655614165,0.0607621009268795,0.881018617590413
credit_default,label_noise→balance→outliers→imputation,"('label_noise', 'balance', 'outliers', 'imputation')",random_forest,42,24000,40330,6000,16.72621989250183,False,0.8175,0.696,0.8513761467889908,0.12150000000000005,0.6516257433594939,0.4627399041230136,0.7101314041666487,0.18888583923648028,0.7509496265549535,0.4302330321353353,0.5729186311857782,0.32071659441961814,0.6516257433594939,0.4627399041230136,0.7101314041666487,0.18888583923648028,0.6760159329150799,0.43970696018704286,0.6504387526651361,0.23630897272803703,0.6638418079096046,0.0959349593495935,0.14451478982874932,0.5679068485600111,0.3541823662396383,0.044461190655614165,0.125531914893617,0.3097211755840241,0.4619164619164619,0.0607621009268795,0.13154348445340402,0.4011543609895824,0.39013035602055984,-0.10197105298434528,-0.26137687419271577,0.4921014090049051,0.7726738655306479,0.37592046599692214,0.48651893478855,0.39675339953372574,0.9490691204793494,0.881018617590413,0.9282976324689967,0.06805050288893644,0.5797788775182727,0.19791699454021874,0.34136634191883103,0.381861882978054,0.4627399041230136,0.43970696018704286,0.37592046599692214,-0.10197105298434528,0.19791699454021874,0.696,0.4302330321353353,0.4627399041230136,0.0959349593495935,0.044461190655614165,0.0607621009268795,0.881018617590413
credit_default,outliers→imputation→label_noise→balance,"('outliers', 'imputation', 'label_noise', 'balance')",random_forest,42,24000,40186,6000,27.19508409500122,False,0.8175,0.7353333333333333,0.8994903160040774,0.08216666666666672,0.6516257433594939,0.48475384332803156,0.7439145065522662,0.1668719000314623,0.7509496265549535,0.45282251525093875,0.6029998541024667,0.2981271113040147,0.6516257433594939,0.48475384332803156,0.7439145065522662,0.1668719000314623,0.6760159329150799,0.4509900272407593,0.6671292868734974,0.22502590567432057,0.6638418079096046,0.1323943661971831,0.19943661971830984,0.5314474417124215,0.3541823662396383,0.03541823662396383,0.1,0.31876412961567446,0.4619164619164619,0.0558858501783591,0.120986920332937,0.4060306117381028,0.39013035602055984,-0.053638617576279475,-0.137488961698363,0.4437689735968393,0.7726738655306479,0.422438640034923,0.5467230857417515,0.3502352254957249,0.9490691204793494,0.9340894500320993,0.9842164599774521,0.014979670447250126,0.5797788775182727,0.1818895301252525,0.31372224339014476,0.39788934739302023,0.48475384332803156,0.4509900272407593,0.422438640034923,-0.053638617576279475,0.1818895301252525,0.7353333333333333,0.45282251525093875,0.48475384332803156,0.1323943661971831,0.03541823662396383,0.0558858501783591,0.9340894500320993
credit_default,outliers→imputation→balance→label_noise,"('outliers', 'imputation', 'balance', 'label_noise')",random_forest,42,24000,34392,6000,34.476104974746704,False,0.8175,0.798,0.9761467889908257,0.019499999999999962,0.6516257433594939,0.5589787635071426,0.8578217929593996,0.09264697985235126,0.7509496265549535,0.77444154043218,1.031282942352602,-0.0234919138772266,0.6516257433594939,0.5589787635071426,0.8578217929593996,0.09264697985235126,0.6760159329150799,0.5530049353861012,0.8180353575417413,0.1230109975289787,0.6638418079096046,0.7489177489177489,1.128156949433545,-0.0850759410081443,0.3541823662396383,0.1303692539562924,0.36808510638297876,0.22381311228334588,0.4619164619164619,0.2220795892169448,0.48077868516647093,0.23983687269951712,0.39013035602055984,0.25445017358756467,0.652218341025878,0.13568018243299518,0.7726738655306479,0.7353123355626795,0.9516464427817684,0.03736152996796838,0.9490691204793494,0.9875882730579927,1.040586245772266,-0.038519152578643245,0.5797788775182727,0.3588190997906239,0.6188895692898282,0.22095977772764885,0.5589787635071426,0.5530049353861012,0.7353123355626795,0.25445017358756467,0.3588190997906239,0.798,0.77444154043218,0.5589787635071426,0.7489177489177489,0.1303692539562924,0.2220795892169448,0.9875882730579927
credit_default,outliers→label_noise→imputation→balance,"('outliers', 'label_noise', 'imputation', 'balance')",random_forest,42,24000,40185,6000,27.39397883415222,False,0.8175,0.762,0.9321100917431193,0.055499999999999994,0.6516257433594939,0.49755679301204586,0.7635622104904317,0.154068950347448,0.7509496265549535,0.48407609169766386,0.6446185930185556,0.2668735348572896,0.6516257433594939,0.49755679301204586,0.7635622104904317,0.154068950347448,0.6760159329150799,0.4528700694129592,0.6699103487992022,0.22314586350212068,0.6638418079096046,0.1901840490797546,0.28649001435843885,0.47365775882984995,0.3541823662396383,0.023360964581763375,0.06595744680851064,0.3308214016578749,0.4619164619164619,0.04161073825503356,0.0900828216478652,0.4203057236614284,0.39013035602055984,-0.012474839323984781,-0.031976079614085086,0.40260519534454464,0.7726738655306479,0.4309897435459133,0.5577899845880295,0.3416841219847346,0.9490691204793494,0.9717526214423283,1.0239007891770011,-0.022683500962978886,0.5797788775182727,0.15066877105674534,0.2598728185850419,0.42911010646152736,0.49755679301204586,0.4528700694129592,0.4309897435459133,-0.012474839323984781,0.15066877105674534,0.762,0.48407609169766386,0.49755679301204586,0.1901840490797546,0.023360964581763375,0.04161073825503356,0.9717526214423283
credit_default,outliers→label_noise→balance→imputation,"('outliers', 'label_noise', 'balance', 'imputation')",random_forest,42,24000,40185,6000,16.88722324371338,False,0.8175,0.7175,0.8776758409785933,0.09999999999999998,0.6516257433594939,0.47303530309522335,0.7259309625437184,0.1785904402642705,0.7509496265549535,0.43438628158844766,0.5784492943704259,0.3165633449665058,0.6516257433594939,0.47303530309522335,0.7259309625437184,0.1785904402642705,0.6760159329150799,0.44275899282605624,0.6549534874375142,0.23325694008902365,0.6638418079096046,0.1,0.15063829787234043,0.5638418079096046,0.3541823662396383,0.0346646571213263,0.0978723404255319,0.319517709118312,0.4619164619164619,0.0514829322887521,0.11145507149745801,0.4104335296277098,0.39013035602055984,-0.0841250029364129,-0.21563306120167566,0.47425535895697274,0.7726738655306479,0.42084222225483303,0.5446569905218833,0.35183164327581484,0.9490691204793494,0.9114059490691204,0.9603156708004509,0.03766317141022901,0.5797788775182727,0.17774581492349698,0.30657518204928913,0.4020330625947758,0.47303530309522335,0.44275899282605624,0.42084222225483303,-0.0841250029364129,0.17774581492349698,0.7175,0.43438628158844766,0.47303530309522335,0.1,0.0346646571213263,0.0514829322887521,0.9114059490691204
credit_default,outliers→balance→imputation→label_noise,"('outliers', 'balance', 'imputation', 'label_noise')",random_forest,42,24000,34392,6000,18.13585615158081,False,0.8175,0.7976666666666666,0.9757390417940877,0.01983333333333337,0.6516257433594939,0.558225184004505,0.8566653323524991,0.09340055935498881,0.7509496265549535,0.7732064932401808,1.0296382951641279,-0.022256866685227306,0.6516257433594939,0.558225184004505,0.8566653323524991,0.09340055935498881,0.6760159329150799,0.5517776777899317,0.8162199305134502,0.12423825512514819,0.6638418079096046,0.7467248908296943,1.1248536653349437,-0.08288308292008972,0.3541823662396383,0.12886209495101733,0.3638297872340425,0.22532027128862095,0.4619164619164619,0.21979434447300772,0.4758313734069901,0.2421221174434542,0.39013035602055984,0.252249862954453,0.6465784040172445,0.13788049306610684,0.7726738655306479,0.7121041671672522,0.9216102665491367,0.06056969836339565,0.9490691204793494,0.9875882730579927,1.040586245772266,-0.038519152578643245,0.5797788775182727,0.3567389715398505,0.6153017734396633,0.22303990597842221,0.558225184004505,0.5517776777899317,0.7121041671672522,0.252249862954453,0.3567389715398505,0.7976666666666666,0.7732064932401808,0.558225184004505,0.7467248908296943,0.12886209495101733,0.21979434447300772,0.9875882730579927
credit_default,outliers→balance→label_noise→imputation,"('outliers', 'balance', 'label_noise', 'imputation')",random_forest,42,24000,34392,6000,18.233439922332764,False,0.8175,0.7976666666666666,0.9757390417940877,0.01983333333333337,0.6516257433594939,0.558225184004505,0.8566653323524991,0.09340055935498881,0.7509496265549535,0.7732064932401808,1.0296382951641279,-0.022256866685227306,0.6516257433594939,0.558225184004505,0.8566653323524991,0.09340055935498881,0.6760159329150799,0.5517776777899317,0.8162199305134502,0.12423825512514819,0.6638418079096046,0.7467248908296943,1.1248536653349437,-0.08288308292008972,0.3541823662396383,0.12886209495101733,0.3638297872340425,0.22532027128862095,0.4619164619164619,0.21979434447300772,0.4758313734069901,0.2421221174434542,0.39013035602055984,0.252249862954453,0.6465784040172445,0.13788049306610684,0.7726738655306479,0.7121041671672522,0.9216102665491367,0.06056969836339565,0.9490691204793494,0.9875882730579927,1.040586245772266,-0.038519152578643245,0.5797788775182727,0.3567389715398505,0.6153017734396633,0.22303990597842221,0.558225184004505,0.5517776777899317,0.7121041671672522,0.252249862954453,0.3567389715398505,0.7976666666666666,0.7732064932401808,0.558225184004505,0.7467248908296943,0.12886209495101733,0.21979434447300772,0.9875882730579927
credit_default,balance→imputation→label_noise→outliers,"('balance', 'imputation', 'label_noise', 'outliers')",random_forest,42,24000,34423,6000,18.844284057617188,False,0.8175,0.8026666666666666,0.9818552497451579,0.014833333333333365,0.6516257433594939,0.5789716002284122,0.8885032645326303,0.07265414313108165,0.7509496265549535,0.7624714660360743,1.0153430257818734,-0.011521839481120844,0.6516257433594939,0.5789716002284122,0.8885032645326303,0.07265414313108165,0.6760159329150799,0.585280832128406,0.8657796416196718,0.0907351007866739,0.6638418079096046,0.7173252279635258,1.080566513613141,-0.05348342005392126,0.3541823662396383,0.17784476262245666,0.502127659574468,0.17633760361718162,0.4619164619164619,0.28502415458937197,0.617046972967417,0.17689230732708994,0.39013035602055984,0.2879429921853707,0.738068667925436,0.10218736383518912,0.7726738655306479,0.7190236170493773,0.9305654676900127,0.053650248481270535,0.9490691204793494,0.9800984378343677,1.0326944757609922,-0.031029317355018238,0.5797788775182727,0.41749895092478223,0.7201003125741228,0.1622799265934905,0.5789716002284122,0.585280832128406,0.7190236170493773,0.2879429921853707,0.41749895092478223,0.8026666666666666,0.7624714660360743,0.5789716002284122,0.7173252279635258,0.17784476262245666,0.28502415458937197,0.9800984378343677
credit_default,balance→imputation→outliers→label_noise,"('balance', 'imputation', 'outliers', 'label_noise')",random_forest,42,24000,34423,6000,18.327165126800537,False,0.8175,0.801,0.9798165137614679,0.01649999999999996,0.6516257433594939,0.569268276399351,0.8736123184213929,0.0823574669601429,0.7509496265549535,0.7728304882890036,1.0291375892074552,-0.021880861734050128,0.6516257433594939,0.569268276399351,0.8736123184213929,0.0823574669601429,0.6760159329150799,0.5699259364916762,0.8430658343126204,0.10608999642340367,0.6638418079096046,0.7418181818181818,1.1174622823984526,-0.07797637390857726,0.3541823662396383,0.15373021853805577,0.4340425531914894,0.2004521477015825,0.4619164619164619,0.2546816479400749,0.5513586739979282,0.207234813976387,0.39013035602055984,0.2749436136590381,0.7047480653993214,0.11518674236152177,0.7726738655306479,0.71512566135753,0.9255207057720328,0.0575482041731179,0.9490691204793494,0.9848063342606462,1.0376550169109358,-0.035737213781296795,0.5797788775182727,0.3890944525222002,0.6711083614975905,0.19068442499607252,0.569268276399351,0.5699259364916762,0.71512566135753,0.2749436136590381,0.3890944525222002,0.801,0.7728304882890036,0.569268276399351,0.7418181818181818,0.15373021853805577,0.2546816479400749,0.9848063342606462
credit_default,balance→label_noise→imputation→outliers,"('balance', 'label_noise', 'imputation', 'outliers')",random_forest,42,24000,34423,6000,21.78312921524048,False,0.8175,0.8026666666666666,0.9818552497451579,0.014833333333333365,0.6516257433594939,0.5789716002284122,0.8885032645326303,0.07265414313108165,0.7509496265549535,0.7624714660360743,1.0153430257818734,-0.011521839481120844,0.6516257433594939,0.5789716002284122,0.8885032645326303,0.07265414313108165,0.6760159329150799,0.585280832128406,0.8657796416196718,0.0907351007866739,0.6638418079096046,0.7173252279635258,1.080566513613141,-0.05348342005392126,0.3541823662396383,0.17784476262245666,0.502127659574468,0.17633760361718162,0.4619164619164619,0.28502415458937197,0.617046972967417,0.17689230732708994,0.39013035602055984,0.2879429921853707,0.738068667925436,0.10218736383518912,0.7726738655306479,0.7190236170493773,0.9305654676900127,0.053650248481270535,0.9490691204793494,0.9800984378343677,1.0326944757609922,-0.031029317355018238,0.5797788775182727,0.41749895092478223,0.7201003125741228,0.1622799265934905,0.5789716002284122,0.585280832128406,0.7190236170493773,0.2879429921853707,0.41749895092478223,0.8026666666666666,0.7624714660360743,0.5789716002284122,0.7173252279635258,0.17784476262245666,0.28502415458937197,0.9800984378343677
credit_default,balance→label_noise→outliers→imputation,"('balance', 'label_noise', 'outliers', 'imputation')",random_forest,42,24000,34423,6000,19.411108255386353,False,0.8175,0.8026666666666666,0.9818552497451579,0.014833333333333365,0.6516257433594939,0.5789716002284122,0.8885032645326303,0.07265414313108165,0.7509496265549535,0.7624714660360743,1.0153430257818734,-0.011521839481120844,0.6516257433594939,0.5789716002284122,0.8885032645326303,0.07265414313108165,0.6760159329150799,0.585280832128406,0.8657796416196718,0.0907351007866739,0.6638418079096046,0.7173252279635258,1.080566513613141,-0.05348342005392126,0.3541823662396383,0.17784476262245666,0.502127659574468,0.17633760361718162,0.4619164619164619,0.28502415458937197,0.617046972967417,0.17689230732708994,0.39013035602055984,0.2879429921853707,0.738068667925436,0.10218736383518912,0.7726738655306479,0.7190236170493773,0.9305654676900127,0.053650248481270535,0.9490691204793494,0.9800984378343677,1.0326944757609922,-0.031029317355018238,0.5797788775182727,0.41749895092478223,0.7201003125741228,0.1622799265934905,0.5789716002284122,0.585280832128406,0.7190236170493773,0.2879429921853707,0.41749895092478223,0.8026666666666666,0.7624714660360743,0.5789716002284122,0.7173252279635258,0.17784476262245666,0.28502415458937197,0.9800984378343677
credit_default,balance→outliers→imputation→label_noise,"('balance', 'outliers', 'imputation', 'label_noise')",random_forest,42,24000,34423,6000,18.754290103912354,False,0.8175,0.801,0.9798165137614679,0.01649999999999996,0.6516257433594939,0.569268276399351,0.8736123184213929,0.0823574669601429,0.7509496265549535,0.7728304882890036,1.0291375892074552,-0.021880861734050128,0.6516257433594939,0.569268276399351,0.8736123184213929,0.0823574669601429,0.6760159329150799,0.5699259364916762,0.8430658343126204,0.10608999642340367,0.6638418079096046,0.7418181818181818,1.1174622823984526,-0.07797637390857726,0.3541823662396383,0.15373021853805577,0.4340425531914894,0.2004521477015825,0.4619164619164619,0.2546816479400749,0.5513586739979282,0.207234813976387,0.39013035602055984,0.2749436136590381,0.7047480653993214,0.11518674236152177,0.7726738655306479,0.71512566135753,0.9255207057720328,0.0575482041731179,0.9490691204793494,0.9848063342606462,1.0376550169109358,-0.035737213781296795,0.5797788775182727,0.3890944525222002,0.6711083614975905,0.19068442499607252,0.569268276399351,0.5699259364916762,0.71512566135753,0.2749436136590381,0.3890944525222002,0.801,0.7728304882890036,0.569268276399351,0.7418181818181818,0.15373021853805577,0.2546816479400749,0.9848063342606462
credit_default,balance→outliers→label_noise→imputation,"('balance', 'outliers', 'label_noise', 'imputation')",random_forest,42,24000,34423,6000,18.376729726791382,False,0.8175,0.801,0.9798165137614679,0.01649999999999996,0.6516257433594939,0.569268276399351,0.8736123184213929,0.0823574669601429,0.7509496265549535,0.7728304882890036,1.0291375892074552,-0.021880861734050128,0.6516257433594939,0.569268276399351,0.8736123184213929,0.0823574669601429,0.6760159329150799,0.5699259364916762,0.8430658343126204,0.10608999642340367,0.6638418079096046,0.7418181818181818,1.1174622823984526,-0.07797637390857726,0.3541823662396383,0.15373021853805577,0.4340425531914894,0.2004521477015825,0.4619164619164619,0.2546816479400749,0.5513586739979282,0.207234813976387,0.39013035602055984,0.2749436136590381,0.7047480653993214,0.11518674236152177,0.7726738655306479,0.71512566135753,0.9255207057720328,0.0575482041731179,0.9490691204793494,0.9848063342606462,1.0376550169109358,-0.035737213781296795,0.5797788775182727,0.3890944525222002,0.6711083614975905,0.19068442499607252,0.569268276399351,0.5699259364916762,0.71512566135753,0.2749436136590381,0.3890944525222002,0.801,0.7728304882890036,0.569268276399351,0.7418181818181818,0.15373021853805577,0.2546816479400749,0.9848063342606462
credit_default,imputation→label_noise→outliers→balance,"('imputation', 'label_noise', 'outliers', 'balance')",random_forest,43,24000,40113,6000,34.21047306060791,False,0.8185,0.7185,0.8778252901649359,0.09999999999999998,0.6495698081831348,0.47232832844519923,0.7271402126375223,0.17724147973793558,0.7557277943883386,0.43044042963049445,0.5695707274851243,0.32528736475784414,0.6495698081831348,0.47232832844519923,0.7271402126375223,0.17724147973793558,0.674470587490912,0.440591372311503,0.6532403050376747,0.23387921517940902,0.6744868035190615,0.09234234234234234,0.1369075597336467,0.5821444611767193,0.346646571213263,0.03089675960813866,0.08913043478260871,0.31574981160512433,0.4579392732702837,0.04630152456239413,0.1011084378759237,0.4116377487078896,0.3911478347313708,-0.08774575966411165,-0.22432889018642513,0.47889359439548246,0.7707092855411588,0.37323141437987084,0.4842700372006078,0.39747787116128797,0.9524930451530066,0.9137598972822598,0.9593349809031679,0.038733147870746776,0.5746115628898965,0.1680244621651486,0.2924139941077803,0.40658710072474785,0.47232832844519923,0.440591372311503,0.37323141437987084,-0.08774575966411165,0.1680244621651486,0.7185,0.43044042963049445,0.47232832844519923,0.09234234234234234,0.03089675960813866,0.04630152456239413,0.9137598972822598
credit_default,imputation→label_noise→balance→outliers,"('imputation', 'label_noise', 'balance', 'outliers')",random_forest,43,24000,40151,6000,31.801294088363647,False,0.8185,0.7176666666666667,0.8768071675829769,0.10083333333333333,0.6495698081831348,0.46963500337280445,0.7229938914285239,0.17993480481033036,0.7557277943883386,0.42188564997214284,0.5582508055213231,0.33384214441619575,0.6495698081831348,0.46963500337280445,0.7229938914285239,0.17993480481033036,0.674470587490912,0.43603515625,0.6464850570757842,0.23843543124091204,0.6744868035190615,0.07621247113163972,0.11299327241690933,0.5982743323874218,0.346646571213263,0.024868123587038434,0.07173913043478262,0.32177844762622454,0.4579392732702837,0.0375,0.08188858695652174,0.42043927327028374,0.3911478347313708,-0.09740517388992134,-0.24902393734792483,0.48855300862129214,0.7707092855411588,0.3728672837321166,0.4837975754636267,0.3978420018090422,0.9524930451530066,0.9144018831585705,0.9600089867445518,0.038091161994436074,0.5746115628898965,0.15079608429467925,0.2624313432473928,0.4238154785952172,0.46963500337280445,0.43603515625,0.3728672837321166,-0.09740517388992134,0.15079608429467925,0.7176666666666667,0.42188564997214284,0.46963500337280445,0.07621247113163972,0.024868123587038434,0.0375,0.9144018831585705
credit_default,imputation→outliers→label_noise→balance,"('imputation', 'outliers', 'label_noise', 'balance')",random_forest,43,24000,40046,6000,38.53253889083862,False,0.8185,0.7598333333333334,0.9283241702300957,0.058666666666666645,0.6495698081831348,0.49292831835016887,0.7588534937128673,0.15664148983296594,0.7557277943883386,0.45066689466484267,0.596334947597895,0.3050608997234959,0.6495698081831348,0.49292831835016887,0.7588534937128673,0.15664148983296594,0.674470587490912,0.4443644344653685,0.6588344142899426,0.23010615302554355,0.6744868035190615,0.125,0.18532608695652175,0.5494868035190615,0.346646571213263,0.014318010550113038,0.04130434782608696,0.3323285606631499,0.4579392732702837,0.025693035835023664,0.05610577064408972,0.43224623743526003,0.3911478347313708,-0.03735601776034584,-0.09550357804230436,0.4285038524917167,0.7707092855411588,0.39309943395261887,0.5100489138087929,0.37760985158853994,0.9524930451530066,0.9715386261502247,1.0199955066277242,-0.019045580997218092,0.5746115628898965,0.11794278400589518,0.20525654480867914,0.45666877888400126,0.49292831835016887,0.4443644344653685,0.39309943395261887,-0.03735601776034584,0.11794278400589518,0.7598333333333334,0.45066689466484267,0.49292831835016887,0.125,0.014318010550113038,0.025693035835023664,0.9715386261502247
credit_default,imputation→outliers→balance→label_noise,"('imputation', 'outliers', 'balance', 'label_noise')",random_forest,43,24000,34435,6000,34.952938079833984,False,0.8185,0.7946666666666666,0.9708816941559764,0.023833333333333373,0.6495698081831348,0.5490148395333645,0.8451975948035124,0.10055496864977032,0.7557277943883386,0.7711971704687304,1.0204695079303152,-0.015469376080391783,0.6495698081831348,0.5490148395333645,0.8451975948035124,0.10055496864977032,0.674470587490912,0.5359582161510646,0.7946354164158215,0.1385123713398474,0.6744868035190615,0.7461139896373057,1.1061950889840055,-0.07162718611824415,0.346646571213263,0.10851544837980406,0.3130434782608696,0.2381311228334589,0.4579392732702837,0.18947368421052632,0.41375286041189935,0.26846558905975737,0.3911478347313708,0.230587820948352,0.5895157801569147,0.16056001378301882,0.7707092855411588,0.7233935073473599,0.9386074891253245,0.04731577819379895,0.9524930451530066,0.9895142306869249,1.038867670186475,-0.03702118553391831,0.5746115628898965,0.32768518492783366,0.5702725216314916,0.2469263779620628,0.5490148395333645,0.5359582161510646,0.7233935073473599,0.230587820948352,0.32768518492783366,0.7946666666666666,0.7711971704687304,0.5490148395333645,0.7461139896373057,0.10851544837980406,0.18947368421052632,0.9895142306869249
credit_default,imputation→balance→label_noise→outliers,"('imputation', 'balance', 'label_noise', 'outliers')",random_forest,43,24000,34423,6000,33.88099789619446,False,0.8185,0.796,0.9725106902871106,0.022499999999999964,0.6495698081831348,0.5541874943860504,0.8531607956597129,0.0953823137970844,0.7557277943883386,0.7677644071970045,1.0159271802599346,-0.012036612808665859,0.6495698081831348,0.5541874943860504,0.8531607956597129,0.0953823137970844,0.674470587490912,0.5450959560120674,0.8081834347141373,0.12937463147884465,0.6744868035190615,0.7373271889400922,1.093167701863354,-0.06284038542103065,0.346646571213263,0.12057272042200452,0.3478260869565218,0.22607385079125847,0.4579392732702837,0.20725388601036268,0.45257940977697675,0.25068538725992107,0.3911478347313708,0.24091062501908705,0.6159068352878333,0.15023720971228377,0.7707092855411588,0.7286189756575921,0.9453875661378432,0.04209030988356666,0.9524930451530066,0.9878022683500963,1.0370703212761179,-0.035309223197089734,0.5746115628898965,0.34511158591678437,0.6005997933301467,0.22949997697311209,0.5541874943860504,0.5450959560120674,0.7286189756575921,0.24091062501908705,0.34511158591678437,0.796,0.7677644071970045,0.5541874943860504,0.7373271889400922,0.12057272042200452,0.20725388601036268,0.9878022683500963
credit_default,imputation→balance→outliers→label_noise,"('imputation', 'balance', 'outliers', 'label_noise')",random_forest,43,24000,34423,6000,33.195696115493774,False,0.8185,0.7953333333333333,0.9716961922215435,0.02316666666666667,0.6495698081831348,0.5529501274860423,0.85125589354693,0.09661968069709248,0.7557277943883386,0.7639926835641495,1.0109363308286157,-0.008264889175810919,0.6495698081831348,0.5529501274860423,0.85125589354693,0.09661968069709248,0.674470587490912,0.5431047889910579,0.8052312421976084,0.1313657984998542,0.6744868035190615,0.7302325581395349,1.0826491405460061,-0.055745754620473376,0.346646571213263,0.11831198191409194,0.341304347826087,0.22833458929917105,0.4579392732702837,0.20363164721141375,0.44466954266057634,0.25430762605887,0.3911478347313708,0.2364609587234573,0.6045309157491615,0.15468687600791353,0.7707092855411588,0.7254354126891952,0.9412568737637899,0.045273872851963604,0.9524930451530066,0.9875882730579927,1.036845652662323,-0.03509522790498609,0.5746115628898965,0.3418238228980048,0.594878079339143,0.23278773999189167,0.5529501274860423,0.5431047889910579,0.7254354126891952,0.2364609587234573,0.3418238228980048,0.7953333333333333,0.7639926835641495,0.5529501274860423,0.7302325581395349,0.11831198191409194,0.20363164721141375,0.9875882730579927
credit_default,label_noise→imputation→outliers→balance,"('label_noise', 'imputation', 'outliers', 'balance')",random_forest,43,24000,40159,6000,34.271644830703735,False,0.8185,0.7461666666666666,0.9116269598859702,0.07233333333333336,0.6495698081831348,0.4833451350581214,0.7441003706900285,0.16622467312501343,0.7557277943883386,0.421522230732757,0.557769919093585,0.3342055636555816,0.6495698081831348,0.4833451350581214,0.7441003706900285,0.16622467312501343,0.674470587490912,0.4373836925620191,0.6484844568080035,0.23708689492889296,0.6744868035190615,0.07017543859649122,0.10404271548436309,0.6043113649225703,0.346646571213263,0.012057272042200452,0.034782608695652174,0.3345892991710625,0.4579392732702837,0.020578778135048232,0.04493778834055641,0.4373604951352355,0.3911478347313708,-0.07230592363246158,-0.18485574305203356,0.4634537583638324,0.7707092855411588,0.38429321322074844,0.49862278868343246,0.38641607232041036,0.9524930451530066,0.9546329980740423,1.0022466861379464,-0.002139952921035748,0.5746115628898965,0.10728592525695134,0.18671034866993932,0.4673256376329451,0.4833451350581214,0.4373836925620191,0.38429321322074844,-0.07230592363246158,0.10728592525695134,0.7461666666666666,0.421522230732757,0.4833451350581214,0.07017543859649122,0.012057272042200452,0.020578778135048232,0.9546329980740423
credit_default,label_noise→imputation→balance→outliers,"('label_noise', 'imputation', 'balance', 'outliers')",random_forest,43,24000,40195,6000,38.9943962097168,False,0.8185,0.7336666666666667,0.8963551211565872,0.08483333333333332,0.6495698081831348,0.4774786484463732,0.7350690294271751,0.1720911597367616,0.7557277943883386,0.422937040864919,0.5596420351420718,0.3327907535234196,0.6495698081831348,0.4774786484463732,0.7350690294271751,0.1720911597367616,0.674470587490912,0.43741255778725935,0.6485272536708698,0.2370580297036527,0.6744868035190615,0.07523510971786834,0.11154422788605699,0.5992516938011931,0.346646571213263,0.01808590806330068,0.052173913043478265,0.3285606631499623,0.4579392732702837,0.02916160388821385,0.06368006762111046,0.42877766938206985,0.3911478347313708,-0.08332015349107161,-0.21301448223097927,0.4744679882224424,0.7707092855411588,0.38272009786696526,0.4965816619144996,0.38798918767419355,0.9524930451530066,0.9368713888294458,0.9835991911929904,0.015621656323560829,0.5746115628898965,0.13016977301012006,0.226535248186543,0.4444417898797764,0.4774786484463732,0.43741255778725935,0.38272009786696526,-0.08332015349107161,0.13016977301012006,0.7336666666666667,0.422937040864919,0.4774786484463732,0.07523510971786834,0.01808590806330068,0.02916160388821385,0.9368713888294458
credit_default,label_noise→outliers→imputation→balance,"('label_noise', 'outliers', 'imputation', 'balance')",random_forest,43,24000,40159,6000,33.734978914260864,False,0.8185,0.7418333333333333,0.9063327224597841,0.07666666666666666,0.6495698081831348,0.480023612050241,0.7389869510605499,0.1695461961328938,0.7557277943883386,0.4138260869565218,0.5475861679686653,0.3419017074318168,0.6495698081831348,0.480023612050241,0.7389869510605499,0.1695461961328938,0.674470587490912,0.4345707942735053,0.6443139290775386,0.23989979321740673,0.6744868035190615,0.056,0.08302608695652175,0.6184868035190615,0.346646571213263,0.010550113036925395,0.030434782608695653,0.3360964581763376,0.4579392732702837,0.017755231452124286,0.038772021725345315,0.44018404181815945,0.3911478347313708,-0.08298056442578151,-0.21214629625335954,0.4741283991571523,0.7707092855411588,0.38061900920018493,0.4938554865508474,0.3900902763409739,0.9524930451530066,0.9494971110635566,0.9968546394068749,0.002995934089449981,0.5746115628898965,0.10008647186285781,0.17418109611211524,0.47452509102703866,0.480023612050241,0.4345707942735053,0.38061900920018493,-0.08298056442578151,0.10008647186285781,0.7418333333333333,0.4138260869565218,0.480023612050241,0.056,0.010550113036925395,0.017755231452124286,0.9494971110635566
credit_default,label_noise→outliers→balance→imputation,"('label_noise', 'outliers', 'balance', 'imputation')",random_forest,43,24000,40159,6000,20.017573833465576,False,0.8185,0.7058333333333333,0.8623498269191611,0.11266666666666669,0.6495698081831348,0.46797359681900114,0.7204361885721514,0.18159621136413368,0.7557277943883386,0.43352804301374703,0.5736563432401351,0.32219975137459156,0.6495698081831348,0.46797359681900114,0.7204361885721514,0.18159621136413368,0.674470587490912,0.4421728395061728,0.6555850584249988,0.23229774798473923,0.6744868035190615,0.10036496350364964,0.14880196762932404,0.5741218400154119,0.346646571213263,0.04144687264506405,0.11956521739130435,0.30519969856819895,0.4579392732702837,0.058666666666666666,0.12811014492753622,0.3992726066036171,0.3911478347313708,-0.09227909177428553,-0.23591870791681663,0.48342692650565633,0.7707092855411588,0.38161174093958933,0.49514356203926885,0.3890975446015695,0.9524930451530066,0.8945003209929382,0.9391148056616492,0.0579927241600684,0.5746115628898965,0.19254672390140326,0.33509023545058364,0.3820648389884932,0.46797359681900114,0.4421728395061728,0.38161174093958933,-0.09227909177428553,0.19254672390140326,0.7058333333333333,0.43352804301374703,0.46797359681900114,0.10036496350364964,0.04144687264506405,0.058666666666666666,0.8945003209929382
credit_default,label_noise→balance→imputation→outliers,"('label_noise', 'balance', 'imputation', 'outliers')",random_forest,43,24000,40195,6000,18.89657187461853,False,0.8185,0.6951666666666667,0.8493178578700876,0.1233333333333333,0.6495698081831348,0.4603163711558858,0.7086480396054794,0.189253437027249,0.7557277943883386,0.42471741612425984,0.5619978771166042,0.33101037826407875,0.6495698081831348,0.4603163711558858,0.7086480396054794,0.189253437027249,0.674470587490912,0.43605982699154155,0.6465216350111296,0.2384107604993705,0.6744868035190615,0.0858085808580858,0.1272205481417707,0.5886782226609757,0.346646571213263,0.03918613413715147,0.11304347826086956,0.3074604370761115,0.4579392732702837,0.05380237972064149,0.11748802267257473,0.4041368935496422,0.3911478347313708,-0.10931580154672552,-0.27947438753380927,0.5004636362780963,0.7707092855411588,0.38310390253554594,0.497079650813532,0.38760538300561287,0.9524930451530066,0.8814466081746202,0.9254100202201753,0.07104643697838642,0.5746115628898965,0.18585070627433153,0.32343711522203233,0.3887608566155649,0.4603163711558858,0.43605982699154155,0.38310390253554594,-0.10931580154672552,0.18585070627433153,0.6951666666666667,0.42471741612425984,0.4603163711558858,0.0858085808580858,0.03918613413715147,0.05380237972064149,0.8814466081746202
credit_default,label_noise→balance→outliers→imputation,"('label_noise', 'balance', 'outliers', 'imputation')",random_forest,43,24000,40195,6000,19.714784145355225,False,0.8185,0.6951666666666667,0.8493178578700876,0.1233333333333333,0.6495698081831348,0.4603163711558858,0.7086480396054794,0.189253437027249,0.7557277943883386,0.42471741612425984,0.5619978771166042,0.33101037826407875,0.6495698081831348,0.4603163711558858,0.7086480396054794,0.189253437027249,0.674470587490912,0.43605982699154155,0.6465216350111296,0.2384107604993705,0.6744868035190615,0.0858085808580858,0.1272205481417707,0.5886782226609757,0.346646571213263,0.03918613413715147,0.11304347826086956,0.3074604370761115,0.4579392732702837,0.05380237972064149,0.11748802267257473,0.4041368935496422,0.3911478347313708,-0.10931580154672552,-0.27947438753380927,0.5004636362780963,0.7707092855411588,0.38310390253554594,0.497079650813532,0.38760538300561287,0.9524930451530066,0.8814466081746202,0.9254100202201753,0.07104643697838642,0.5746115628898965,0.18585070627433153,0.32343711522203233,0.3887608566155649,0.4603163711558858,0.43605982699154155,0.38310390253554594,-0.10931580154672552,0.18585070627433153,0.6951666666666667,0.42471741612425984,0.4603163711558858,0.0858085808580858,0.03918613413715147,0.05380237972064149,0.8814466081746202
credit_default,outliers→imputation→label_noise→balance,"('outliers', 'imputation', 'label_noise', 'balance')",random_forest,43,24000,39994,6000,33.96292018890381,False,0.8185,0.7516666666666667,0.9183465689268988,0.0668333333333333,0.6495698081831348,0.48687605737783035,0.7495361564596675,0.16269375080530446,0.7557277943883386,0.4281057443848142,0.5664814071464832,0.3276220500035244,0.6495698081831348,0.48687605737783035,0.7495361564596675,0.16269375080530446,0.674470587490912,0.4394111283537825,0.651490423012261,0.23505945913712956,0.6744868035190615,0.08205128205128205,0.12164994425863992,0.5924355214677794,0.346646571213263,0.012057272042200452,0.034782608695652174,0.3345892991710625,0.4579392732702837,0.02102496714848883,0.04591212934925441,0.4369143061217949,0.3911478347313708,-0.06143406499841258,-0.15706098703218885,0.4525818997297834,0.7707092855411588,0.39080531411428765,0.507072279322392,0.37990397142687116,0.9524930451530066,0.9616948427134603,1.00966075039317,-0.009201797560453695,0.5746115628898965,0.10768201493368039,0.1873996659449642,0.46692954795621605,0.48687605737783035,0.4394111283537825,0.39080531411428765,-0.06143406499841258,0.10768201493368039,0.7516666666666667,0.4281057443848142,0.48687605737783035,0.08205128205128205,0.012057272042200452,0.02102496714848883,0.9616948427134603
credit_default,outliers→imputation→balance→label_noise,"('outliers', 'imputation', 'balance', 'label_noise')",random_forest,43,24000,34435,6000,35.86103892326355,False,0.8185,0.7938333333333333,0.9698635715740175,0.024666666666666726,0.6495698081831348,0.5479402670925716,0.8435433115728947,0.10162954109056321,0.7557277943883386,0.7639297775852211,1.0108530918907395,-0.008201983196882479,0.6495698081831348,0.5479402670925716,0.8435433115728947,0.10162954109056321,0.674470587490912,0.5343368243013688,0.7922314689646397,0.1401337631895433,0.6744868035190615,0.7319587628865979,1.0852084267144777,-0.05747195936753635,0.346646571213263,0.10700828937452901,0.30869565217391304,0.23963828183873398,0.4579392732702837,0.18671926364234057,0.4077380441928937,0.2712200096279431,0.3911478347313708,0.22496990048554066,0.57515312756376,0.16617793424583016,0.7707092855411588,0.7301813670574002,0.9474147785110677,0.040527918483758585,0.9524930451530066,0.9888722448106142,1.038193664345091,-0.03637919965760761,0.5746115628898965,0.3252960610384551,0.5661147147865284,0.24931550185144136,0.5479402670925716,0.5343368243013688,0.7301813670574002,0.22496990048554066,0.3252960610384551,0.7938333333333333,0.7639297775852211,0.5479402670925716,0.7319587628865979,0.10700828937452901,0.18671926364234057,0.9888722448106142
credit_default,outliers→label_noise→imputation→balance,"('outliers', 'label_noise', 'imputation', 'balance')",random_forest,43,24000,40084,6000,33.40717077255249,False,0.8185,0.7571666666666667,0.9250661779678273,0.06133333333333335,0.6495698081831348,0.4904069796975393,0.7549719422293064,0.1591628284855955,0.7557277943883386,0.43710111276058516,0.5783843283339347,0.3186266816277534,0.6495698081831348,0.4904069796975393,0.7549719422293064,0.1591628284855955,0.674470587490912,0.441437123116216,0.6544942526825368,0.23303346437469602,0.6744868035190615,0.09876543209876543,0.14643048845947396,0.5757213714202961,0.346646571213263,0.012057272042200452,0.034782608695652174,0.3345892991710625,0.4579392732702837,0.021490933512424447,0.04692965807223991,0.4364483397578593,0.3911478347313708,-0.049128008398057005,-0.12559959185712155,0.4402758431294278,0.7707092855411588,0.4092786552516493,0.5310415521518875,0.3614306302895095,0.9524930451530066,0.9687566873528782,1.0170748146483937,-0.016263642199871642,0.5746115628898965,0.1080766529927467,0.18808645696093604,0.46653490989714974,0.4904069796975393,0.441437123116216,0.4092786552516493,-0.049128008398057005,0.1080766529927467,0.7571666666666667,0.43710111276058516,0.4904069796975393,0.09876543209876543,0.012057272042200452,0.021490933512424447,0.9687566873528782
credit_default,outliers→label_noise→balance→imputation,"('outliers', 'label_noise', 'balance', 'imputation')",random_forest,43,24000,40084,6000,18.85008215904236,False,0.8185,0.7181666666666666,0.8774180411321523,0.10033333333333339,0.6495698081831348,0.4750820463110324,0.731379507369424,0.1744877618721024,0.7557277943883386,0.4403169438418896,0.5826396053069184,0.315410850546449,0.6495698081831348,0.4750820463110324,0.731379507369424,0.1744877618721024,0.674470587490912,0.4461178159703788,0.6614340554567028,0.22835277152053324,0.6744868035190615,0.1111111111111111,0.1647342995169082,0.5633756924079505,0.346646571213263,0.03918613413715147,0.11304347826086956,0.3074604370761115,0.4579392732702837,0.057938718662952644,0.12652052803681724,0.4000005546073311,0.3911478347313708,-0.07712793603782865,-0.19718359451177306,0.46827577076919946,0.7707092855411588,0.40985879697232946,0.5317942895738492,0.36085048856882934,0.9524930451530066,0.9109779584849134,0.9564142889238374,0.041515086668093226,0.5746115628898965,0.18893836158170266,0.3288105805450105,0.3856732013081938,0.4750820463110324,0.4461178159703788,0.40985879697232946,-0.07712793603782865,0.18893836158170266,0.7181666666666666,0.4403169438418896,0.4750820463110324,0.1111111111111111,0.03918613413715147,0.057938718662952644,0.9109779584849134
credit_default,outliers→balance→imputation→label_noise,"('outliers', 'balance', 'imputation', 'label_noise')",random_forest,43,24000,34435,6000,21.11486315727234,False,0.8185,0.795,0.97128894318876,0.023499999999999965,0.6495698081831348,0.5530059242992057,0.8513417916481971,0.09656388388392911,0.7557277943883386,0.7596235187067697,1.0051549305813003,-0.003895724318431104,0.6495698081831348,0.5530059242992057,0.8513417916481971,0.09656388388392911,0.674470587490912,0.5433700674995564,0.8056245558771351,0.13110051999135564,0.6744868035190615,0.7214611872146118,1.0696446297399245,-0.04697438369555029,0.346646571213263,0.11906556141672947,0.34347826086956523,0.2275810097965335,0.4579392732702837,0.20439844760672704,0.4463440013499072,0.2535408256635567,0.3911478347313708,0.2346195608116634,0.5998232381186347,0.15652827391970742,0.7707092855411588,0.715300147345515,0.928106305146255,0.05540913819564386,0.9524930451530066,0.986946287181682,1.0361716468209392,-0.03445324202867539,0.5746115628898965,0.342799232454572,0.5965755905268079,0.23181233043532445,0.5530059242992057,0.5433700674995564,0.715300147345515,0.2346195608116634,0.342799232454572,0.795,0.7596235187067697,0.5530059242992057,0.7214611872146118,0.11906556141672947,0.20439844760672704,0.986946287181682
credit_default,outliers→balance→label_noise→imputation,"('outliers', 'balance', 'label_noise', 'imputation')",random_forest,43,24000,34435,6000,19.432647228240967,False,0.8185,0.795,0.97128894318876,0.023499999999999965,0.6495698081831348,0.5530059242992057,0.8513417916481971,0.09656388388392911,0.7557277943883386,0.7596235187067697,1.0051549305813003,-0.003895724318431104,0.6495698081831348,0.5530059242992057,0.8513417916481971,0.09656388388392911,0.674470587490912,0.5433700674995564,0.8056245558771351,0.13110051999135564,0.6744868035190615,0.7214611872146118,1.0696446297399245,-0.04697438369555029,0.346646571213263,0.11906556141672947,0.34347826086956523,0.2275810097965335,0.4579392732702837,0.20439844760672704,0.4463440013499072,0.2535408256635567,0.3911478347313708,0.2346195608116634,0.5998232381186347,0.15652827391970742,0.7707092855411588,0.715300147345515,0.928106305146255,0.05540913819564386,0.9524930451530066,0.986946287181682,1.0361716468209392,-0.03445324202867539,0.5746115628898965,0.342799232454572,0.5965755905268079,0.23181233043532445,0.5530059242992057,0.5433700674995564,0.715300147345515,0.2346195608116634,0.342799232454572,0.795,0.7596235187067697,0.5530059242992057,0.7214611872146118,0.11906556141672947,0.20439844760672704,0.986946287181682
credit_default,balance→imputation→label_noise→outliers,"('balance', 'imputation', 'label_noise', 'outliers')",random_forest,43,24000,34423,6000,20.655149698257446,False,0.8185,0.7981666666666667,0.9751578090002037,0.020333333333333314,0.6495698081831348,0.563132642732199,0.8669316763771656,0.08643716545093583,0.7557277943883386,0.7623224336638971,1.0087262097868135,-0.006594639275558478,0.6495698081831348,0.563132642732199,0.8669316763771656,0.08643716545093583,0.674470587490912,0.5603140396156687,0.8307464402563269,0.11415654787524332,0.6744868035190615,0.7230769230769231,1.0720401337792642,-0.04859011955786152,0.346646571213263,0.14167294649585532,0.4086956521739131,0.20497362471740765,0.4579392732702837,0.23692501575299307,0.5173721267910468,0.22101425751729065,0.3911478347313708,0.2573799408279036,0.6580119279061453,0.13376789390346722,0.7707092855411588,0.7085018055751983,0.9192854152233535,0.062207479965960544,0.9524930451530066,0.9845923389685427,1.033700292069198,-0.03209929381553611,0.5746115628898965,0.3734837315853522,0.6499760111108605,0.20112783130454426,0.563132642732199,0.5603140396156687,0.7085018055751983,0.2573799408279036,0.3734837315853522,0.7981666666666667,0.7623224336638971,0.563132642732199,0.7230769230769231,0.14167294649585532,0.23692501575299307,0.9845923389685427
credit_default,balance→imputation→outliers→label_noise,"('balance', 'imputation', 'outliers', 'label_noise')",random_forest,43,24000,34423,6000,20.16402816772461,False,0.8185,0.7951666666666667,0.9714925677051517,0.023333333333333317,0.6495698081831348,0.5533827140505245,0.8519218520921588,0.09618709413261028,0.7557277943883386,0.7603255740798993,1.0060839097432985,-0.004597779691560722,0.6495698081831348,0.5533827140505245,0.8519218520921588,0.09618709413261028,0.674470587490912,0.543992622253296,0.8065475831599934,0.130477965237616,0.6744868035190615,0.7227272727272728,1.071521739130435,-0.048240469208211234,0.346646571213263,0.11981914091936699,0.3456521739130435,0.226827430293896,0.4579392732702837,0.20555914673561732,0.44887861499114695,0.2523801265346664,0.3911478347313708,0.23577010566351198,0.6027646959248341,0.15537772906785885,0.7707092855411588,0.7101787739569504,0.9214612919296716,0.06053051158420841,0.9524930451530066,0.986946287181682,1.0361716468209392,-0.03445324202867539,0.5746115628898965,0.3438823290948053,0.5984605102015637,0.23072923379509114,0.5533827140505245,0.543992622253296,0.7101787739569504,0.23577010566351198,0.3438823290948053,0.7951666666666667,0.7603255740798993,0.5533827140505245,0.7227272727272728,0.11981914091936699,0.20555914673561732,0.986946287181682
credit_default,balance→label_noise→imputation→outliers,"('balance', 'label_noise', 'imputation', 'outliers')",random_forest,43,24000,34423,6000,21.575480222702026,False,0.8185,0.7981666666666667,0.9751578090002037,0.020333333333333314,0.6495698081831348,0.563132642732199,0.8669316763771656,0.08643716545093583,0.7557277943883386,0.7623224336638971,1.0087262097868135,-0.006594639275558478,0.6495698081831348,0.563132642732199,0.8669316763771656,0.08643716545093583,0.674470587490912,0.5603140396156687,0.8307464402563269,0.11415654787524332,0.6744868035190615,0.7230769230769231,1.0720401337792642,-0.04859011955786152,0.346646571213263,0.14167294649585532,0.4086956521739131,0.20497362471740765,0.4579392732702837,0.23692501575299307,0.5173721267910468,0.22101425751729065,0.3911478347313708,0.2573799408279036,0.6580119279061453,0.13376789390346722,0.7707092855411588,0.7085018055751983,0.9192854152233535,0.062207479965960544,0.9524930451530066,0.9845923389685427,1.033700292069198,-0.03209929381553611,0.5746115628898965,0.3734837315853522,0.6499760111108605,0.20112783130454426,0.563132642732199,0.5603140396156687,0.7085018055751983,0.2573799408279036,0.3734837315853522,0.7981666666666667,0.7623224336638971,0.563132642732199,0.7230769230769231,0.14167294649585532,0.23692501575299307,0.9845923389685427
credit_default,balance→label_noise→outliers→imputation,"('balance', 'label_noise', 'outliers', 'imputation')",random_forest,43,24000,34423,6000,20.66952896118164,False,0.8185,0.7981666666666667,0.9751578090002037,0.020333333333333314,0.6495698081831348,0.563132642732199,0.8669316763771656,0.08643716545093583,0.7557277943883386,0.7623224336638971,1.0087262097868135,-0.006594639275558478,0.6495698081831348,0.563132642732199,0.8669316763771656,0.08643716545093583,0.674470587490912,0.5603140396156687,0.8307464402563269,0.11415654787524332,0.6744868035190615,0.7230769230769231,1.0720401337792642,-0.04859011955786152,0.346646571213263,0.14167294649585532,0.4086956521739131,0.20497362471740765,0.4579392732702837,0.23692501575299307,0.5173721267910468,0.22101425751729065,0.3911478347313708,0.2573799408279036,0.6580119279061453,0.13376789390346722,0.7707092855411588,0.7085018055751983,0.9192854152233535,0.062207479965960544,0.9524930451530066,0.9845923389685427,1.033700292069198,-0.03209929381553611,0.5746115628898965,0.3734837315853522,0.6499760111108605,0.20112783130454426,0.563132642732199,0.5603140396156687,0.7085018055751983,0.2573799408279036,0.3734837315853522,0.7981666666666667,0.7623224336638971,0.563132642732199,0.7230769230769231,0.14167294649585532,0.23692501575299307,0.9845923389685427
credit_default,balance→outliers→imputation→label_noise,"('balance', 'outliers', 'imputation', 'label_noise')",random_forest,43,24000,34423,6000,21.01872682571411,False,0.8185,0.7951666666666667,0.9714925677051517,0.023333333333333317,0.6495698081831348,0.5533827140505245,0.8519218520921588,0.09618709413261028,0.7557277943883386,0.7603255740798993,1.0060839097432985,-0.004597779691560722,0.6495698081831348,0.5533827140505245,0.8519218520921588,0.09618709413261028,0.674470587490912,0.543992622253296,0.8065475831599934,0.130477965237616,0.6744868035190615,0.7227272727272728,1.071521739130435,-0.048240469208211234,0.346646571213263,0.11981914091936699,0.3456521739130435,0.226827430293896,0.4579392732702837,0.20555914673561732,0.44887861499114695,0.2523801265346664,0.3911478347313708,0.23577010566351198,0.6027646959248341,0.15537772906785885,0.7707092855411588,0.7101787739569504,0.9214612919296716,0.06053051158420841,0.9524930451530066,0.986946287181682,1.0361716468209392,-0.03445324202867539,0.5746115628898965,0.3438823290948053,0.5984605102015637,0.23072923379509114,0.5533827140505245,0.543992622253296,0.7101787739569504,0.23577010566351198,0.3438823290948053,0.7951666666666667,0.7603255740798993,0.5533827140505245,0.7227272727272728,0.11981914091936699,0.20555914673561732,0.986946287181682
credit_default,balance→outliers→label_noise→imputation,"('balance', 'outliers', 'label_noise', 'imputation')",random_forest,43,24000,34423,6000,20.744619131088257,False,0.8185,0.7951666666666667,0.9714925677051517,0.023333333333333317,0.6495698081831348,0.5533827140505245,0.8519218520921588,0.09618709413261028,0.7557277943883386,0.7603255740798993,1.0060839097432985,-0.004597779691560722,0.6495698081831348,0.5533827140505245,0.8519218520921588,0.09618709413261028,0.674470587490912,0.543992622253296,0.8065475831599934,0.130477965237616,0.6744868035190615,0.7227272727272728,1.071521739130435,-0.048240469208211234,0.346646571213263,0.11981914091936699,0.3456521739130435,0.226827430293896,0.4579392732702837,0.20555914673561732,0.44887861499114695,0.2523801265346664,0.3911478347313708,0.23577010566351198,0.6027646959248341,0.15537772906785885,0.7707092855411588,0.7101787739569504,0.9214612919296716,0.06053051158420841,0.9524930451530066,0.986946287181682,1.0361716468209392,-0.03445324202867539,0.5746115628898965,0.3438823290948053,0.5984605102015637,0.23072923379509114,0.5533827140505245,0.543992622253296,0.7101787739569504,0.23577010566351198,0.3438823290948053,0.7951666666666667,0.7603255740798993,0.5533827140505245,0.7227272727272728,0.11981914091936699,0.20555914673561732,0.986946287181682
credit_default,imputation→label_noise→outliers→balance,"('imputation', 'label_noise', 'outliers', 'balance')",random_forest,44,24000,40051,6000,29.74587607383728,False,0.8158333333333333,0.7285,0.8929519918283964,0.08733333333333326,0.6470484695305052,0.47416172141876783,0.7328071137589074,0.17288674811173738,0.7482505412268972,0.41897597977244,0.5599407640727533,0.32927456145445716,0.6470484695305052,0.47416172141876783,0.7328071137589074,0.17288674811173738,0.6709945032262636,0.435409787997935,0.648902168206156,0.23558471522832863,0.6604046242774566,0.06857142857142857,0.10383244763988747,0.591833195706028,0.3443858327053504,0.01808590806330068,0.052516411378555804,0.3262999246420497,0.45269935611688955,0.028622540250447227,0.06322637720530958,0.4240768158664423,0.3821249122867277,-0.09151002582036763,-0.23947673359674343,0.47363493810709534,0.7759817618601691,0.3595223309005815,0.46331286193987503,0.4164594309595876,0.9497111063556601,0.930237534774235,0.9794952681388013,0.019473571581425153,0.5718977620097963,0.1297080973993462,0.22680294628801917,0.44218966461045006,0.47416172141876783,0.435409787997935,0.3595223309005815,-0.09151002582036763,0.1297080973993462,0.7285,0.41897597977244,0.47416172141876783,0.06857142857142857,0.01808590806330068,0.028622540250447227,0.930237534774235
credit_default,imputation→label_noise→balance→outliers,"('imputation', 'label_noise', 'balance', 'outliers')",random_forest,44,24000,40089,6000,29.135775089263916,False,0.8158333333333333,0.726,0.8898876404494382,0.08983333333333332,0.6470484695305052,0.473096340938525,0.7311605903060108,0.17395212859198023,0.7482505412268972,0.4197091304956736,0.560920583909611,0.32854141073122356,0.6470484695305052,0.473096340938525,0.7311605903060108,0.17395212859198023,0.6709945032262636,0.4355553439587484,0.649119093918831,0.23543915926751524,0.6604046242774566,0.07046070460704607,0.1066932332343017,0.5899439196704106,0.3443858327053504,0.019593067068575734,0.05689277899343545,0.32479276563677467,0.45269935611688955,0.030660377358490566,0.0677279014078692,0.42203897875839896,0.3821249122867277,-0.09295414307912862,-0.2432559094953234,0.4750790553658563,0.7759817618601691,0.35667516143582295,0.4596437428900492,0.41930660042434614,0.9497111063556601,0.9265996148084742,0.9756647138350608,0.023111491547185947,0.5718977620097963,0.13474022561454643,0.23560194595102896,0.4371575363952498,0.473096340938525,0.4355553439587484,0.35667516143582295,-0.09295414307912862,0.13474022561454643,0.726,0.4197091304956736,0.473096340938525,0.07046070460704607,0.019593067068575734,0.030660377358490566,0.9265996148084742
credit_default,imputation→outliers→label_noise→balance,"('imputation', 'outliers', 'label_noise', 'balance')",random_forest,44,24000,39996,6000,29.63659119606018,False,0.8158333333333333,0.737,0.903370786516854,0.07883333333333331,0.6470484695305052,0.4804279776832099,0.7424914829515102,0.16662049184729533,0.7482505412268972,0.4301270887606327,0.5748436720879061,0.31812345246626444,0.6470484695305052,0.4804279776832099,0.7424914829515102,0.16662049184729533,0.6709945032262636,0.4404445806100218,0.656405646383516,0.23054992261624185,0.6604046242774566,0.08852459016393442,0.13404598773182194,0.5718800341135222,0.3443858327053504,0.020346646571213264,0.05908096280087528,0.3240391861341371,0.45269935611688955,0.03308823529411765,0.07309097052387695,0.4196111208227719,0.3821249122867277,-0.07396091341015176,-0.1935516660443618,0.45608582569687944,0.7759817618601691,0.38439537299282656,0.49536650458299575,0.39158638886734254,0.9497111063556601,0.9405093087952066,0.9903109508787743,0.009201797560453584,0.5718977620097963,0.13833369258062964,0.2418853539389442,0.4335640694291666,0.4804279776832099,0.4404445806100218,0.38439537299282656,-0.07396091341015176,0.13833369258062964,0.737,0.4301270887606327,0.4804279776832099,0.08852459016393442,0.020346646571213264,0.03308823529411765,0.9405093087952066
credit_default,imputation→outliers→balance→label_noise,"('imputation', 'outliers', 'balance', 'label_noise')",random_forest,44,24000,34426,6000,30.880832195281982,False,0.8158333333333333,0.7933333333333333,0.9724208375893769,0.022499999999999964,0.6470484695305052,0.5557130373124255,0.8588429823744855,0.09133543221807972,0.7482505412268972,0.7340731501249025,0.9810526149720544,0.014177391101994674,0.6470484695305052,0.5557130373124255,0.8588429823744855,0.09133543221807972,0.6709945032262636,0.549062049062049,0.8182809939903514,0.12193245416421461,0.6604046242774566,0.669260700389105,1.013410075862715,-0.008856076111648403,0.3443858327053504,0.12961567445365485,0.37636761487964987,0.21477015825169554,0.45269935611688955,0.21717171717171718,0.4797261454810689,0.23552763894517237,0.3821249122867277,0.22839374901030615,0.5976939520732706,0.15373116327642153,0.7759817618601691,0.7334444324214318,0.9451825654551885,0.04253732943873734,0.9497111063556601,0.9818104001711963,1.0337990085624156,-0.03209929381553611,0.5718977620097963,0.35673241681097945,0.6237695625129389,0.2151653451988168,0.5557130373124255,0.549062049062049,0.7334444324214318,0.22839374901030615,0.35673241681097945,0.7933333333333333,0.7340731501249025,0.5557130373124255,0.669260700389105,0.12961567445365485,0.21717171717171718,0.9818104001711963
credit_default,imputation→balance→label_noise→outliers,"('imputation', 'balance', 'label_noise', 'outliers')",random_forest,44,24000,34423,6000,31.74643087387085,False,0.8158333333333333,0.7998333333333333,0.980388151174668,0.016000000000000014,0.6470484695305052,0.574184927087595,0.8873909052040885,0.07286354244291016,0.7482505412268972,0.750146817007282,1.0025342791964782,-0.0018962757803848707,0.6470484695305052,0.574184927087595,0.8873909052040885,0.07286354244291016,0.6709945032262636,0.5782561118479306,0.8617896407013321,0.09273839137833306,0.6604046242774566,0.6944444444444444,1.0515438852419159,-0.03403982016698781,0.3443858327053504,0.16955538809344387,0.4923413566739607,0.17483044461190653,0.45269935611688955,0.2725620835857056,0.6020818892336319,0.18013727253118395,0.3821249122867277,0.2724490659252052,0.7129843073952029,0.1096758463615225,0.7759817618601691,0.7271810788813738,0.937111043870656,0.04880068297879525,0.9497111063556601,0.9788144660817462,1.0306444344299235,-0.02910335972608602,0.5718977620097963,0.407385894046379,0.7123404236007497,0.16451186796341727,0.574184927087595,0.5782561118479306,0.7271810788813738,0.2724490659252052,0.407385894046379,0.7998333333333333,0.750146817007282,0.574184927087595,0.6944444444444444,0.16955538809344387,0.2725620835857056,0.9788144660817462
credit_default,imputation→balance→outliers→label_noise,"('imputation', 'balance', 'outliers', 'label_noise')",random_forest,44,24000,34423,6000,31.655429124832153,False,0.8158333333333333,0.7996666666666666,0.9801838610827375,0.016166666666666663,0.6470484695305052,0.5697612557572715,0.8805542128407894,0.07728721377323367,0.7482505412268972,0.7587054039976054,1.0139724092328295,-0.010454862770708284,0.6470484695305052,0.5697612557572715,0.8805542128407894,0.07728721377323367,0.6709945032262636,0.5711125383572397,0.8511433932934276,0.0998819648690239,0.6604046242774566,0.7133105802047781,1.0801114256054847,-0.0529059559273215,0.3443858327053504,0.15749811605124342,0.4573304157549235,0.18688771665410697,0.45269935611688955,0.2580246913580247,0.5699692033390064,0.19467466475886486,0.3821249122867277,0.2686828156325985,0.7031282363265344,0.11344209665412919,0.7759817618601691,0.7258787232076525,0.9354327110312354,0.05010303865251664,0.9497111063556601,0.9820243954632998,1.0340243352861649,-0.03231328910763964,0.5718977620097963,0.3932772459751911,0.687670545506444,0.17862051603460516,0.5697612557572715,0.5711125383572397,0.7258787232076525,0.2686828156325985,0.3932772459751911,0.7996666666666666,0.7587054039976054,0.5697612557572715,0.7133105802047781,0.15749811605124342,0.2580246913580247,0.9820243954632998
credit_default,label_noise→imputation→outliers→balance,"('label_noise', 'imputation', 'outliers', 'balance')",random_forest,44,24000,40098,6000,29.918477058410645,False,0.8158333333333333,0.7283333333333334,0.8927477017364659,0.08749999999999991,0.6470484695305052,0.4764828527201188,0.7363943740812062,0.1705656168103864,0.7482505412268972,0.42981578457233693,0.5744276293707363,0.3184347566545602,0.6470484695305052,0.4764828527201188,0.7363943740812062,0.1705656168103864,0.6709945032262636,0.4403620502754014,0.6562826493481847,0.23063245295086227,0.6604046242774566,0.08943089430894309,0.13541833448969065,0.5709737299685135,0.3443858327053504,0.024868123587038434,0.07221006564551423,0.31951770911831195,0.45269935611688955,0.03891509433962264,0.08596233640229553,0.4137842617772669,0.3821249122867277,-0.08125349299409251,-0.21263594804079117,0.4633784052808202,0.7759817618601691,0.3728588174526626,0.48049945988273274,0.4031229444075065,0.9497111063556601,0.9280975818531992,0.977242000901307,0.0216135245024609,0.5718977620097963,0.1519211814275971,0.2656439516281842,0.4199765805821991,0.4764828527201188,0.4403620502754014,0.3728588174526626,-0.08125349299409251,0.1519211814275971,0.7283333333333334,0.42981578457233693,0.4764828527201188,0.08943089430894309,0.024868123587038434,0.03891509433962264,0.9280975818531992
credit_default,label_noise→imputation→balance→outliers,"('label_noise', 'imputation', 'balance', 'outliers')",random_forest,44,24000,40125,6000,30.633107900619507,False,0.8158333333333333,0.725,0.8886618998978549,0.09083333333333332,0.6470484695305052,0.474882484009617,0.7339210374057281,0.1721659855208882,0.7482505412268972,0.4293161356374325,0.5737598731749504,0.3189344055894647,0.6470484695305052,0.474882484009617,0.7339210374057281,0.1721659855208882,0.6709945032262636,0.44009591892136457,0.6558860270915832,0.23089858430489907,0.6604046242774566,0.089058524173028,0.1348544829928564,0.5713461001044287,0.3443858327053504,0.02637528259231349,0.07658643326039388,0.3180105501130369,0.45269935611688955,0.040697674418604654,0.08990000508879956,0.4120016816982849,0.3821249122867277,-0.08427106486544118,-0.2205327686204566,0.46639597715216885,0.7759817618601691,0.37328551793714343,0.4810493445648907,0.40269624392302567,0.9497111063556601,0.9233896854269206,0.9722848129788193,0.02632142092873957,0.5718977620097963,0.15605980871435954,0.2728806074811783,0.4158379532954367,0.474882484009617,0.44009591892136457,0.37328551793714343,-0.08427106486544118,0.15605980871435954,0.725,0.4293161356374325,0.474882484009617,0.089058524173028,0.02637528259231349,0.040697674418604654,0.9233896854269206
credit_default,label_noise→outliers→imputation→balance,"('label_noise', 'outliers', 'imputation', 'balance')",random_forest,44,24000,40096,6000,29.087231874465942,False,0.8158333333333333,0.7295,0.8941777323799797,0.08633333333333326,0.6470484695305052,0.47669225203194737,0.7367179963779725,0.17035621749855784,0.7482505412268972,0.42844320033903743,0.5725932381372213,0.3198073408878597,0.6470484695305052,0.47669225203194737,0.7367179963779725,0.17035621749855784,0.6709945032262636,0.439725788982367,0.6553344131257193,0.2312687142438966,0.6604046242774566,0.08659217877094973,0.13111988557876852,0.5738124455065069,0.3443858327053504,0.023360964581763375,0.06783369803063458,0.321024868123587,0.45269935611688955,0.03679525222551929,0.08127966547409568,0.4159041038913703,0.3821249122867277,-0.08167809625347908,-0.21374711155233936,0.46380300854020673,0.7759817618601691,0.37314892862861915,0.4808733232777449,0.40283283323154995,0.9497111063556601,0.9300235394821313,0.9792699414150519,0.019687566873528795,0.5718977620097963,0.14739825971173567,0.2577353322624313,0.42449950229806055,0.47669225203194737,0.439725788982367,0.37314892862861915,-0.08167809625347908,0.14739825971173567,0.7295,0.42844320033903743,0.47669225203194737,0.08659217877094973,0.023360964581763375,0.03679525222551929,0.9300235394821313
credit_default,label_noise→outliers→balance→imputation,"('label_noise', 'outliers', 'balance', 'imputation')",random_forest,44,24000,40096,6000,19.06262230873108,False,0.8158333333333333,0.6896666666666667,0.8453524004085802,0.12616666666666665,0.6470484695305052,0.4562458646256429,0.705118528379632,0.19080260490486228,0.7482505412268972,0.42035796317631774,0.5617877168348746,0.3278925780505794,0.6470484695305052,0.4562458646256429,0.705118528379632,0.19080260490486228,0.6709945032262636,0.4327366405213705,0.6449183092271159,0.23825786270489313,0.6604046242774566,0.07874015748031496,0.1192301728148314,0.5816644667971417,0.3443858327053504,0.037678975131876416,0.10940919037199126,0.306706857573474,0.45269935611688955,0.0509683995922528,0.1125877448323396,0.40173095652463675,0.3821249122867277,-0.11806216092674104,-0.30896221923932826,0.5001870732134688,0.7759817618601691,0.3634007738340683,0.46831097288025264,0.41258098802610077,0.9497111063556601,0.8748127541194094,0.9211356466876972,0.07489835223625074,0.5718977620097963,0.18155453177355158,0.3174597696195245,0.3903432302362447,0.4562458646256429,0.4327366405213705,0.3634007738340683,-0.11806216092674104,0.18155453177355158,0.6896666666666667,0.42035796317631774,0.4562458646256429,0.07874015748031496,0.037678975131876416,0.0509683995922528,0.8748127541194094
credit_default,label_noise→balance→imputation→outliers,"('label_noise', 'balance', 'imputation', 'outliers')",random_forest,44,24000,40125,6000,18.393516063690186,False,0.8158333333333333,0.6803333333333333,0.8339121552604699,0.13549999999999995,0.6470484695305052,0.45025399644674285,0.6958582202867193,0.19679447308376236,0.7482505412268972,0.41591197973896277,0.5558458789177714,0.3323385614879344,0.6470484695305052,0.45025399644674285,0.6958582202867193,0.19679447308376236,0.6709945032262636,0.4287040756612646,0.6389084762989524,0.24229042756499902,0.6604046242774566,0.0723589001447178,0.10956752494561207,0.5880457241327388,0.3443858327053504,0.037678975131876416,0.10940919037199126,0.306706857573474,0.45269935611688955,0.049554013875123884,0.10946340701736884,0.4031453422417657,0.3821249122867277,-0.1293528964452195,-0.3385094566882346,0.5114778087319471,0.7759817618601691,0.3652948821260069,0.4707518914495217,0.4106868797341622,0.9497111063556601,0.8628290177616093,0.9085173501577287,0.08688208859405089,0.5718977620097963,0.18030671951788438,0.3152778896777635,0.3915910424919119,0.45025399644674285,0.4287040756612646,0.3652948821260069,-0.1293528964452195,0.18030671951788438,0.6803333333333333,0.41591197973896277,0.45025399644674285,0.0723589001447178,0.037678975131876416,0.049554013875123884,0.8628290177616093
credit_default,label_noise→balance→outliers→imputation,"('label_noise', 'balance', 'outliers', 'imputation')",random_forest,44,24000,40125,6000,17.294790029525757,False,0.8158333333333333,0.6803333333333333,0.8339121552604699,0.13549999999999995,0.6470484695305052,0.45025399644674285,0.6958582202867193,0.19679447308376236,0.7482505412268972,0.41591197973896277,0.5558458789177714,0.3323385614879344,0.6470484695305052,0.45025399644674285,0.6958582202867193,0.19679447308376236,0.6709945032262636,0.4287040756612646,0.6389084762989524,0.24229042756499902,0.6604046242774566,0.0723589001447178,0.10956752494561207,0.5880457241327388,0.3443858327053504,0.037678975131876416,0.10940919037199126,0.306706857573474,0.45269935611688955,0.049554013875123884,0.10946340701736884,0.4031453422417657,0.3821249122867277,-0.1293528964452195,-0.3385094566882346,0.5114778087319471,0.7759817618601691,0.3652948821260069,0.4707518914495217,0.4106868797341622,0.9497111063556601,0.8628290177616093,0.9085173501577287,0.08688208859405089,0.5718977620097963,0.18030671951788438,0.3152778896777635,0.3915910424919119,0.45025399644674285,0.4287040756612646,0.3652948821260069,-0.1293528964452195,0.18030671951788438,0.6803333333333333,0.41591197973896277,0.45025399644674285,0.0723589001447178,0.037678975131876416,0.049554013875123884,0.8628290177616093
credit_default,outliers→imputation→label_noise→balance,"('outliers', 'imputation', 'label_noise', 'balance')",random_forest,44,24000,39987,6000,30.988895177841187,False,0.8158333333333333,0.7415,0.9088866189989786,0.07433333333333325,0.6470484695305052,0.48412629044240907,0.748207148675722,0.16292217908809614,0.7482505412268972,0.43936343744763895,0.5871875972548181,0.3088871037792582,0.6470484695305052,0.48412629044240907,0.748207148675722,0.16292217908809614,0.6709945032262636,0.443975713461434,0.6616681825659048,0.22701878976482964,0.6604046242774566,0.1056338028169014,0.15995315437482666,0.5547708214605552,0.3443858327053504,0.02260738507912585,0.06564551422319476,0.32177844762622454,0.45269935611688955,0.037243947858473,0.08227082136351968,0.41545540825841654,0.3821249122867277,-0.062049244395943275,-0.1623794795911777,0.44417415668267096,0.7759817618601691,0.38391932619381386,0.4947530277947378,0.39206243566635524,0.9497111063556601,0.9456451958056923,0.9957187922487607,0.004065910549967855,0.5718977620097963,0.146214107013669,0.2556647651493423,0.42568365499612726,0.48412629044240907,0.443975713461434,0.38391932619381386,-0.062049244395943275,0.146214107013669,0.7415,0.43936343744763895,0.48412629044240907,0.1056338028169014,0.02260738507912585,0.037243947858473,0.9456451958056923
credit_default,outliers→imputation→balance→label_noise,"('outliers', 'imputation', 'balance', 'label_noise')",random_forest,44,24000,34410,6000,36.292274951934814,False,0.8158333333333333,0.7968333333333333,0.9767109295199182,0.019000000000000017,0.6470484695305052,0.5647047905111875,0.8727395505949256,0.08234367901931772,0.7482505412268972,0.7455256504083946,0.9963583176110576,0.002724890818502579,0.6470484695305052,0.5647047905111875,0.8727395505949256,0.08234367901931772,0.6709945032262636,0.5634535539112479,0.8397290159637086,0.10754094931501579,0.6604046242774566,0.6888111888111889,1.0430138789000936,-0.028406564533732248,0.3443858327053504,0.14845516201959308,0.43107221006564556,0.1959306706857573,0.45269935611688955,0.24426534407935524,0.5395751966041775,0.2084340120375343,0.3821249122867277,0.2520847934707544,0.6596921199463761,0.13004011881597327,0.7759817618601691,0.7343500017980765,0.9463495637290577,0.04163176006209257,0.9497111063556601,0.9809544190027819,1.0328977016674177,-0.031243312647121768,0.5718977620097963,0.3816120375550197,0.6672731787128114,0.19028572445477654,0.5647047905111875,0.5634535539112479,0.7343500017980765,0.2520847934707544,0.3816120375550197,0.7968333333333333,0.7455256504083946,0.5647047905111875,0.6888111888111889,0.14845516201959308,0.24426534407935524,0.9809544190027819
credit_default,outliers→label_noise→imputation→balance,"('outliers', 'label_noise', 'imputation', 'balance')",random_forest,44,24000,40017,6000,34.11496591567993,False,0.8158333333333333,0.7403333333333333,0.9074565883554647,0.07550000000000001,0.6470484695305052,0.4839168911305805,0.7478835263789557,0.1631315783999247,0.7482505412268972,0.44074035562025576,0.5890277805848015,0.3075101856066414,0.6470484695305052,0.4839168911305805,0.7478835263789557,0.1631315783999247,0.6709945032262636,0.444666097471199,0.6626970792356175,0.22632840575506463,0.6604046242774566,0.10847457627118644,0.16425471943033046,0.5519300480062702,0.3443858327053504,0.024114544084400905,0.07002188183807441,0.3202712886209495,0.45269935611688955,0.03945745992601726,0.08716040655429853,0.41324189619087226,0.3821249122867277,-0.06174396527993675,-0.1615805808379411,0.44386887756666443,0.7759817618601691,0.3864750943828897,0.49804662091083013,0.3895066674772794,0.9497111063556601,0.9437192381767601,0.9936908517350158,0.005991868178900073,0.5718977620097963,0.15085542473610525,0.2637804075434049,0.421042337273691,0.4839168911305805,0.444666097471199,0.3864750943828897,-0.06174396527993675,0.15085542473610525,0.7403333333333333,0.44074035562025576,0.4839168911305805,0.10847457627118644,0.024114544084400905,0.03945745992601726,0.9437192381767601
credit_default,outliers→label_noise→balance→imputation,"('outliers', 'label_noise', 'balance', 'imputation')",random_forest,44,24000,40017,6000,17.563339710235596,False,0.8158333333333333,0.7083333333333334,0.8682328907048009,0.10749999999999993,0.6470484695305052,0.46849939308870997,0.724056102672881,0.17854907644179524,0.7482505412268972,0.4320417482061317,0.5774025201474873,0.31620879302076543,0.6470484695305052,0.46849939308870997,0.724056102672881,0.17854907644179524,0.6709945032262636,0.4413139104961473,0.6577012305976125,0.22968059273011632,0.6604046242774566,0.09714285714285714,0.14709596748984058,0.5632617671345994,0.3443858327053504,0.03843255463451394,0.11159737417943108,0.30595327807083644,0.45269935611688955,0.0550755939524838,0.12166042033923938,0.39762376216440576,0.3821249122867277,-0.0925359643843865,-0.24216155871813996,0.4746608766711142,0.7759817618601691,0.3779664029004022,0.4870815545900823,0.3980153589597669,0.9497111063556601,0.898566231542906,0.9461469130238847,0.05114487481275409,0.5718977620097963,0.18583378537419412,0.32494231962217557,0.3860639766356021,0.46849939308870997,0.4413139104961473,0.3779664029004022,-0.0925359643843865,0.18583378537419412,0.7083333333333334,0.4320417482061317,0.46849939308870997,0.09714285714285714,0.03843255463451394,0.0550755939524838,0.898566231542906
credit_default,outliers→balance→imputation→label_noise,"('outliers', 'balance', 'imputation', 'label_noise')",random_forest,44,24000,34410,6000,12.951089859008789,False,0.8158333333333333,0.7976666666666666,0.977732379979571,0.018166666666666664,0.6470484695305052,0.5695564524257181,0.8802376935362896,0.07749201710478715,0.7482505412268972,0.7423129147750798,0.9920646546515268,0.0059376264518173905,0.6470484695305052,0.5695564524257181,0.8802376935362896,0.07749201710478715,0.6709945032262636,0.5712873151897542,0.8514038676068147,0.09970718803650946,0.6604046242774566,0.6805111821086262,1.0304458162345063,-0.020106557831169547,0.3443858327053504,0.16051243406179352,0.4660831509846828,0.18387339864355687,0.45269935611688955,0.2597560975609756,0.5737938303890697,0.19294325855591393,0.3821249122867277,0.25964919971908185,0.6794877574594087,0.12247571256764583,0.7759817618601691,0.7150884903591654,0.9215274449813983,0.060893271501003654,0.9497111063556601,0.9786004707896426,1.030419107706174,-0.02888936443398249,0.5718977620097963,0.3963300941645267,0.6930086468107874,0.17556766784526956,0.5695564524257181,0.5712873151897542,0.7150884903591654,0.25964919971908185,0.3963300941645267,0.7976666666666666,0.7423129147750798,0.5695564524257181,0.6805111821086262,0.16051243406179352,0.2597560975609756,0.9786004707896426
credit_default,outliers→balance→label_noise→imputation,"('outliers', 'balance', 'label_noise', 'imputation')",random_forest,44,24000,34410,6000,10.996176958084106,False,0.8158333333333333,0.7976666666666666,0.977732379979571,0.018166666666666664,0.6470484695305052,0.5695564524257181,0.8802376935362896,0.07749201710478715,0.7482505412268972,0.7423129147750798,0.9920646546515268,0.0059376264518173905,0.6470484695305052,0.5695564524257181,0.8802376935362896,0.07749201710478715,0.6709945032262636,0.5712873151897542,0.8514038676068147,0.09970718803650946,0.6604046242774566,0.6805111821086262,1.0304458162345063,-0.020106557831169547,0.3443858327053504,0.16051243406179352,0.4660831509846828,0.18387339864355687,0.45269935611688955,0.2597560975609756,0.5737938303890697,0.19294325855591393,0.3821249122867277,0.25964919971908185,0.6794877574594087,0.12247571256764583,0.7759817618601691,0.7150884903591654,0.9215274449813983,0.060893271501003654,0.9497111063556601,0.9786004707896426,1.030419107706174,-0.02888936443398249,0.5718977620097963,0.3963300941645267,0.6930086468107874,0.17556766784526956,0.5695564524257181,0.5712873151897542,0.7150884903591654,0.25964919971908185,0.3963300941645267,0.7976666666666666,0.7423129147750798,0.5695564524257181,0.6805111821086262,0.16051243406179352,0.2597560975609756,0.9786004707896426
credit_default,balance→imputation→label_noise→outliers,"('balance', 'imputation', 'label_noise', 'outliers')",random_forest,44,24000,34423,6000,10.841623783111572,False,0.8158333333333333,0.7995,0.979979570990807,0.01633333333333331,0.6470484695305052,0.5782876054797631,0.8937315096338384,0.06876086405074211,0.7482505412268972,0.7403497115607406,0.9894409302354774,0.007900829666156572,0.6470484695305052,0.5782876054797631,0.8937315096338384,0.06876086405074211,0.6709945032262636,0.5847135700220503,0.8714133531804523,0.08628093320421337,0.6604046242774566,0.6731843575418994,1.0193513685317164,-0.012779733264442816,0.3443858327053504,0.1816126601356443,0.5273522975929978,0.16277317256970608,0.45269935611688955,0.286053412462908,0.631883850943776,0.16664594365398155,0.3821249122867277,0.27434579199136344,0.7179479357930684,0.10777912029536424,0.7759817618601691,0.7198812108424496,0.9277037763320155,0.05610055101771949,0.9497111063556601,0.9749625508238818,1.0265885534024335,-0.025251444468221695,0.5718977620097963,0.4207915664408669,0.7357811035351788,0.15110619556892935,0.5782876054797631,0.5847135700220503,0.7198812108424496,0.27434579199136344,0.4207915664408669,0.7995,0.7403497115607406,0.5782876054797631,0.6731843575418994,0.1816126601356443,0.286053412462908,0.9749625508238818
credit_default,balance→imputation→outliers→label_noise,"('balance', 'imputation', 'outliers', 'label_noise')",random_forest,44,24000,34423,6000,11.304581880569458,False,0.8158333333333333,0.7988333333333333,0.9791624106230847,0.017000000000000015,0.6470484695305052,0.5732731491060173,0.8859817712295667,0.07377532042448787,0.7482505412268972,0.7442313977088996,0.9946286126149572,0.004019143517997592,0.6470484695305052,0.5732731491060173,0.8859817712295667,0.07377532042448787,0.6709945032262636,0.5770100709801865,0.8599326346278802,0.09398443224607711,0.6604046242774566,0.6829268292682927,1.0341036451940013,-0.022522204990836125,0.3443858327053504,0.16880180859080632,0.49015317286652077,0.17558402411454407,0.45269935611688955,0.27069486404833837,0.5979572543912419,0.18200449206855118,0.3821249122867277,0.2675489011055378,0.7001608440142273,0.11457601118118987,0.7759817618601691,0.7100335571065063,0.9150132026356225,0.06594820475366281,0.9497111063556601,0.9777444896212283,1.0295178008111763,-0.028033383265568146,0.5718977620097963,0.4062573546260525,0.7103670998787605,0.16564040738374375,0.5732731491060173,0.5770100709801865,0.7100335571065063,0.2675489011055378,0.4062573546260525,0.7988333333333333,0.7442313977088996,0.5732731491060173,0.6829268292682927,0.16880180859080632,0.27069486404833837,0.9777444896212283
credit_default,balance→label_noise→imputation→outliers,"('balance', 'label_noise', 'imputation', 'outliers')",random_forest,44,24000,34423,6000,11.117806196212769,False,0.8158333333333333,0.7995,0.979979570990807,0.01633333333333331,0.6470484695305052,0.5782876054797631,0.8937315096338384,0.06876086405074211,0.7482505412268972,0.7403497115607406,0.9894409302354774,0.007900829666156572,0.6470484695305052,0.5782876054797631,0.8937315096338384,0.06876086405074211,0.6709945032262636,0.5847135700220503,0.8714133531804523,0.08628093320421337,0.6604046242774566,0.6731843575418994,1.0193513685317164,-0.012779733264442816,0.3443858327053504,0.1816126601356443,0.5273522975929978,0.16277317256970608,0.45269935611688955,0.286053412462908,0.631883850943776,0.16664594365398155,0.3821249122867277,0.27434579199136344,0.7179479357930684,0.10777912029536424,0.7759817618601691,0.7198812108424496,0.9277037763320155,0.05610055101771949,0.9497111063556601,0.9749625508238818,1.0265885534024335,-0.025251444468221695,0.5718977620097963,0.4207915664408669,0.7357811035351788,0.15110619556892935,0.5782876054797631,0.5847135700220503,0.7198812108424496,0.27434579199136344,0.4207915664408669,0.7995,0.7403497115607406,0.5782876054797631,0.6731843575418994,0.1816126601356443,0.286053412462908,0.9749625508238818
credit_default,balance→label_noise→outliers→imputation,"('balance', 'label_noise', 'outliers', 'imputation')",random_forest,44,24000,34423,6000,11.12588381767273,False,0.8158333333333333,0.7995,0.979979570990807,0.01633333333333331,0.6470484695305052,0.5782876054797631,0.8937315096338384,0.06876086405074211,0.7482505412268972,0.7403497115607406,0.9894409302354774,0.007900829666156572,0.6470484695305052,0.5782876054797631,0.8937315096338384,0.06876086405074211,0.6709945032262636,0.5847135700220503,0.8714133531804523,0.08628093320421337,0.6604046242774566,0.6731843575418994,1.0193513685317164,-0.012779733264442816,0.3443858327053504,0.1816126601356443,0.5273522975929978,0.16277317256970608,0.45269935611688955,0.286053412462908,0.631883850943776,0.16664594365398155,0.3821249122867277,0.27434579199136344,0.7179479357930684,0.10777912029536424,0.7759817618601691,0.7198812108424496,0.9277037763320155,0.05610055101771949,0.9497111063556601,0.9749625508238818,1.0265885534024335,-0.025251444468221695,0.5718977620097963,0.4207915664408669,0.7357811035351788,0.15110619556892935,0.5782876054797631,0.5847135700220503,0.7198812108424496,0.27434579199136344,0.4207915664408669,0.7995,0.7403497115607406,0.5782876054797631,0.6731843575418994,0.1816126601356443,0.286053412462908,0.9749625508238818
credit_default,balance→outliers→imputation→label_noise,"('balance', 'outliers', 'imputation', 'label_noise')",random_forest,44,24000,34423,6000,10.990242004394531,False,0.8158333333333333,0.7988333333333333,0.9791624106230847,0.017000000000000015,0.6470484695305052,0.5732731491060173,0.8859817712295667,0.07377532042448787,0.7482505412268972,0.7442313977088996,0.9946286126149572,0.004019143517997592,0.6470484695305052,0.5732731491060173,0.8859817712295667,0.07377532042448787,0.6709945032262636,0.5770100709801865,0.8599326346278802,0.09398443224607711,0.6604046242774566,0.6829268292682927,1.0341036451940013,-0.022522204990836125,0.3443858327053504,0.16880180859080632,0.49015317286652077,0.17558402411454407,0.45269935611688955,0.27069486404833837,0.5979572543912419,0.18200449206855118,0.3821249122867277,0.2675489011055378,0.7001608440142273,0.11457601118118987,0.7759817618601691,0.7100335571065063,0.9150132026356225,0.06594820475366281,0.9497111063556601,0.9777444896212283,1.0295178008111763,-0.028033383265568146,0.5718977620097963,0.4062573546260525,0.7103670998787605,0.16564040738374375,0.5732731491060173,0.5770100709801865,0.7100335571065063,0.2675489011055378,0.4062573546260525,0.7988333333333333,0.7442313977088996,0.5732731491060173,0.6829268292682927,0.16880180859080632,0.27069486404833837,0.9777444896212283
credit_default,balance→outliers→label_noise→imputation,"('balance', 'outliers', 'label_noise', 'imputation')",random_forest,44,24000,34423,6000,10.877076864242554,False,0.8158333333333333,0.7988333333333333,0.9791624106230847,0.017000000000000015,0.6470484695305052,0.5732731491060173,0.8859817712295667,0.07377532042448787,0.7482505412268972,0.7442313977088996,0.9946286126149572,0.004019143517997592,0.6470484695305052,0.5732731491060173,0.8859817712295667,0.07377532042448787,0.6709945032262636,0.5770100709801865,0.8599326346278802,0.09398443224607711,0.6604046242774566,0.6829268292682927,1.0341036451940013,-0.022522204990836125,0.3443858327053504,0.16880180859080632,0.49015317286652077,0.17558402411454407,0.45269935611688955,0.27069486404833837,0.5979572543912419,0.18200449206855118,0.3821249122867277,0.2675489011055378,0.7001608440142273,0.11457601118118987,0.7759817618601691,0.7100335571065063,0.9150132026356225,0.06594820475366281,0.9497111063556601,0.9777444896212283,1.0295178008111763,-0.028033383265568146,0.5718977620097963,0.4062573546260525,0.7103670998787605,0.16564040738374375,0.5732731491060173,0.5770100709801865,0.7100335571065063,0.2675489011055378,0.4062573546260525,0.7988333333333333,0.7442313977088996,0.5732731491060173,0.6829268292682927,0.16880180859080632,0.27069486404833837,0.9777444896212283
credit_default,imputation→label_noise→outliers→balance,"('imputation', 'label_noise', 'outliers', 'balance')",random_forest,45,24000,40138,6000,18.240617990493774,False,0.8235,0.7053333333333334,0.8565067800040478,0.11816666666666664,0.6606037086174308,0.4633359301965741,0.7013825749877851,0.1972677784208567,0.7651601480337602,0.42007544718328055,0.5490033011556504,0.34508470085047965,0.6606037086174308,0.4633359301965741,0.7013825749877851,0.1972677784208567,0.6869122675844661,0.43406747358288,0.6319110810311812,0.2528447940015861,0.6887323943661972,0.07514450867052024,0.10910552383654268,0.6135878856956769,0.36850037678975134,0.0293896006028636,0.07975460122699386,0.33911077618688773,0.4801178203240059,0.04225352112676056,0.08800656700941847,0.43786429919724534,0.4127260745422747,-0.10826558794889171,-0.2623182653748286,0.5209916624911665,0.7840496423924188,0.3628366777287343,0.46277258238596786,0.4212129646636845,0.9527070404451102,0.8972822597902846,0.9418238993710691,0.05542478065482559,0.5925140533137353,0.16239078558610204,0.27407077465573015,0.43012326772763326,0.4633359301965741,0.43406747358288,0.3628366777287343,-0.10826558794889171,0.16239078558610204,0.7053333333333334,0.42007544718328055,0.4633359301965741,0.07514450867052024,0.0293896006028636,0.04225352112676056,0.8972822597902846
credit_default,imputation→label_noise→balance→outliers,"('imputation', 'label_noise', 'balance', 'outliers')",random_forest,45,24000,40166,6000,18.077075004577637,False,0.8235,0.7046666666666667,0.8556972272819268,0.11883333333333335,0.6606037086174308,0.4634475238229009,0.7015515017208189,0.1971561847945299,0.7651601480337602,0.42141359116393706,0.5507521428642721,0.34374655686982314,0.6606037086174308,0.4634475238229009,0.7015515017208189,0.1971561847945299,0.6869122675844661,0.4347892931485107,0.6329618987260944,0.2521229744359554,0.6887323943661972,0.0777988614800759,0.11295949212853558,0.6109335328861213,0.36850037678975134,0.03089675960813866,0.08384458077709611,0.3376036171816127,0.4801178203240059,0.04422869471413161,0.09212050218066062,0.4358891256098743,0.4127260745422747,-0.10719193695094717,-0.25971690077935145,0.5199180114932219,0.7840496423924188,0.3665969959060298,0.46756860291066504,0.417452646486389,0.9527070404451102,0.8959982880376631,0.9404761904761904,0.056708752407447105,0.5925140533137353,0.16638342379817606,0.2808092447219582,0.42613062951555924,0.4634475238229009,0.4347892931485107,0.3665969959060298,-0.10719193695094717,0.16638342379817606,0.7046666666666667,0.42141359116393706,0.4634475238229009,0.0777988614800759,0.03089675960813866,0.04422869471413161,0.8959982880376631
credit_default,imputation→outliers→label_noise→balance,"('imputation', 'outliers', 'label_noise', 'balance')",random_forest,45,24000,40086,6000,17.844388008117676,False,0.8235,0.731,0.8876745598057073,0.09250000000000003,0.6606037086174308,0.47900419137274836,0.7251006694698251,0.18159951724468243,0.7651601480337602,0.4357092101748095,0.5694353153316413,0.3294509378589507,0.6606037086174308,0.47900419137274836,0.7251006694698251,0.18159951724468243,0.6869122675844661,0.4431091485366606,0.645073860880165,0.2438031190478055,0.6887323943661972,0.10027855153203342,0.14559871490336143,0.5884538428341637,0.36850037678975134,0.027128862094951016,0.07361963190184048,0.3413715146948003,0.4801178203240059,0.042704626334519574,0.08894613889919874,0.4374131939894863,0.4127260745422747,-0.07348025910854036,-0.17803638694267648,0.4862063336508151,0.7840496423924188,0.40598124098240446,0.5178004287376613,0.37806840141001435,0.9527070404451102,0.9308795206505457,0.977088948787062,0.021827519794564543,0.5925140533137353,0.15891413449640898,0.2682031482758168,0.4335999188173263,0.47900419137274836,0.4431091485366606,0.40598124098240446,-0.07348025910854036,0.15891413449640898,0.731,0.4357092101748095,0.47900419137274836,0.10027855153203342,0.027128862094951016,0.042704626334519574,0.9308795206505457
credit_default,imputation→outliers→balance→label_noise,"('imputation', 'outliers', 'balance', 'label_noise')",random_forest,45,24000,34435,6000,19.102105855941772,False,0.8235,0.7971666666666667,0.9680226674762195,0.02633333333333332,0.6606037086174308,0.566267746329626,0.8571973468250135,0.09433596228780483,0.7651601480337602,0.7449569733256078,0.9735961487800056,0.02020317470815236,0.6606037086174308,0.566267746329626,0.8571973468250135,0.09433596228780483,0.6869122675844661,0.565986436689802,0.8239573864069992,0.12092583089466413,0.6887323943661972,0.6870748299319728,0.9975933113531712,0.001657564434224379,0.36850037678975134,0.1522230595327807,0.41308793456032716,0.21627731725697064,0.4801178203240059,0.24922887106724245,0.5190993971001767,0.23088894925676345,0.4127260745422747,0.2548155926941233,0.6173964002073803,0.15791048184815143,0.7840496423924188,0.7372505491390117,0.9403110584801669,0.04679909325340714,0.9527070404451102,0.9803124331264712,1.028975741239892,-0.027605392681360974,0.5925140533137353,0.38629801690991883,0.6519643116470937,0.20621603640381647,0.566267746329626,0.565986436689802,0.7372505491390117,0.2548155926941233,0.38629801690991883,0.7971666666666667,0.7449569733256078,0.566267746329626,0.6870748299319728,0.1522230595327807,0.24922887106724245,0.9803124331264712
credit_default,imputation→balance→label_noise→outliers,"('imputation', 'balance', 'label_noise', 'outliers')",random_forest,45,24000,34423,6000,19.204431772232056,False,0.8235,0.7993333333333333,0.9706537138231127,0.02416666666666667,0.6606037086174308,0.5762920630968424,0.8723718253155994,0.08431164552058834,0.7651601480337602,0.742490293314881,0.9703724053361454,0.022669854718879168,0.6606037086174308,0.5762920630968424,0.8723718253155994,0.08431164552058834,0.6869122675844661,0.5816640043881268,0.8467806324576996,0.10524826319633929,0.6887323943661972,0.6782608695652174,0.9847959455854894,0.010471524800979792,0.36850037678975134,0.17633760361718162,0.4785276073619632,0.19216277317256972,0.4801178203240059,0.2799043062200957,0.5829908709308128,0.2002135141039102,0.4127260745422747,0.27203003332684234,0.6591055184204961,0.1406960412154324,0.7840496423924188,0.7377938423862587,0.9410039906848029,0.04625580000616014,0.9527070404451102,0.9762465225765034,1.0247079964061097,-0.02353948213139312,0.5925140533137353,0.41490839028723847,0.7002507163615663,0.17760566302649683,0.5762920630968424,0.5816640043881268,0.7377938423862587,0.27203003332684234,0.41490839028723847,0.7993333333333333,0.742490293314881,0.5762920630968424,0.6782608695652174,0.17633760361718162,0.2799043062200957,0.9762465225765034
credit_default,imputation→balance→outliers→label_noise,"('imputation', 'balance', 'outliers', 'label_noise')",random_forest,45,24000,34423,6000,19.836836099624634,False,0.8235,0.7961666666666667,0.9668083383930378,0.02733333333333332,0.6606037086174308,0.5664351367691162,0.8574507369245643,0.09416857184831462,0.7651601480337602,0.7364425573531133,0.9624685227603099,0.028717590680646943,0.6606037086174308,0.5664351367691162,0.8574507369245643,0.09416857184831462,0.6869122675844661,0.5665505820053752,0.8247786635077228,0.12036168557909088,0.6887323943661972,0.6699346405228758,0.9727067377735007,0.018797753843321385,0.36850037678975134,0.1544837980406933,0.41922290388548056,0.21401657874905805,0.4801178203240059,0.25107164727495407,0.5229375720849503,0.22904617304905184,0.4127260745422747,0.250663867645847,0.6073371252927031,0.1620622068964277,0.7840496423924188,0.7322248850238935,0.9339011784886614,0.05182475736852532,0.9527070404451102,0.9783864754975391,1.0269541778975741,-0.025679435052428867,0.5925140533137353,0.3887735313604921,0.656142296011732,0.20374052195324321,0.5664351367691162,0.5665505820053752,0.7322248850238935,0.250663867645847,0.3887735313604921,0.7961666666666667,0.7364425573531133,0.5664351367691162,0.6699346405228758,0.1544837980406933,0.25107164727495407,0.9783864754975391
credit_default,label_noise→imputation→outliers→balance,"('label_noise', 'imputation', 'outliers', 'balance')",random_forest,45,24000,40161,6000,18.436880826950073,False,0.8235,0.7106666666666667,0.862983201781016,0.11283333333333334,0.6606037086174308,0.46837860750183313,0.7090160127651975,0.19222510111559765,0.7651601480337602,0.4285659120458696,0.5600996250878457,0.3365942359878906,0.6606037086174308,0.46837860750183313,0.7090160127651975,0.19222510111559765,0.6869122675844661,0.43932852054428195,0.6395700605103256,0.24758374704018415,0.6887323943661972,0.09018036072144289,0.13093672006589868,0.5985520336447543,0.36850037678975134,0.03391107761868877,0.09202453987730061,0.33458929917106256,0.4801178203240059,0.04928806133625411,0.10265826272182987,0.4308297589877518,0.4127260745422747,-0.09505462288486827,-0.2303092262592971,0.507780697427143,0.7840496423924188,0.36855335150976337,0.47006379645193624,0.41549629088265544,0.9527070404451102,0.9028461373849775,0.9476639712488769,0.04986090306013269,0.5925140533137353,0.17497567100198622,0.29531058381384395,0.4175383823117491,0.46837860750183313,0.43932852054428195,0.36855335150976337,-0.09505462288486827,0.17497567100198622,0.7106666666666667,0.4285659120458696,0.46837860750183313,0.09018036072144289,0.03391107761868877,0.04928806133625411,0.9028461373849775
credit_default,label_noise→imputation→balance→outliers,"('label_noise', 'imputation', 'balance', 'outliers')",random_forest,45,24000,40191,6000,18.168626070022583,False,0.8235,0.7113333333333334,0.8637927545031371,0.11216666666666664,0.6606037086174308,0.4679972217702394,0.7084386836848144,0.1926064868471914,0.7651601480337602,0.426359773481481,0.5572163874152386,0.3388003745522792,0.6606037086174308,0.4679972217702394,0.7084386836848144,0.1926064868471914,0.6869122675844661,0.43809240373601505,0.6377705340400622,0.24881986384845106,0.6887323943661972,0.08588957055214724,0.12470673842949805,0.60284282381405,0.36850037678975134,0.031650339110776186,0.08588957055214723,0.33685003767897514,0.4801178203240059,0.046255506607929514,0.09634199075700656,0.4338623137160764,0.4127260745422747,-0.09709154109522625,-0.23524450497319221,0.5098176156375009,0.7840496423924188,0.3648430246968628,0.4653315363853683,0.419206617695556,0.9527070404451102,0.9043441044297026,0.9492362982929021,0.04836293601540764,0.5925140533137353,0.1691827342787416,0.28553370731471844,0.4233313190349937,0.4679972217702394,0.43809240373601505,0.3648430246968628,-0.09709154109522625,0.1691827342787416,0.7113333333333334,0.426359773481481,0.4679972217702394,0.08588957055214724,0.031650339110776186,0.046255506607929514,0.9043441044297026
credit_default,label_noise→outliers→imputation→balance,"('label_noise', 'outliers', 'imputation', 'balance')",random_forest,45,24000,40161,6000,18.419608116149902,False,0.8235,0.7123333333333334,0.8650070835863186,0.11116666666666664,0.6606037086174308,0.4683694155412831,0.7090020982799621,0.1922342930761477,0.7651601480337602,0.4261129291026011,0.5568937825598835,0.3390472189311591,0.6606037086174308,0.4683694155412831,0.7090020982799621,0.1922342930761477,0.6869122675844661,0.438002736833331,0.6376399978611127,0.2489095307511351,0.6887323943661972,0.08523908523908524,0.12376227100153482,0.603493309127112,0.36850037678975134,0.03089675960813866,0.08384458077709611,0.3376036171816127,0.4801178203240059,0.04535398230088496,0.09446427601932787,0.43476383802312096,0.4127260745422747,-0.09668694299495413,-0.23426419836009338,0.5094130175372289,0.7840496423924188,0.36860084330593856,0.47012436888715897,0.41544879908648025,0.9527070404451102,0.9058420714744275,0.9508086253369271,0.04686496897068271,0.5925140533137353,0.16729490346476114,0.2823475705413838,0.42521914984897413,0.4683694155412831,0.438002736833331,0.36860084330593856,-0.09668694299495413,0.16729490346476114,0.7123333333333334,0.4261129291026011,0.4683694155412831,0.08523908523908524,0.03089675960813866,0.04535398230088496,0.9058420714744275
credit_default,label_noise→outliers→balance→imputation,"('label_noise', 'outliers', 'balance', 'imputation')",random_forest,45,24000,40161,6000,10.492475986480713,False,0.8235,0.7133333333333334,0.8662214126695001,0.11016666666666663,0.6606037086174308,0.4695509856281278,0.7107907199171576,0.19105272298930298,0.7651601480337602,0.42860189543889926,0.5601466523580481,0.33655825259486094,0.6606037086174308,0.4695509856281278,0.7107907199171576,0.19105272298930298,0.6869122675844661,0.4394461728187449,0.6397413375132486,0.24746609476572123,0.6887323943661972,0.08977035490605428,0.13034141509877004,0.5989620394601429,0.36850037678975134,0.03240391861341371,0.08793456032719835,0.3360964581763376,0.4801178203240059,0.047619047619047616,0.09918200408997954,0.4324987727049583,0.4127260745422747,-0.09325238681997133,-0.2259425623239117,0.505978461362246,0.7840496423924188,0.37568808678371846,0.47916364790035276,0.40836155560870036,0.9527070404451102,0.9066980526428419,0.951707097933513,0.046008987802268364,0.5925140533137353,0.17140761332210233,0.28928868836692767,0.421106439991633,0.4695509856281278,0.4394461728187449,0.37568808678371846,-0.09325238681997133,0.17140761332210233,0.7133333333333334,0.42860189543889926,0.4695509856281278,0.08977035490605428,0.03240391861341371,0.047619047619047616,0.9066980526428419
credit_default,label_noise→balance→imputation→outliers,"('label_noise', 'balance', 'imputation', 'outliers')",random_forest,45,24000,40191,6000,10.57312297821045,False,0.8235,0.7116666666666667,0.8641975308641975,0.11183333333333334,0.6606037086174308,0.46902059337814384,0.7099878297076945,0.19158311523928695,0.7651601480337602,0.4292416327219165,0.5609827352155533,0.3359185153118437,0.6606037086174308,0.46902059337814384,0.7099878297076945,0.19158311523928695,0.6869122675844661,0.4397547442734083,0.640190552746729,0.24715752331105778,0.6887323943661972,0.09127789046653144,0.13253027041152826,0.5974545038996657,0.36850037678975134,0.03391107761868877,0.09202453987730061,0.33458929917106256,0.4801178203240059,0.04945054945054945,0.10299669655497876,0.43066727087345646,0.4127260745422747,-0.09363871489520532,-0.2268786022280114,0.5063647894374801,0.7840496423924188,0.3748248488043437,0.47806264876369003,0.4092247935880751,0.9527070404451102,0.904130109137599,0.9490116801437556,0.048576931307511284,0.5925140533137353,0.1751000465686936,0.2955204954033021,0.4174140067450417,0.46902059337814384,0.4397547442734083,0.3748248488043437,-0.09363871489520532,0.1751000465686936,0.7116666666666667,0.4292416327219165,0.46902059337814384,0.09127789046653144,0.03391107761868877,0.04945054945054945,0.904130109137599
credit_default,label_noise→balance→outliers→imputation,"('label_noise', 'balance', 'outliers', 'imputation')",random_forest,45,24000,40191,6000,11.319801092147827,False,0.8235,0.7116666666666667,0.8641975308641975,0.11183333333333334,0.6606037086174308,0.46902059337814384,0.7099878297076945,0.19158311523928695,0.7651601480337602,0.4292416327219165,0.5609827352155533,0.3359185153118437,0.6606037086174308,0.46902059337814384,0.7099878297076945,0.19158311523928695,0.6869122675844661,0.4397547442734083,0.640190552746729,0.24715752331105778,0.6887323943661972,0.09127789046653144,0.13253027041152826,0.5974545038996657,0.36850037678975134,0.03391107761868877,0.09202453987730061,0.33458929917106256,0.4801178203240059,0.04945054945054945,0.10299669655497876,0.43066727087345646,0.4127260745422747,-0.09363871489520532,-0.2268786022280114,0.5063647894374801,0.7840496423924188,0.3748248488043437,0.47806264876369003,0.4092247935880751,0.9527070404451102,0.904130109137599,0.9490116801437556,0.048576931307511284,0.5925140533137353,0.1751000465686936,0.2955204954033021,0.4174140067450417,0.46902059337814384,0.4397547442734083,0.3748248488043437,-0.09363871489520532,0.1751000465686936,0.7116666666666667,0.4292416327219165,0.46902059337814384,0.09127789046653144,0.03391107761868877,0.04945054945054945,0.904130109137599
credit_default,outliers→imputation→label_noise→balance,"('outliers', 'imputation', 'label_noise', 'balance')",random_forest,45,24000,40042,6000,19.08117389678955,False,0.8235,0.7193333333333334,0.8735073871685894,0.10416666666666663,0.6606037086174308,0.47043518772805537,0.7121291957512974,0.19016852088937541,0.7651601480337602,0.42194452474689825,0.5514460284310068,0.34321562328686195,0.6606037086174308,0.47043518772805537,0.7121291957512974,0.19016852088937541,0.6869122675844661,0.43617632011971097,0.6349811187002518,0.25073594746475514,0.6887323943661972,0.07600950118764846,0.11036144344218897,0.6127228931785487,0.36850037678975134,0.024114544084400905,0.06543967280163598,0.34438583270535045,0.4801178203240059,0.036613272311212815,0.07625893220648312,0.4435045480127931,0.4127260745422747,-0.09607695816698972,-0.23278625726165197,0.5088030327092644,0.7840496423924188,0.4058892407456712,0.5176830889268139,0.37816040164674763,0.9527070404451102,0.9167558313717098,0.9622641509433961,0.035951209073400436,0.5925140533137353,0.14868472991617093,0.2509387399077311,0.44382932339756437,0.47043518772805537,0.43617632011971097,0.4058892407456712,-0.09607695816698972,0.14868472991617093,0.7193333333333334,0.42194452474689825,0.47043518772805537,0.07600950118764846,0.024114544084400905,0.036613272311212815,0.9167558313717098
credit_default,outliers→imputation→balance→label_noise,"('outliers', 'imputation', 'balance', 'label_noise')",random_forest,45,24000,34441,6000,20.405394077301025,False,0.8235,0.7996666666666666,0.9710584901841732,0.023833333333333373,0.6606037086174308,0.5738081373362762,0.8686117408229392,0.08679557128115456,0.7651601480337602,0.7496028458758415,0.9796679137068279,0.015557302157918729,0.6606037086174308,0.5738081373362762,0.8686117408229392,0.08679557128115456,0.6869122675844661,0.5776899429073342,0.8409952335525855,0.10922232467713189,0.6887323943661972,0.6934984520123839,1.006920042799167,-0.004766057646186761,0.36850037678975134,0.16880180859080632,0.4580777096114519,0.19969856819894502,0.4801178203240059,0.27151515151515154,0.5655177542294108,0.20860266880885436,0.4127260745422747,0.2714606500244888,0.6577259513481105,0.1412654245177859,0.7840496423924188,0.734822258929143,0.9372139456462664,0.04922738346327582,0.9527070404451102,0.9788144660817462,1.027403414195867,-0.026107425636635928,0.5925140533137353,0.4064795839269707,0.6860252202520172,0.1860344693867646,0.5738081373362762,0.5776899429073342,0.734822258929143,0.2714606500244888,0.4064795839269707,0.7996666666666666,0.7496028458758415,0.5738081373362762,0.6934984520123839,0.16880180859080632,0.27151515151515154,0.9788144660817462
credit_default,outliers→label_noise→imputation→balance,"('outliers', 'label_noise', 'imputation', 'balance')",random_forest,45,24000,40055,6000,20.666278839111328,False,0.8235,0.7258333333333333,0.8814005262092693,0.09766666666666668,0.6606037086174308,0.4778456011872788,0.7233468340457184,0.18275810743015197,0.7651601480337602,0.43951075307639603,0.5744036123755416,0.32564939495736417,0.6606037086174308,0.4778456011872788,0.7233468340457184,0.18275810743015197,0.6869122675844661,0.44527846262438586,0.6482319266042693,0.24163380496008025,0.6887323943661972,0.10837438423645321,0.1573534004251161,0.580358010129744,0.36850037678975134,0.033157498116051246,0.08997955010224949,0.3353428786737001,0.4801178203240059,0.050778995960761686,0.10576361428637172,0.4293388243632442,0.4127260745422747,-0.07321483183690834,-0.17739327935145782,0.4859409063791831,0.7840496423924188,0.41665850947360544,0.5314185313601186,0.36739113291881337,0.9527070404451102,0.9225337042585063,0.9683288409703504,0.030173336186603894,0.5925140533137353,0.17489685406245933,0.29517756259842115,0.41761719925127594,0.4778456011872788,0.44527846262438586,0.41665850947360544,-0.07321483183690834,0.17489685406245933,0.7258333333333333,0.43951075307639603,0.4778456011872788,0.10837438423645321,0.033157498116051246,0.050778995960761686,0.9225337042585063
credit_default,outliers→label_noise→balance→imputation,"('outliers', 'label_noise', 'balance', 'imputation')",random_forest,45,24000,40055,6000,11.459790229797363,False,0.8235,0.7291666666666666,0.8854482898198744,0.09433333333333338,0.6606037086174308,0.4826834751609843,0.7306702473275339,0.17792023345644647,0.7651601480337602,0.45271983881392974,0.5916667771802916,0.31244030921983046,0.6606037086174308,0.4826834751609843,0.7306702473275339,0.17792023345644647,0.6869122675844661,0.4520227974253052,0.6580502616656534,0.2348894701591609,0.6887323943661972,0.1330049261083744,0.19311553688536978,0.5557274682578228,0.36850037678975134,0.04069329314242653,0.11042944785276074,0.3278070836473248,0.4801178203240059,0.06231967686093479,0.12980079935145622,0.4177981434630711,0.4127260745422747,-0.05722684983716128,-0.13865576557194145,0.46995292437943603,0.7840496423924188,0.4285400860593275,0.5465726439867976,0.35550955633309134,0.9527070404451102,0.9246736571795421,0.9705750224618149,0.028033383265568146,0.5925140533137353,0.1939794220856602,0.3273836645743631,0.3985346312280751,0.4826834751609843,0.4520227974253052,0.4285400860593275,-0.05722684983716128,0.1939794220856602,0.7291666666666666,0.45271983881392974,0.4826834751609843,0.1330049261083744,0.04069329314242653,0.06231967686093479,0.9246736571795421
credit_default,outliers→balance→imputation→label_noise,"('outliers', 'balance', 'imputation', 'label_noise')",random_forest,45,24000,34441,6000,11.97311806678772,False,0.8235,0.8005,0.9720704310868246,0.02300000000000002,0.6606037086174308,0.576231670303404,0.8722804047064647,0.08437203831402673,0.7651601480337602,0.7512084328846791,0.9817662809740771,0.013951715149081112,0.6606037086174308,0.576231670303404,0.8722804047064647,0.08437203831402673,0.6869122675844661,0.5813640920558328,0.8463440230878472,0.10554817552863327,0.6887323943661972,0.6957831325301205,1.010237268090768,-0.00705073816392332,0.36850037678975134,0.17407686510926904,0.4723926380368098,0.1944235116804823,0.4801178203240059,0.27848101265822783,0.58002640366545,0.20163680766577807,0.4127260745422747,0.2767673277906889,0.6705835779763417,0.1359587467515858,0.7840496423924188,0.7353021760273346,0.9378260460443065,0.0487474663650842,0.9527070404451102,0.9783864754975391,1.0269541778975741,-0.025679435052428867,0.5925140533137353,0.41269171365550616,0.6965095787137162,0.17982233965822914,0.576231670303404,0.5813640920558328,0.7353021760273346,0.2767673277906889,0.41269171365550616,0.8005,0.7512084328846791,0.576231670303404,0.6957831325301205,0.17407686510926904,0.27848101265822783,0.9783864754975391
credit_default,outliers→balance→label_noise→imputation,"('outliers', 'balance', 'label_noise', 'imputation')",random_forest,45,24000,34441,6000,11.529924869537354,False,0.8235,0.8005,0.9720704310868246,0.02300000000000002,0.6606037086174308,0.576231670303404,0.8722804047064647,0.08437203831402673,0.7651601480337602,0.7512084328846791,0.9817662809740771,0.013951715149081112,0.6606037086174308,0.576231670303404,0.8722804047064647,0.08437203831402673,0.6869122675844661,0.5813640920558328,0.8463440230878472,0.10554817552863327,0.6887323943661972,0.6957831325301205,1.010237268090768,-0.00705073816392332,0.36850037678975134,0.17407686510926904,0.4723926380368098,0.1944235116804823,0.4801178203240059,0.27848101265822783,0.58002640366545,0.20163680766577807,0.4127260745422747,0.2767673277906889,0.6705835779763417,0.1359587467515858,0.7840496423924188,0.7353021760273346,0.9378260460443065,0.0487474663650842,0.9527070404451102,0.9783864754975391,1.0269541778975741,-0.025679435052428867,0.5925140533137353,0.41269171365550616,0.6965095787137162,0.17982233965822914,0.576231670303404,0.5813640920558328,0.7353021760273346,0.2767673277906889,0.41269171365550616,0.8005,0.7512084328846791,0.576231670303404,0.6957831325301205,0.17407686510926904,0.27848101265822783,0.9783864754975391
credit_default,balance→imputation→label_noise→outliers,"('balance', 'imputation', 'label_noise', 'outliers')",random_forest,45,24000,34423,6000,11.304123163223267,False,0.8235,0.8006666666666666,0.9722728192673548,0.022833333333333372,0.6606037086174308,0.5803855495284604,0.8785684094071196,0.08021815908897034,0.7651601480337602,0.744869893534295,0.9734823428120175,0.0202902544994652,0.6606037086174308,0.5803855495284604,0.8785684094071196,0.08021815908897034,0.6869122675844661,0.5877439066986789,0.8556316933536305,0.09916836088578718,0.6887323943661972,0.6814404432132964,0.9894125044610235,0.007291951152900711,0.36850037678975134,0.18538055764883196,0.5030674846625767,0.18311981914091938,0.4801178203240059,0.2914691943127962,0.6070784752711308,0.18864862601120969,0.4127260745422747,0.2805993653216622,0.6798682773625463,0.13212670922061254,0.7840496423924188,0.7367739379213687,0.9397031744995191,0.04727570447105012,0.9527070404451102,0.975390541408089,1.0238095238095237,-0.022683500962978775,0.5925140533137353,0.42522751850230445,0.7176665534330324,0.16728653481143085,0.5803855495284604,0.5877439066986789,0.7367739379213687,0.2805993653216622,0.42522751850230445,0.8006666666666666,0.744869893534295,0.5803855495284604,0.6814404432132964,0.18538055764883196,0.2914691943127962,0.975390541408089
credit_default,balance→imputation→outliers→label_noise,"('balance', 'imputation', 'outliers', 'label_noise')",random_forest,45,24000,34423,6000,11.64373230934143,False,0.8235,0.7978333333333333,0.9688322201983404,0.025666666666666726,0.6606037086174308,0.5723613711244396,0.8664216740810123,0.08824233749299115,0.7651601480337602,0.7384545238115483,0.9650979938110504,0.0267056242222119,0.6606037086174308,0.5723613711244396,0.8664216740810123,0.08824233749299115,0.6869122675844661,0.5757682904458857,0.8381977111437836,0.11114397713858037,0.6887323943661972,0.6716867469879518,0.9752506960356765,0.01704564737824532,0.36850037678975134,0.1680482290881688,0.4560327198364008,0.20045214770158254,0.4801178203240059,0.26883664858348405,0.5599389091662137,0.21128117174052186,0.4127260745422747,0.26271578783033933,0.636537897736892,0.1500102867119354,0.7840496423924188,0.7282745996618972,0.9288628682230735,0.055775042730521585,0.9527070404451102,0.9766745131607104,1.0251572327044025,-0.02396747271560018,0.5925140533137353,0.40512766177120857,0.6837435492128219,0.18738639154252673,0.5723613711244396,0.5757682904458857,0.7282745996618972,0.26271578783033933,0.40512766177120857,0.7978333333333333,0.7384545238115483,0.5723613711244396,0.6716867469879518,0.1680482290881688,0.26883664858348405,0.9766745131607104
credit_default,balance→label_noise→imputation→outliers,"('balance', 'label_noise', 'imputation', 'outliers')",random_forest,45,24000,34423,6000,11.38062071800232,False,0.8235,0.8006666666666666,0.9722728192673548,0.022833333333333372,0.6606037086174308,0.5803855495284604,0.8785684094071196,0.08021815908897034,0.7651601480337602,0.744869893534295,0.9734823428120175,0.0202902544994652,0.6606037086174308,0.5803855495284604,0.8785684094071196,0.08021815908897034,0.6869122675844661,0.5877439066986789,0.8556316933536305,0.09916836088578718,0.6887323943661972,0.6814404432132964,0.9894125044610235,0.007291951152900711,0.36850037678975134,0.18538055764883196,0.5030674846625767,0.18311981914091938,0.4801178203240059,0.2914691943127962,0.6070784752711308,0.18864862601120969,0.4127260745422747,0.2805993653216622,0.6798682773625463,0.13212670922061254,0.7840496423924188,0.7367739379213687,0.9397031744995191,0.04727570447105012,0.9527070404451102,0.975390541408089,1.0238095238095237,-0.022683500962978775,0.5925140533137353,0.42522751850230445,0.7176665534330324,0.16728653481143085,0.5803855495284604,0.5877439066986789,0.7367739379213687,0.2805993653216622,0.42522751850230445,0.8006666666666666,0.744869893534295,0.5803855495284604,0.6814404432132964,0.18538055764883196,0.2914691943127962,0.975390541408089
credit_default,balance→label_noise→outliers→imputation,"('balance', 'label_noise', 'outliers', 'imputation')",random_forest,45,24000,34423,6000,11.6284339427948,False,0.8235,0.8006666666666666,0.9722728192673548,0.022833333333333372,0.6606037086174308,0.5803855495284604,0.8785684094071196,0.08021815908897034,0.7651601480337602,0.744869893534295,0.9734823428120175,0.0202902544994652,0.6606037086174308,0.5803855495284604,0.8785684094071196,0.08021815908897034,0.6869122675844661,0.5877439066986789,0.8556316933536305,0.09916836088578718,0.6887323943661972,0.6814404432132964,0.9894125044610235,0.007291951152900711,0.36850037678975134,0.18538055764883196,0.5030674846625767,0.18311981914091938,0.4801178203240059,0.2914691943127962,0.6070784752711308,0.18864862601120969,0.4127260745422747,0.2805993653216622,0.6798682773625463,0.13212670922061254,0.7840496423924188,0.7367739379213687,0.9397031744995191,0.04727570447105012,0.9527070404451102,0.975390541408089,1.0238095238095237,-0.022683500962978775,0.5925140533137353,0.42522751850230445,0.7176665534330324,0.16728653481143085,0.5803855495284604,0.5877439066986789,0.7367739379213687,0.2805993653216622,0.42522751850230445,0.8006666666666666,0.744869893534295,0.5803855495284604,0.6814404432132964,0.18538055764883196,0.2914691943127962,0.975390541408089
credit_default,balance→outliers→imputation→label_noise,"('balance', 'outliers', 'imputation', 'label_noise')",random_forest,45,24000,34423,6000,11.285748958587646,False,0.8235,0.7978333333333333,0.9688322201983404,0.025666666666666726,0.6606037086174308,0.5723613711244396,0.8664216740810123,0.08824233749299115,0.7651601480337602,0.7384545238115483,0.9650979938110504,0.0267056242222119,0.6606037086174308,0.5723613711244396,0.8664216740810123,0.08824233749299115,0.6869122675844661,0.5757682904458857,0.8381977111437836,0.11114397713858037,0.6887323943661972,0.6716867469879518,0.9752506960356765,0.01704564737824532,0.36850037678975134,0.1680482290881688,0.4560327198364008,0.20045214770158254,0.4801178203240059,0.26883664858348405,0.5599389091662137,0.21128117174052186,0.4127260745422747,0.26271578783033933,0.636537897736892,0.1500102867119354,0.7840496423924188,0.7282745996618972,0.9288628682230735,0.055775042730521585,0.9527070404451102,0.9766745131607104,1.0251572327044025,-0.02396747271560018,0.5925140533137353,0.40512766177120857,0.6837435492128219,0.18738639154252673,0.5723613711244396,0.5757682904458857,0.7282745996618972,0.26271578783033933,0.40512766177120857,0.7978333333333333,0.7384545238115483,0.5723613711244396,0.6716867469879518,0.1680482290881688,0.26883664858348405,0.9766745131607104
credit_default,balance→outliers→label_noise→imputation,"('balance', 'outliers', 'label_noise', 'imputation')",random_forest,45,24000,34423,6000,11.392090082168579,False,0.8235,0.7978333333333333,0.9688322201983404,0.025666666666666726,0.6606037086174308,0.5723613711244396,0.8664216740810123,0.08824233749299115,0.7651601480337602,0.7384545238115483,0.9650979938110504,0.0267056242222119,0.6606037086174308,0.5723613711244396,0.8664216740810123,0.08824233749299115,0.6869122675844661,0.5757682904458857,0.8381977111437836,0.11114397713858037,0.6887323943661972,0.6716867469879518,0.9752506960356765,0.01704564737824532,0.36850037678975134,0.1680482290881688,0.4560327198364008,0.20045214770158254,0.4801178203240059,0.26883664858348405,0.5599389091662137,0.21128117174052186,0.4127260745422747,0.26271578783033933,0.636537897736892,0.1500102867119354,0.7840496423924188,0.7282745996618972,0.9288628682230735,0.055775042730521585,0.9527070404451102,0.9766745131607104,1.0251572327044025,-0.02396747271560018,0.5925140533137353,0.40512766177120857,0.6837435492128219,0.18738639154252673,0.5723613711244396,0.5757682904458857,0.7282745996618972,0.26271578783033933,0.40512766177120857,0.7978333333333333,0.7384545238115483,0.5723613711244396,0.6716867469879518,0.1680482290881688,0.26883664858348405,0.9766745131607104
credit_default,imputation→label_noise→outliers→balance,"('imputation', 'label_noise', 'outliers', 'balance')",random_forest,46,24000,40152,6000,17.78833293914795,False,0.8233333333333334,0.7376666666666667,0.8959514170040486,0.08566666666666667,0.6569894136029082,0.47842783932001426,0.7282124025352735,0.17856157428289393,0.767388811448112,0.4173189996235887,0.5438168935980197,0.3500698118245233,0.6569894136029082,0.47842783932001426,0.7282124025352735,0.17856157428289393,0.6835168404869143,0.4354342146952098,0.6370497241663002,0.24808262579170448,0.6948905109489051,0.0636042402826855,0.09153131217151171,0.6312862706662196,0.35870384325546345,0.013564431047475508,0.037815126050420166,0.34513941220798794,0.4731610337972167,0.02236024844720497,0.04725716373505925,0.4508007853500117,0.40976682497839045,-0.08446556281235348,-0.20613079845301746,0.49423238779074397,0.7857645074536318,0.37090036543687377,0.47202483939981305,0.41486414201675803,0.955274983950353,0.943291247592553,0.9874551971326165,0.011983736357800034,0.5853723670526247,0.11311590995813248,0.19323752934849997,0.47225645709449227,0.47842783932001426,0.4354342146952098,0.37090036543687377,-0.08446556281235348,0.11311590995813248,0.7376666666666667,0.4173189996235887,0.47842783932001426,0.0636042402826855,0.013564431047475508,0.02236024844720497,0.943291247592553
credit_default,imputation→label_noise→balance→outliers,"('imputation', 'label_noise', 'balance', 'outliers')",random_forest,46,24000,40183,6000,17.899959087371826,False,0.8233333333333334,0.7403333333333333,0.8991902834008096,0.08300000000000007,0.6569894136029082,0.47933042534104187,0.7295862237907452,0.17765898826186632,0.767388811448112,0.41443000402569236,0.5400521845550971,0.35295880742241964,0.6569894136029082,0.47933042534104187,0.7295862237907452,0.17765898826186632,0.6835168404869143,0.4346283255805402,0.6358706908683123,0.2488885149063741,0.6948905109489051,0.05747126436781609,0.08270549599150005,0.637419246581089,0.35870384325546345,0.011303692539562924,0.031512605042016806,0.3474001507159005,0.4731610337972167,0.018891687657430732,0.03992654996507419,0.454269346139786,0.40976682497839045,-0.08411172142710424,-0.20526727958404142,0.49387854640549467,0.7857645074536318,0.36761270754680925,0.46784081497661967,0.41815179990682255,0.955274983950353,0.9473571581425209,0.9917114695340502,0.00791782580783218,0.5853723670526247,0.10348253012367424,0.17678068858069482,0.4818898369289505,0.47933042534104187,0.4346283255805402,0.36761270754680925,-0.08411172142710424,0.10348253012367424,0.7403333333333333,0.41443000402569236,0.47933042534104187,0.05747126436781609,0.011303692539562924,0.018891687657430732,0.9473571581425209
credit_default,imputation→outliers→label_noise→balance,"('imputation', 'outliers', 'label_noise', 'balance')",random_forest,46,24000,40046,6000,17.307096004486084,False,0.8233333333333334,0.7713333333333333,0.9368421052631578,0.052000000000000046,0.6569894136029082,0.4989621954014073,0.7594676338315942,0.1580272182015009,0.767388811448112,0.4851261119880926,0.6321777236660884,0.2822626994600194,0.6569894136029082,0.4989621954014073,0.7594676338315942,0.1580272182015009,0.6835168404869143,0.44528301886792454,0.6514587388230552,0.23823382161898976,0.6948905109489051,0.1917808219178082,0.27598710717163577,0.5031096890310969,0.35870384325546345,0.010550113036925395,0.029411764705882353,0.34815373021853807,0.4731610337972167,0.02,0.04226890756302521,0.4531610337972167,0.40976682497839045,-0.007857783244073551,-0.019176230883229606,0.417624608222464,0.7857645074536318,0.40355706296541355,0.5135852524991116,0.38220744448821825,0.955274983950353,0.9873742777658892,1.0336021505376345,-0.03209929381553611,0.5853723670526247,0.1020632658706486,0.1743561391265214,0.4833091011819761,0.4989621954014073,0.44528301886792454,0.40355706296541355,-0.007857783244073551,0.1020632658706486,0.7713333333333333,0.4851261119880926,0.4989621954014073,0.1917808219178082,0.010550113036925395,0.02,0.9873742777658892
credit_default,imputation→outliers→balance→label_noise,"('imputation', 'outliers', 'balance', 'label_noise')",random_forest,46,24000,34408,6000,19.71389389038086,False,0.8233333333333334,0.7976666666666666,0.968825910931174,0.025666666666666726,0.6569894136029082,0.5673981155835822,0.8636335743554675,0.08959129801932597,0.767388811448112,0.746748565791175,0.9731032752249964,0.020640245656937006,0.6569894136029082,0.5673981155835822,0.8636335743554675,0.08959129801932597,0.6835168404869143,0.5677311415885845,0.8306030048713241,0.11578569889832979,0.6948905109489051,0.6902356902356902,0.9933013609484198,0.00465482071321488,0.35870384325546345,0.1544837980406933,0.430672268907563,0.20422004521477016,0.4731610337972167,0.2524630541871921,0.5335668750258724,0.22069797961002457,0.40976682497839045,0.2579177260854845,0.6294255912471346,0.15184909889290593,0.7857645074536318,0.7475698149561584,0.9513916801596853,0.038194692497473426,0.955274983950353,0.9803124331264712,1.026209677419355,-0.025037449176118165,0.5853723670526247,0.3891559943465993,0.6648007597386543,0.19621637270602543,0.5673981155835822,0.5677311415885845,0.7475698149561584,0.2579177260854845,0.3891559943465993,0.7976666666666666,0.746748565791175,0.5673981155835822,0.6902356902356902,0.1544837980406933,0.2524630541871921,0.9803124331264712
credit_default,imputation→balance→label_noise→outliers,"('imputation', 'balance', 'label_noise', 'outliers')",random_forest,46,24000,34423,6000,18.900887966156006,False,0.8233333333333334,0.8008333333333333,0.9726720647773278,0.022500000000000075,0.6569894136029082,0.5769852498060416,0.878226099020186,0.08000416379686659,0.767388811448112,0.7522616257072865,0.9802874559608453,0.0151271857408255,0.6569894136029082,0.5769852498060416,0.878226099020186,0.08000416379686659,0.6835168404869143,0.5824860527340496,0.852189760707441,0.10103078775286467,0.6948905109489051,0.6976047904191617,1.0039060534393398,-0.0027142794702565975,0.35870384325546345,0.17558402411454407,0.4894957983193277,0.18311981914091938,0.4731610337972167,0.2805538832028898,0.5929353077775361,0.19260715059432687,0.40976682497839045,0.27871436469298533,0.6801779639132174,0.13105246028540513,0.7857645074536318,0.735695414550164,0.9362797728473089,0.05006909290346784,0.955274983950353,0.9783864754975391,1.024193548387097,-0.023111491547186058,0.5853723670526247,0.41447440754177295,0.7080525676821227,0.1708979595108518,0.5769852498060416,0.5824860527340496,0.735695414550164,0.27871436469298533,0.41447440754177295,0.8008333333333333,0.7522616257072865,0.5769852498060416,0.6976047904191617,0.17558402411454407,0.2805538832028898,0.9783864754975391
credit_default,imputation→balance→outliers→label_noise,"('imputation', 'balance', 'outliers', 'label_noise')",random_forest,46,24000,34423,6000,19.847763061523438,False,0.8233333333333334,0.7985,0.9698380566801619,0.024833333333333374,0.6569894136029082,0.570900816971778,0.8689650170175145,0.08608859663113022,0.767388811448112,0.746252948912403,0.9724574267693267,0.021135862535708982,0.6569894136029082,0.570900816971778,0.8689650170175145,0.08608859663113022,0.6835168404869143,0.5732720030961604,0.8387094057372176,0.11024483739075386,0.6948905109489051,0.6878980891719745,0.989937376224375,0.006992421776930602,0.35870384325546345,0.1627731725697061,0.453781512605042,0.19593067068575734,0.4731610337972167,0.263254113345521,0.5563731891293995,0.20990692045169568,0.40976682497839045,0.2642690693940467,0.6449254875818297,0.14549775558434375,0.7857645074536318,0.7362924888297522,0.9370396369973494,0.04947201862387962,0.955274983950353,0.9790284613738498,1.0248655913978495,-0.02375347742349676,0.5853723670526247,0.3991986581814367,0.6819567862272339,0.18617370887118806,0.570900816971778,0.5732720030961604,0.7362924888297522,0.2642690693940467,0.3991986581814367,0.7985,0.746252948912403,0.570900816971778,0.6878980891719745,0.1627731725697061,0.263254113345521,0.9790284613738498
credit_default,label_noise→imputation→outliers→balance,"('label_noise', 'imputation', 'outliers', 'balance')",random_forest,46,24000,40071,6000,19.89377999305725,False,0.8233333333333334,0.7676666666666667,0.9323886639676113,0.05566666666666664,0.6569894136029082,0.49391032613559815,0.7517782111997974,0.16307908746731004,0.767388811448112,0.4150210970464135,0.5408224499171965,0.3523677144016985,0.6569894136029082,0.49391032613559815,0.7517782111997974,0.16307908746731004,0.6835168404869143,0.4370859411742694,0.6394662359202505,0.2464308993126449,0.6948905109489051,0.05333333333333334,0.07675070028011205,0.6415571776155717,0.35870384325546345,0.003014318010550113,0.008403361344537815,0.3556895252449133,0.4731610337972167,0.005706134094151213,0.01205960272839521,0.4674548997030655,0.40976682497839045,-0.045496980310433505,-0.11103139038362328,0.45526380528882393,0.7857645074536318,0.3884156462649758,0.4943155902061361,0.397348861188656,0.955274983950353,0.9848063342606462,1.0309139784946237,-0.029531350310293192,0.5853723670526247,0.054484121267261904,0.09307600483704384,0.5308882457853629,0.49391032613559815,0.4370859411742694,0.3884156462649758,-0.045496980310433505,0.054484121267261904,0.7676666666666667,0.4150210970464135,0.49391032613559815,0.05333333333333334,0.003014318010550113,0.005706134094151213,0.9848063342606462
credit_default,label_noise→imputation→balance→outliers,"('label_noise', 'imputation', 'balance', 'outliers')",random_forest,46,24000,40106,6000,18.08361291885376,False,0.8233333333333334,0.7601666666666667,0.9232793522267206,0.0631666666666667,0.6569894136029082,0.4909839768001366,0.7473240308509641,0.16600543680277158,0.767388811448112,0.42887293841057245,0.558873066706904,0.33851587303753955,0.6569894136029082,0.4909839768001366,0.7473240308509641,0.16600543680277158,0.6835168404869143,0.43925885529702624,0.6426452565296168,0.24425798518988806,0.6948905109489051,0.08208955223880597,0.11813307412517246,0.6128009587100991,0.35870384325546345,0.008289374529012811,0.023109243697478993,0.35041446872645066,0.4731610337972167,0.015058179329226557,0.03182463950672672,0.45810285446799015,0.40976682497839045,-0.050647141574955264,-0.12359990728294366,0.4604139665533457,0.7857645074536318,0.388191088281363,0.49402980740291363,0.3975734191722688,0.955274983950353,0.9736785790712604,1.0192652329749103,-0.01840359512090739,0.5853723670526247,0.08983978190533798,0.1534745863691605,0.49553258514728676,0.4909839768001366,0.43925885529702624,0.388191088281363,-0.050647141574955264,0.08983978190533798,0.7601666666666667,0.42887293841057245,0.4909839768001366,0.08208955223880597,0.008289374529012811,0.015058179329226557,0.9736785790712604
credit_default,label_noise→outliers→imputation→balance,"('label_noise', 'outliers', 'imputation', 'balance')",random_forest,46,24000,40073,6000,18.00094509124756,False,0.8233333333333334,0.768,0.9327935222672065,0.055333333333333345,0.6569894136029082,0.4952034898487697,0.7537465286283537,0.16178592375413847,0.767388811448112,0.43796186793314684,0.5707170360051049,0.32942694351496515,0.6569894136029082,0.4952034898487697,0.7537465286283537,0.16178592375413847,0.6835168404869143,0.43997184839329856,0.6436883809327616,0.24354499209361574,0.6948905109489051,0.09876543209876543,0.14213092644465194,0.5961250788501397,0.35870384325546345,0.006028636021100226,0.01680672268907563,0.35267520723436324,0.4731610337972167,0.011363636363636364,0.02401642475171887,0.46179739743358034,0.40976682497839045,-0.034500233635268544,-0.08419479453244648,0.444267058613659,0.7857645074536318,0.38693654692874824,0.4924332204602426,0.39882796052488356,0.955274983950353,0.9843783436764392,1.0304659498207887,-0.02910335972608613,0.5853723670526247,0.07703543821565993,0.13160074262394159,0.5083369288369648,0.4952034898487697,0.43997184839329856,0.38693654692874824,-0.034500233635268544,0.07703543821565993,0.768,0.43796186793314684,0.4952034898487697,0.09876543209876543,0.006028636021100226,0.011363636363636364,0.9843783436764392
credit_default,label_noise→outliers→balance→imputation,"('label_noise', 'outliers', 'balance', 'imputation')",random_forest,46,24000,40073,6000,10.247299194335938,False,0.8233333333333334,0.7455,0.9054655870445344,0.07783333333333331,0.6569894136029082,0.48372652078971523,0.7362774966752889,0.17326289281319296,0.767388811448112,0.42641371022549945,0.5556683963385254,0.34097510122261254,0.6569894136029082,0.48372652078971523,0.7362774966752889,0.17326289281319296,0.6835168404869143,0.43897334939707394,0.6422275551899558,0.24454349108984036,0.6948905109489051,0.07983193277310924,0.11488418896970552,0.6150585781757958,0.35870384325546345,0.014318010550113038,0.039915966386554626,0.3443858327053504,0.4731610337972167,0.02428115015974441,0.051316884581308564,0.4488798836374723,0.40976682497839045,-0.06920996913183326,-0.1689008599841706,0.4789767941102237,0.7857645074536318,0.39639281666021886,0.5044677036187081,0.38937169079341294,0.955274983950353,0.9531350310293174,0.9977598566308244,0.002139952921035637,0.5853723670526247,0.11682036393523214,0.19956590114328038,0.4685520031173926,0.48372652078971523,0.43897334939707394,0.39639281666021886,-0.06920996913183326,0.11682036393523214,0.7455,0.42641371022549945,0.48372652078971523,0.07983193277310924,0.014318010550113038,0.02428115015974441,0.9531350310293174
credit_default,label_noise→balance→imputation→outliers,"('label_noise', 'balance', 'imputation', 'outliers')",random_forest,46,24000,40107,6000,10.91810393333435,False,0.8233333333333334,0.7315,0.8884615384615385,0.09183333333333332,0.6569894136029082,0.47662726325823396,0.7254717555408173,0.18036215034467423,0.767388811448112,0.4238423123486683,0.5523175553587374,0.3435464990994437,0.6569894136029082,0.47662726325823396,0.7254717555408173,0.18036215034467423,0.6835168404869143,0.43771043320554326,0.6403798813409384,0.24580640728137104,0.6948905109489051,0.07738095238095238,0.11135704281712686,0.6175095585679526,0.35870384325546345,0.019593067068575734,0.0546218487394958,0.33911077618688773,0.4731610337972167,0.03126879134095009,0.06608488253990713,0.44189224245626657,0.40976682497839045,-0.08438041441794948,-0.20592300126394902,0.4941472393963399,0.7857645074536318,0.397311125771661,0.5056363859691212,0.3884533816819708,0.955274983950353,0.9336614594478921,0.9773745519713262,0.0216135245024609,0.5853723670526247,0.1352526953310242,0.23105411690686284,0.45011967172160056,0.47662726325823396,0.43771043320554326,0.397311125771661,-0.08438041441794948,0.1352526953310242,0.7315,0.4238423123486683,0.47662726325823396,0.07738095238095238,0.019593067068575734,0.03126879134095009,0.9336614594478921
credit_default,label_noise→balance→outliers→imputation,"('label_noise', 'balance', 'outliers', 'imputation')",random_forest,46,24000,40107,6000,10.531705856323242,False,0.8233333333333334,0.7315,0.8884615384615385,0.09183333333333332,0.6569894136029082,0.47662726325823396,0.7254717555408173,0.18036215034467423,0.767388811448112,0.4238423123486683,0.5523175553587374,0.3435464990994437,0.6569894136029082,0.47662726325823396,0.7254717555408173,0.18036215034467423,0.6835168404869143,0.43771043320554326,0.6403798813409384,0.24580640728137104,0.6948905109489051,0.07738095238095238,0.11135704281712686,0.6175095585679526,0.35870384325546345,0.019593067068575734,0.0546218487394958,0.33911077618688773,0.4731610337972167,0.03126879134095009,0.06608488253990713,0.44189224245626657,0.40976682497839045,-0.08438041441794948,-0.20592300126394902,0.4941472393963399,0.7857645074536318,0.397311125771661,0.5056363859691212,0.3884533816819708,0.955274983950353,0.9336614594478921,0.9773745519713262,0.0216135245024609,0.5853723670526247,0.1352526953310242,0.23105411690686284,0.45011967172160056,0.47662726325823396,0.43771043320554326,0.397311125771661,-0.08438041441794948,0.1352526953310242,0.7315,0.4238423123486683,0.47662726325823396,0.07738095238095238,0.019593067068575734,0.03126879134095009,0.9336614594478921
credit_default,outliers→imputation→label_noise→balance,"('outliers', 'imputation', 'label_noise', 'balance')",random_forest,46,24000,40075,6000,17.452594995498657,False,0.8233333333333334,0.7535,0.9151821862348177,0.06983333333333341,0.6569894136029082,0.48886240780020096,0.7440948022576128,0.16812700580270723,0.767388811448112,0.4374354561101549,0.5700310580300044,0.3299533553379571,0.6569894136029082,0.48886240780020096,0.7440948022576128,0.16812700580270723,0.6835168404869143,0.44198193628746696,0.6466291832292149,0.24153490419944734,0.6948905109489051,0.1,0.1439075630252101,0.5948905109489051,0.35870384325546345,0.014318010550113038,0.039915966386554626,0.3443858327053504,0.4731610337972167,0.025049439683586024,0.05294062252455366,0.44811159411363066,0.40976682497839045,-0.052794635182432055,-0.12884067709780128,0.4625614601608225,0.7857645074536318,0.4112142886285288,0.5233301895514728,0.374550218825103,0.955274983950353,0.9634068050502889,1.0085125448028673,-0.008131821099935821,0.5853723670526247,0.11744815366262992,0.20063836332757978,0.4679242133899948,0.48886240780020096,0.44198193628746696,0.4112142886285288,-0.052794635182432055,0.11744815366262992,0.7535,0.4374354561101549,0.48886240780020096,0.1,0.014318010550113038,0.025049439683586024,0.9634068050502889
credit_default,outliers→imputation→balance→label_noise,"('outliers', 'imputation', 'balance', 'label_noise')",random_forest,46,24000,34408,6000,19.26551389694214,False,0.8233333333333334,0.7985,0.9698380566801619,0.024833333333333374,0.6569894136029082,0.570631024866511,0.8685543679268579,0.08635838873639723,0.767388811448112,0.7468016336687222,0.9731724290577805,0.020587177779389787,0.6569894136029082,0.570631024866511,0.8685543679268579,0.08635838873639723,0.6835168404869143,0.572833758075394,0.8380682437426511,0.11068308241152025,0.6948905109489051,0.6891025641025641,0.9916707067442362,0.0057879468463409856,0.35870384325546345,0.16201959306706856,0.4516806722689075,0.1966842501883949,0.4731610337972167,0.26235509456985967,0.5544731620531068,0.21080593922735702,0.40976682497839045,0.264059480608071,0.6444140045304948,0.14570734437031946,0.7857645074536318,0.738958076758031,0.9404319866173609,0.046806430695600754,0.955274983950353,0.9792424566659533,1.0250896057347672,-0.02396747271560029,0.5853723670526247,0.3983170399857559,0.680450705234515,0.18705532706686884,0.570631024866511,0.572833758075394,0.738958076758031,0.264059480608071,0.3983170399857559,0.7985,0.7468016336687222,0.570631024866511,0.6891025641025641,0.16201959306706856,0.26235509456985967,0.9792424566659533
credit_default,outliers→label_noise→imputation→balance,"('outliers', 'label_noise', 'imputation', 'balance')",random_forest,46,24000,40014,6000,17.383819103240967,False,0.8233333333333334,0.7796666666666666,0.9469635627530364,0.04366666666666674,0.6569894136029082,0.5040422855987297,0.7672000113891919,0.15294712800417853,0.767388811448112,0.6996392134375075,0.9117141180586713,0.06774959801060454,0.6569894136029082,0.5040422855987297,0.7672000113891919,0.15294712800417853,0.6835168404869143,0.4475898425617123,0.654833672046565,0.235926997925202,0.6948905109489051,0.6190476190476191,0.8908563425370148,0.07584289190128601,0.35870384325546345,0.009796533534287867,0.0273109243697479,0.34890730972117556,0.4731610337972167,0.019287833827893175,0.040763783258110364,0.4538731999693235,0.40976682497839045,0.056815445696400166,0.13865311253393048,0.3529513792819903,0.7857645074536318,0.41870501079571576,0.532863226607908,0.36705949665791604,0.955274983950353,0.9982880376631714,1.0450268817204302,-0.04301305371281838,0.5853723670526247,0.09889268040581006,0.16893978255881636,0.4864796866468147,0.5040422855987297,0.4475898425617123,0.41870501079571576,0.056815445696400166,0.09889268040581006,0.7796666666666666,0.6996392134375075,0.5040422855987297,0.6190476190476191,0.009796533534287867,0.019287833827893175,0.9982880376631714
credit_default,outliers→label_noise→balance→imputation,"('outliers', 'label_noise', 'balance', 'imputation')",random_forest,46,24000,40014,6000,10.188721179962158,False,0.8233333333333334,0.7353333333333333,0.8931174089068825,0.08800000000000008,0.6569894136029082,0.48367467490696364,0.7361985823401747,0.17331473869594455,0.767388811448112,0.44839163719654096,0.5843082808966124,0.31899717425157104,0.6569894136029082,0.48367467490696364,0.7361985823401747,0.17331473869594455,0.6835168404869143,0.44879369819858284,0.6565949390199038,0.23472314228833147,0.6948905109489051,0.1239193083573487,0.178329256774756,0.5709712025915564,0.35870384325546345,0.03240391861341371,0.09033613445378151,0.3262999246420497,0.4731610337972167,0.05137395459976105,0.1085760469062177,0.4217870791974556,0.40976682497839045,-0.05805250383181877,-0.14167204442399708,0.4678193288102092,0.7857645074536318,0.42962675318505467,0.5467627375755542,0.35613775426857713,0.955274983950353,0.9349454312005135,0.9787186379928315,0.020329552749839497,0.5853723670526247,0.17405716204915106,0.29734434326911674,0.4113152050034737,0.48367467490696364,0.44879369819858284,0.42962675318505467,-0.05805250383181877,0.17405716204915106,0.7353333333333333,0.44839163719654096,0.48367467490696364,0.1239193083573487,0.03240391861341371,0.05137395459976105,0.9349454312005135
credit_default,outliers→balance→imputation→label_noise,"('outliers', 'balance', 'imputation', 'label_noise')",random_forest,46,24000,34408,6000,11.217262029647827,False,0.8233333333333334,0.8013333333333333,0.9732793522267206,0.02200000000000002,0.6569894136029082,0.5775760348494638,0.8791253297097377,0.07941337875344434,0.767388811448112,0.7549158475574569,0.9837462265482894,0.012472963890655109,0.6569894136029082,0.5775760348494638,0.8791253297097377,0.07941337875344434,0.6835168404869143,0.5833236233133695,0.8534151446770931,0.10019321717354479,0.6948905109489051,0.7027027027027027,1.0112423347717467,-0.007812191753797659,0.35870384325546345,0.17633760361718162,0.4915966386554622,0.18236623963828183,0.4731610337972167,0.2819277108433735,0.5958388174546927,0.1912333229538432,0.40976682497839045,0.2812497870135933,0.6863654397313041,0.12851703796479713,0.7857645074536318,0.7294129514079101,0.9282844217177282,0.05635155604572173,0.955274983950353,0.9788144660817462,1.0246415770609318,-0.02353948213139312,0.5853723670526247,0.41545372466098585,0.7097255491454326,0.1699186423916389,0.5775760348494638,0.5833236233133695,0.7294129514079101,0.2812497870135933,0.41545372466098585,0.8013333333333333,0.7549158475574569,0.5775760348494638,0.7027027027027027,0.17633760361718162,0.2819277108433735,0.9788144660817462
credit_default,outliers→balance→label_noise→imputation,"('outliers', 'balance', 'label_noise', 'imputation')",random_forest,46,24000,34408,6000,11.23856782913208,False,0.8233333333333334,0.8013333333333333,0.9732793522267206,0.02200000000000002,0.6569894136029082,0.5775760348494638,0.8791253297097377,0.07941337875344434,0.767388811448112,0.7549158475574569,0.9837462265482894,0.012472963890655109,0.6569894136029082,0.5775760348494638,0.8791253297097377,0.07941337875344434,0.6835168404869143,0.5833236233133695,0.8534151446770931,0.10019321717354479,0.6948905109489051,0.7027027027027027,1.0112423347717467,-0.007812191753797659,0.35870384325546345,0.17633760361718162,0.4915966386554622,0.18236623963828183,0.4731610337972167,0.2819277108433735,0.5958388174546927,0.1912333229538432,0.40976682497839045,0.2812497870135933,0.6863654397313041,0.12851703796479713,0.7857645074536318,0.7294129514079101,0.9282844217177282,0.05635155604572173,0.955274983950353,0.9788144660817462,1.0246415770609318,-0.02353948213139312,0.5853723670526247,0.41545372466098585,0.7097255491454326,0.1699186423916389,0.5775760348494638,0.5833236233133695,0.7294129514079101,0.2812497870135933,0.41545372466098585,0.8013333333333333,0.7549158475574569,0.5775760348494638,0.7027027027027027,0.17633760361718162,0.2819277108433735,0.9788144660817462
credit_default,balance→imputation→label_noise→outliers,"('balance', 'imputation', 'label_noise', 'outliers')",random_forest,46,24000,34423,6000,11.542559146881104,False,0.8233333333333334,0.8038333333333333,0.9763157894736841,0.019500000000000073,0.6569894136029082,0.588353931119318,0.8955303067865349,0.0686354824835902,0.767388811448112,0.7528324820812513,0.9810313505361227,0.014556329366860687,0.6569894136029082,0.588353931119318,0.8955303067865349,0.0686354824835902,0.6835168404869143,0.5992425445749034,0.8767048726232163,0.08427429591201085,0.6948905109489051,0.694300518134715,0.9991509557190753,0.0005899928141900324,0.35870384325546345,0.20195930670685758,0.5630252100840336,0.15674453654860587,0.4731610337972167,0.3129013426736719,0.6612998964909957,0.16025969112354477,0.40976682497839045,0.29892302491800843,0.7294954269022937,0.11084380006038203,0.7857645074536318,0.714406995178736,0.9091871526417772,0.07135751227489584,0.955274983950353,0.9747485555317783,1.0203853046594982,-0.019473571581425264,0.5853723670526247,0.4436885647486408,0.7579595309266681,0.14168380230398392,0.588353931119318,0.5992425445749034,0.714406995178736,0.29892302491800843,0.4436885647486408,0.8038333333333333,0.7528324820812513,0.588353931119318,0.694300518134715,0.20195930670685758,0.3129013426736719,0.9747485555317783
credit_default,balance→imputation→outliers→label_noise,"('balance', 'imputation', 'outliers', 'label_noise')",random_forest,46,24000,34423,6000,11.585559844970703,False,0.8233333333333334,0.8015,0.9734817813765182,0.02183333333333337,0.6569894136029082,0.5814601219692533,0.8850372775118936,0.07552929163365485,0.767388811448112,0.7487884160756502,0.9757614457039558,0.01860039537246183,0.6569894136029082,0.5814601219692533,0.8850372775118936,0.07552929163365485,0.6835168404869143,0.5892638655489233,0.8621058482321395,0.09425297493799101,0.6948905109489051,0.6888888888888889,0.9913632119514473,0.0060016220600161985,0.35870384325546345,0.186887716654107,0.5210084033613445,0.17181612660135645,0.4731610337972167,0.2940130409010077,0.6213805024084322,0.17914799289620897,0.40976682497839045,0.28471975497362184,0.6948335922231793,0.1250470700047686,0.7857645074536318,0.7236359654646752,0.9209323640866754,0.062128541988956565,0.955274983950353,0.9760325272843997,1.0217293906810037,-0.02075754333404667,0.5853723670526247,0.42709306995585733,0.7296092094443909,0.1582792970967674,0.5814601219692533,0.5892638655489233,0.7236359654646752,0.28471975497362184,0.42709306995585733,0.8015,0.7487884160756502,0.5814601219692533,0.6888888888888889,0.186887716654107,0.2940130409010077,0.9760325272843997
credit_default,balance→label_noise→imputation→outliers,"('balance', 'label_noise', 'imputation', 'outliers')",random_forest,46,24000,34423,6000,11.88816523551941,False,0.8233333333333334,0.8038333333333333,0.9763157894736841,0.019500000000000073,0.6569894136029082,0.588353931119318,0.8955303067865349,0.0686354824835902,0.767388811448112,0.7528324820812513,0.9810313505361227,0.014556329366860687,0.6569894136029082,0.588353931119318,0.8955303067865349,0.0686354824835902,0.6835168404869143,0.5992425445749034,0.8767048726232163,0.08427429591201085,0.6948905109489051,0.694300518134715,0.9991509557190753,0.0005899928141900324,0.35870384325546345,0.20195930670685758,0.5630252100840336,0.15674453654860587,0.4731610337972167,0.3129013426736719,0.6612998964909957,0.16025969112354477,0.40976682497839045,0.29892302491800843,0.7294954269022937,0.11084380006038203,0.7857645074536318,0.714406995178736,0.9091871526417772,0.07135751227489584,0.955274983950353,0.9747485555317783,1.0203853046594982,-0.019473571581425264,0.5853723670526247,0.4436885647486408,0.7579595309266681,0.14168380230398392,0.588353931119318,0.5992425445749034,0.714406995178736,0.29892302491800843,0.4436885647486408,0.8038333333333333,0.7528324820812513,0.588353931119318,0.694300518134715,0.20195930670685758,0.3129013426736719,0.9747485555317783
credit_default,balance→label_noise→outliers→imputation,"('balance', 'label_noise', 'outliers', 'imputation')",random_forest,46,24000,34423,6000,11.556112051010132,False,0.8233333333333334,0.8038333333333333,0.9763157894736841,0.019500000000000073,0.6569894136029082,0.588353931119318,0.8955303067865349,0.0686354824835902,0.767388811448112,0.7528324820812513,0.9810313505361227,0.014556329366860687,0.6569894136029082,0.588353931119318,0.8955303067865349,0.0686354824835902,0.6835168404869143,0.5992425445749034,0.8767048726232163,0.08427429591201085,0.6948905109489051,0.694300518134715,0.9991509557190753,0.0005899928141900324,0.35870384325546345,0.20195930670685758,0.5630252100840336,0.15674453654860587,0.4731610337972167,0.3129013426736719,0.6612998964909957,0.16025969112354477,0.40976682497839045,0.29892302491800843,0.7294954269022937,0.11084380006038203,0.7857645074536318,0.714406995178736,0.9091871526417772,0.07135751227489584,0.955274983950353,0.9747485555317783,1.0203853046594982,-0.019473571581425264,0.5853723670526247,0.4436885647486408,0.7579595309266681,0.14168380230398392,0.588353931119318,0.5992425445749034,0.714406995178736,0.29892302491800843,0.4436885647486408,0.8038333333333333,0.7528324820812513,0.588353931119318,0.694300518134715,0.20195930670685758,0.3129013426736719,0.9747485555317783
credit_default,balance→outliers→imputation→label_noise,"('balance', 'outliers', 'imputation', 'label_noise')",random_forest,46,24000,34423,6000,12.141608953475952,False,0.8233333333333334,0.8015,0.9734817813765182,0.02183333333333337,0.6569894136029082,0.5814601219692533,0.8850372775118936,0.07552929163365485,0.767388811448112,0.7487884160756502,0.9757614457039558,0.01860039537246183,0.6569894136029082,0.5814601219692533,0.8850372775118936,0.07552929163365485,0.6835168404869143,0.5892638655489233,0.8621058482321395,0.09425297493799101,0.6948905109489051,0.6888888888888889,0.9913632119514473,0.0060016220600161985,0.35870384325546345,0.186887716654107,0.5210084033613445,0.17181612660135645,0.4731610337972167,0.2940130409010077,0.6213805024084322,0.17914799289620897,0.40976682497839045,0.28471975497362184,0.6948335922231793,0.1250470700047686,0.7857645074536318,0.7236359654646752,0.9209323640866754,0.062128541988956565,0.955274983950353,0.9760325272843997,1.0217293906810037,-0.02075754333404667,0.5853723670526247,0.42709306995585733,0.7296092094443909,0.1582792970967674,0.5814601219692533,0.5892638655489233,0.7236359654646752,0.28471975497362184,0.42709306995585733,0.8015,0.7487884160756502,0.5814601219692533,0.6888888888888889,0.186887716654107,0.2940130409010077,0.9760325272843997
credit_default,balance→outliers→label_noise→imputation,"('balance', 'outliers', 'label_noise', 'imputation')",random_forest,46,24000,34423,6000,12.600067138671875,False,0.8233333333333334,0.8015,0.9734817813765182,0.02183333333333337,0.6569894136029082,0.5814601219692533,0.8850372775118936,0.07552929163365485,0.767388811448112,0.7487884160756502,0.9757614457039558,0.01860039537246183,0.6569894136029082,0.5814601219692533,0.8850372775118936,0.07552929163365485,0.6835168404869143,0.5892638655489233,0.8621058482321395,0.09425297493799101,0.6948905109489051,0.6888888888888889,0.9913632119514473,0.0060016220600161985,0.35870384325546345,0.186887716654107,0.5210084033613445,0.17181612660135645,0.4731610337972167,0.2940130409010077,0.6213805024084322,0.17914799289620897,0.40976682497839045,0.28471975497362184,0.6948335922231793,0.1250470700047686,0.7857645074536318,0.7236359654646752,0.9209323640866754,0.062128541988956565,0.955274983950353,0.9760325272843997,1.0217293906810037,-0.02075754333404667,0.5853723670526247,0.42709306995585733,0.7296092094443909,0.1582792970967674,0.5814601219692533,0.5892638655489233,0.7236359654646752,0.28471975497362184,0.42709306995585733,0.8015,0.7487884160756502,0.5814601219692533,0.6888888888888889,0.186887716654107,0.2940130409010077,0.9760325272843997
