dataset,cleaning_order,order_tuple,model,seed,n_train_clean,n_train_cleaned,n_test,total_time,failed,accuracy_baseline,accuracy_cleaned,accuracy_recovery,accuracy_gap,balanced_accuracy_baseline,balanced_accuracy_cleaned,balanced_accuracy_recovery,balanced_accuracy_gap,precision_macro_baseline,precision_macro_cleaned,precision_macro_recovery,precision_macro_gap,recall_macro_baseline,recall_macro_cleaned,recall_macro_recovery,recall_macro_gap,f1_macro_baseline,f1_macro_cleaned,f1_macro_recovery,f1_macro_gap,precision_minority_baseline,precision_minority_cleaned,precision_minority_recovery,precision_minority_gap,recall_minority_baseline,recall_minority_cleaned,recall_minority_recovery,recall_minority_gap,f1_minority_baseline,f1_minority_cleaned,f1_minority_recovery,f1_minority_gap,mcc_baseline,mcc_cleaned,mcc_recovery,mcc_gap,auc_baseline,auc_cleaned,auc_recovery,auc_gap,specificity_baseline,specificity_cleaned,specificity_recovery,specificity_gap,gmean_baseline,gmean_cleaned,gmean_recovery,gmean_gap,balanced_accuracy,f1_macro,auc,mcc,gmean,accuracy,precision_macro,recall_macro,precision_minority,recall_minority,f1_minority,specificity
pima,imputation→label_noise→outliers→balance,"('imputation', 'label_noise', 'outliers', 'balance')",random_forest,42,613,874,154,0.7683699131011963,False,0.6818181818181818,0.7272727272727273,1.0666666666666669,-0.045454545454545525,0.6314814814814815,0.6366666666666666,1.0082111436950145,-0.0051851851851850705,0.644750254841998,0.7365384615384616,1.1423624201885072,-0.09178820669646359,0.6314814814814815,0.6366666666666666,1.0082111436950145,-0.0051851851851850705,0.6353003721424775,0.6394648829431439,1.0065551839464884,-0.004164510800666377,0.5555555555555556,0.75,1.3499999999999999,-0.19444444444444442,0.46296296296296297,0.3333333333333333,0.72,0.12962962962962965,0.5050505050505051,0.46153846153846156,0.9138461538461539,0.04351204351204352,0.2759128699531639,0.35959378791588203,1.3032874761402864,-0.08368091796271815,0.7827777777777778,0.7412962962962963,0.9470073338064822,0.04148148148148145,0.8,0.94,1.1749999999999998,-0.1399999999999999,0.6085806194501846,0.5597618541248888,0.9197825830053533,0.04881876532529583,0.6366666666666666,0.6394648829431439,0.7412962962962963,0.35959378791588203,0.5597618541248888,0.7272727272727273,0.7365384615384616,0.6366666666666666,0.75,0.3333333333333333,0.46153846153846156,0.94
pima,imputation→label_noise→balance→outliers,"('imputation', 'label_noise', 'balance', 'outliers')",random_forest,42,613,873,154,0.7974739074707031,False,0.6818181818181818,0.7077922077922078,1.0380952380952382,-0.025974025974025983,0.6314814814814815,0.6131481481481482,0.9709677419354839,0.018333333333333313,0.644750254841998,0.7027879190175904,1.0900157289426975,-0.05803766417559242,0.6314814814814815,0.6131481481481482,0.9709677419354839,0.018333333333333313,0.6353003721424775,0.6103896103896105,0.9607890017931859,0.024910761752866994,0.5555555555555556,0.6956521739130435,1.2521739130434781,-0.14009661835748788,0.46296296296296297,0.2962962962962963,0.64,0.16666666666666669,0.5050505050505051,0.4155844155844156,0.8228571428571428,0.08946608946608947,0.2759128699531639,0.302952653090591,1.098001166607477,-0.02703978313742711,0.7827777777777778,0.736574074074074,0.9409746865389165,0.04620370370370375,0.8,0.93,1.1625,-0.13,0.6085806194501846,0.5249338582674541,0.862554346113913,0.08364676118273051,0.6131481481481482,0.6103896103896105,0.736574074074074,0.302952653090591,0.5249338582674541,0.7077922077922078,0.7027879190175904,0.6131481481481482,0.6956521739130435,0.2962962962962963,0.4155844155844156,0.93
pima,imputation→outliers→label_noise→balance,"('imputation', 'outliers', 'label_noise', 'balance')",random_forest,42,613,892,154,0.758817195892334,False,0.6818181818181818,0.7207792207792207,1.0571428571428572,-0.038961038961038974,0.6314814814814815,0.6274074074074074,0.9935483870967742,0.004074074074074119,0.644750254841998,0.7283438433455027,1.1296526645406137,-0.08359358850350473,0.6314814814814815,0.6274074074074074,0.9935483870967742,0.004074074074074119,0.6353003721424775,0.6277056277056277,0.9880454273759711,0.007594744436849821,0.5555555555555556,0.7391304347826086,1.3304347826086955,-0.18357487922705307,0.46296296296296297,0.3148148148148148,0.68,0.14814814814814814,0.5050505050505051,0.44155844155844154,0.8742857142857142,0.06349206349206354,0.2759128699531639,0.3411316290119912,1.2363744723828873,-0.06521875905882729,0.7827777777777778,0.7208333333333333,0.9208658623136976,0.06194444444444447,0.8,0.94,1.1749999999999998,-0.1399999999999999,0.6085806194501846,0.5439907406619399,0.8938679992034617,0.06458987878824474,0.6274074074074074,0.6277056277056277,0.7208333333333333,0.3411316290119912,0.5439907406619399,0.7207792207792207,0.7283438433455027,0.6274074074074074,0.7391304347826086,0.3148148148148148,0.44155844155844154,0.94
pima,imputation→outliers→balance→label_noise,"('imputation', 'outliers', 'balance', 'label_noise')",random_forest,42,613,739,154,0.7728099822998047,False,0.6818181818181818,0.7337662337662337,1.0761904761904761,-0.051948051948051965,0.6314814814814815,0.6885185185185185,1.0903225806451613,-0.057037037037037,0.644750254841998,0.7075433231396535,1.0973913043478263,-0.06279306829765552,0.6314814814814815,0.6885185185185185,1.0903225806451613,-0.057037037037037,0.6353003721424775,0.694843168527379,1.0937238493723849,-0.059542796384901564,0.5555555555555556,0.6444444444444445,1.16,-0.0888888888888889,0.46296296296296297,0.5370370370370371,1.1600000000000001,-0.07407407407407413,0.5050505050505051,0.5858585858585859,1.16,-0.08080808080808077,0.2759128699531639,0.39560465015819835,1.4338028169014083,-0.11969178020503446,0.7827777777777778,0.7591666666666667,0.9698367636621718,0.023611111111111138,0.8,0.84,1.0499999999999998,-0.039999999999999925,0.6085806194501846,0.6716480559869962,1.1036303729057115,-0.06306743653681157,0.6885185185185185,0.694843168527379,0.7591666666666667,0.39560465015819835,0.6716480559869962,0.7337662337662337,0.7075433231396535,0.6885185185185185,0.6444444444444445,0.5370370370370371,0.5858585858585859,0.84
pima,imputation→balance→label_noise→outliers,"('imputation', 'balance', 'label_noise', 'outliers')",random_forest,42,613,743,154,0.8085098266601562,False,0.6818181818181818,0.7272727272727273,1.0666666666666669,-0.045454545454545525,0.6314814814814815,0.6707407407407407,1.0621700879765394,-0.039259259259259216,0.644750254841998,0.7021929824561404,1.0890929893904722,-0.057442727614142375,0.6314814814814815,0.6707407407407407,1.0621700879765394,-0.039259259259259216,0.6353003721424775,0.6784649035593557,1.0679435009164417,-0.04316453141687826,0.5555555555555556,0.65,1.17,-0.09444444444444444,0.46296296296296297,0.48148148148148145,1.04,-0.01851851851851849,0.5050505050505051,0.5531914893617021,1.0953191489361702,-0.048140984311197066,0.2759128699531639,0.3716050570007949,1.3468203098459115,-0.095692187047631,0.7827777777777778,0.7770370370370371,0.9926661935178615,0.005740740740740713,0.8,0.86,1.075,-0.05999999999999994,0.6085806194501846,0.6434858771364559,1.057355191030904,-0.034905257686271285,0.6707407407407407,0.6784649035593557,0.7770370370370371,0.3716050570007949,0.6434858771364559,0.7272727272727273,0.7021929824561404,0.6707407407407407,0.65,0.48148148148148145,0.5531914893617021,0.86
pima,imputation→balance→outliers→label_noise,"('imputation', 'balance', 'outliers', 'label_noise')",random_forest,42,613,743,154,0.8158779144287109,False,0.6818181818181818,0.7207792207792207,1.0571428571428572,-0.038961038961038974,0.6314814814814815,0.6614814814814814,1.047507331378299,-0.029999999999999916,0.644750254841998,0.6944258639910814,1.0770462807513848,-0.04967560914908342,0.6314814814814815,0.6614814814814814,1.047507331378299,-0.029999999999999916,0.6353003721424775,0.6688172043010753,1.0527574571467133,-0.0335168321585978,0.5555555555555556,0.6410256410256411,1.153846153846154,-0.0854700854700855,0.46296296296296297,0.46296296296296297,1.0,0.0,0.5050505050505051,0.5376344086021505,1.064516129032258,-0.03258390355164542,0.2759128699531639,0.3543793253314693,1.2843885295804618,-0.07846645537830543,0.7827777777777778,0.783888888888889,1.0014194464158979,-0.0011111111111111738,0.8,0.86,1.075,-0.05999999999999994,0.6085806194501846,0.6309898162000304,1.036822067666386,-0.02240919674984576,0.6614814814814814,0.6688172043010753,0.783888888888889,0.3543793253314693,0.6309898162000304,0.7207792207792207,0.6944258639910814,0.6614814814814814,0.6410256410256411,0.46296296296296297,0.5376344086021505,0.86
pima,label_noise→imputation→outliers→balance,"('label_noise', 'imputation', 'outliers', 'balance')",random_forest,42,613,883,154,0.7733640670776367,False,0.6818181818181818,0.7142857142857143,1.0476190476190477,-0.032467532467532534,0.6314814814814815,0.6309259259259259,0.9991202346041055,0.0005555555555556424,0.644750254841998,0.7003968253968254,1.0863071710897796,-0.05564657055482736,0.6314814814814815,0.6309259259259259,0.9991202346041055,0.0005555555555556424,0.6353003721424775,0.634362184329808,0.9985232374262499,0.000938187812669522,0.5555555555555556,0.6785714285714286,1.2214285714285715,-0.12301587301587302,0.46296296296296297,0.35185185185185186,0.76,0.1111111111111111,0.5050505050505051,0.4634146341463415,0.9175609756097561,0.0416358709041636,0.2759128699531639,0.32395765104529,1.1741302647472796,-0.04804478109212612,0.7827777777777778,0.7631481481481481,0.9749231133191388,0.019629629629629664,0.8,0.91,1.1375,-0.10999999999999999,0.6085806194501846,0.5658490834004992,0.9297849213662264,0.04273153604968538,0.6309259259259259,0.634362184329808,0.7631481481481481,0.32395765104529,0.5658490834004992,0.7142857142857143,0.7003968253968254,0.6309259259259259,0.6785714285714286,0.35185185185185186,0.4634146341463415,0.91
pima,label_noise→imputation→balance→outliers,"('label_noise', 'imputation', 'balance', 'outliers')",random_forest,42,613,881,154,0.7757430076599121,False,0.6818181818181818,0.7077922077922078,1.0380952380952382,-0.025974025974025983,0.6314814814814815,0.6131481481481482,0.9709677419354839,0.018333333333333313,0.644750254841998,0.7027879190175904,1.0900157289426975,-0.05803766417559242,0.6314814814814815,0.6131481481481482,0.9709677419354839,0.018333333333333313,0.6353003721424775,0.6103896103896105,0.9607890017931859,0.024910761752866994,0.5555555555555556,0.6956521739130435,1.2521739130434781,-0.14009661835748788,0.46296296296296297,0.2962962962962963,0.64,0.16666666666666669,0.5050505050505051,0.4155844155844156,0.8228571428571428,0.08946608946608947,0.2759128699531639,0.302952653090591,1.098001166607477,-0.02703978313742711,0.7827777777777778,0.7550925925925925,0.9646321268038798,0.027685185185185257,0.8,0.93,1.1625,-0.13,0.6085806194501846,0.5249338582674541,0.862554346113913,0.08364676118273051,0.6131481481481482,0.6103896103896105,0.7550925925925925,0.302952653090591,0.5249338582674541,0.7077922077922078,0.7027879190175904,0.6131481481481482,0.6956521739130435,0.2962962962962963,0.4155844155844156,0.93
pima,label_noise→outliers→imputation→balance,"('label_noise', 'outliers', 'imputation', 'balance')",random_forest,42,613,885,154,0.992887020111084,False,0.6818181818181818,0.7337662337662337,1.0761904761904761,-0.051948051948051965,0.6314814814814815,0.6459259259259259,1.022873900293255,-0.014444444444444371,0.644750254841998,0.7443410852713178,1.1544641970769371,-0.09959083042931982,0.6314814814814815,0.6459259259259259,1.022873900293255,-0.014444444444444371,0.6353003721424775,0.6509866784589022,1.024691165005184,-0.01568630631642476,0.5555555555555556,0.76,1.3679999999999999,-0.20444444444444443,0.46296296296296297,0.35185185185185186,0.76,0.1111111111111111,0.5050505050505051,0.4810126582278481,0.9524050632911392,0.024037846822656972,0.2759128699531639,0.37765433459693093,1.3687449036394628,-0.10174146464376704,0.7827777777777778,0.768148148148148,0.9813106221906788,0.01462962962962977,0.8,0.94,1.1749999999999998,-0.1399999999999999,0.6085806194501846,0.5751006353158904,0.9449867723941959,0.033479984134294205,0.6459259259259259,0.6509866784589022,0.768148148148148,0.37765433459693093,0.5751006353158904,0.7337662337662337,0.7443410852713178,0.6459259259259259,0.76,0.35185185185185186,0.4810126582278481,0.94
pima,label_noise→outliers→balance→imputation,"('label_noise', 'outliers', 'balance', 'imputation')",random_forest,42,613,885,154,0.7791883945465088,False,0.6818181818181818,0.7207792207792207,1.0571428571428572,-0.038961038961038974,0.6314814814814815,0.6316666666666667,1.0002932551319648,-0.00018518518518517713,0.644750254841998,0.7204651162790697,1.1174328522842172,-0.07571486143707173,0.6314814814814815,0.6316666666666667,1.0002932551319648,-0.00018518518518517713,0.6353003721424775,0.6339616383837268,0.9978927546441757,0.0013387337587507098,0.5555555555555556,0.72,1.2959999999999998,-0.1644444444444444,0.46296296296296297,0.3333333333333333,0.72,0.12962962962962965,0.5050505050505051,0.45569620253164556,0.9022784810126582,0.04935430251885953,0.2759128699531639,0.3407515633228654,1.2349969879285,-0.0648386933697015,0.7827777777777778,0.7713888888888888,0.9854506742370474,0.011388888888889004,0.8,0.93,1.1625,-0.13,0.6085806194501846,0.5567764362830022,0.9148770409186143,0.05180418316718238,0.6316666666666667,0.6339616383837268,0.7713888888888888,0.3407515633228654,0.5567764362830022,0.7207792207792207,0.7204651162790697,0.6316666666666667,0.72,0.3333333333333333,0.45569620253164556,0.93
pima,label_noise→balance→imputation→outliers,"('label_noise', 'balance', 'imputation', 'outliers')",random_forest,42,613,881,154,0.7542872428894043,False,0.6818181818181818,0.7077922077922078,1.0380952380952382,-0.025974025974025983,0.6314814814814815,0.6131481481481482,0.9709677419354839,0.018333333333333313,0.644750254841998,0.7027879190175904,1.0900157289426975,-0.05803766417559242,0.6314814814814815,0.6131481481481482,0.9709677419354839,0.018333333333333313,0.6353003721424775,0.6103896103896105,0.9607890017931859,0.024910761752866994,0.5555555555555556,0.6956521739130435,1.2521739130434781,-0.14009661835748788,0.46296296296296297,0.2962962962962963,0.64,0.16666666666666669,0.5050505050505051,0.4155844155844156,0.8228571428571428,0.08946608946608947,0.2759128699531639,0.302952653090591,1.098001166607477,-0.02703978313742711,0.7827777777777778,0.7601851851851852,0.9711379228767447,0.02259259259259261,0.8,0.93,1.1625,-0.13,0.6085806194501846,0.5249338582674541,0.862554346113913,0.08364676118273051,0.6131481481481482,0.6103896103896105,0.7601851851851852,0.302952653090591,0.5249338582674541,0.7077922077922078,0.7027879190175904,0.6131481481481482,0.6956521739130435,0.2962962962962963,0.4155844155844156,0.93
pima,label_noise→balance→outliers→imputation,"('label_noise', 'balance', 'outliers', 'imputation')",random_forest,42,613,881,154,0.9953708648681641,False,0.6818181818181818,0.7077922077922078,1.0380952380952382,-0.025974025974025983,0.6314814814814815,0.6131481481481482,0.9709677419354839,0.018333333333333313,0.644750254841998,0.7027879190175904,1.0900157289426975,-0.05803766417559242,0.6314814814814815,0.6131481481481482,0.9709677419354839,0.018333333333333313,0.6353003721424775,0.6103896103896105,0.9607890017931859,0.024910761752866994,0.5555555555555556,0.6956521739130435,1.2521739130434781,-0.14009661835748788,0.46296296296296297,0.2962962962962963,0.64,0.16666666666666669,0.5050505050505051,0.4155844155844156,0.8228571428571428,0.08946608946608947,0.2759128699531639,0.302952653090591,1.098001166607477,-0.02703978313742711,0.7827777777777778,0.7601851851851852,0.9711379228767447,0.02259259259259261,0.8,0.93,1.1625,-0.13,0.6085806194501846,0.5249338582674541,0.862554346113913,0.08364676118273051,0.6131481481481482,0.6103896103896105,0.7601851851851852,0.302952653090591,0.5249338582674541,0.7077922077922078,0.7027879190175904,0.6131481481481482,0.6956521739130435,0.2962962962962963,0.4155844155844156,0.93
pima,outliers→imputation→label_noise→balance,"('outliers', 'imputation', 'label_noise', 'balance')",random_forest,42,613,885,154,1.1706719398498535,False,0.6818181818181818,0.7077922077922078,1.0380952380952382,-0.025974025974025983,0.6314814814814815,0.625925925925926,0.9912023460410557,0.005555555555555536,0.644750254841998,0.6875862068965517,1.0664380537004223,-0.042835952054553705,0.6314814814814815,0.625925925925926,0.9912023460410557,0.005555555555555536,0.6353003721424775,0.6289156626506024,0.9899500932600694,0.006384709491875085,0.5555555555555556,0.6551724137931034,1.1793103448275861,-0.09961685823754785,0.46296296296296297,0.35185185185185186,0.76,0.1111111111111111,0.5050505050505051,0.4578313253012048,0.9065060240963855,0.04721917974930029,0.2759128699531639,0.30738878830810074,1.1140791959442844,-0.03147591835493685,0.7827777777777778,0.7587037037037038,0.9692453276555477,0.024074074074074026,0.8,0.9,1.125,-0.09999999999999998,0.6085806194501846,0.5627314338711378,0.9246621004453465,0.045849185579046825,0.625925925925926,0.6289156626506024,0.7587037037037038,0.30738878830810074,0.5627314338711378,0.7077922077922078,0.6875862068965517,0.625925925925926,0.6551724137931034,0.35185185185185186,0.4578313253012048,0.9
pima,outliers→imputation→balance→label_noise,"('outliers', 'imputation', 'balance', 'label_noise')",random_forest,42,613,739,154,0.9470946788787842,False,0.6818181818181818,0.7402597402597403,1.0857142857142859,-0.05844155844155852,0.6314814814814815,0.6977777777777778,1.1049853372434018,-0.0662962962962963,0.644750254841998,0.7149758454106281,1.1089190582574326,-0.07022559056863009,0.6314814814814815,0.6977777777777778,1.1049853372434018,-0.0662962962962963,0.6353003721424775,0.7038461538461538,1.1078950756356611,-0.06854578170367631,0.5555555555555556,0.6521739130434783,1.1739130434782608,-0.09661835748792269,0.46296296296296297,0.5555555555555556,1.2,-0.09259259259259262,0.5050505050505051,0.6,1.188,-0.0949494949494949,0.2759128699531639,0.4123951744684367,1.4946572609622764,-0.13648230451527282,0.7827777777777778,0.7692592592592593,0.9827300686065769,0.013518518518518485,0.8,0.84,1.0499999999999998,-0.039999999999999925,0.6085806194501846,0.6831300510639732,1.1224972160321822,-0.07454943161378857,0.6977777777777778,0.7038461538461538,0.7692592592592593,0.4123951744684367,0.6831300510639732,0.7402597402597403,0.7149758454106281,0.6977777777777778,0.6521739130434783,0.5555555555555556,0.6,0.84
pima,outliers→label_noise→imputation→balance,"('outliers', 'label_noise', 'imputation', 'balance')",random_forest,42,613,898,154,0.9197511672973633,False,0.6818181818181818,0.7402597402597403,1.0857142857142859,-0.05844155844155852,0.6314814814814815,0.6594444444444445,1.0442815249266861,-0.027962962962962967,0.644750254841998,0.7440476190476191,1.154009034443817,-0.09929736420562107,0.6314814814814815,0.6594444444444445,1.0442815249266861,-0.027962962962962967,0.6353003721424775,0.6676019857543708,1.0508446319698506,-0.03230161361189332,0.5555555555555556,0.75,1.3499999999999999,-0.19444444444444442,0.46296296296296297,0.3888888888888889,0.84,0.07407407407407407,0.5050505050505051,0.5121951219512195,1.0141463414634146,-0.00714461690071444,0.2759128699531639,0.39452268394624423,1.4298814115239145,-0.11860981399308035,0.7827777777777778,0.7395370370370371,0.9447598769813107,0.04324074074074069,0.8,0.93,1.1625,-0.13,0.6085806194501846,0.6013872850889572,0.9881801455200363,0.007193334361227377,0.6594444444444445,0.6676019857543708,0.7395370370370371,0.39452268394624423,0.6013872850889572,0.7402597402597403,0.7440476190476191,0.6594444444444445,0.75,0.3888888888888889,0.5121951219512195,0.93
pima,outliers→label_noise→balance→imputation,"('outliers', 'label_noise', 'balance', 'imputation')",random_forest,42,613,898,154,0.7439141273498535,False,0.6818181818181818,0.7207792207792207,1.0571428571428572,-0.038961038961038974,0.6314814814814815,0.6274074074074074,0.9935483870967742,0.004074074074074119,0.644750254841998,0.7283438433455027,1.1296526645406137,-0.08359358850350473,0.6314814814814815,0.6274074074074074,0.9935483870967742,0.004074074074074119,0.6353003721424775,0.6277056277056277,0.9880454273759711,0.007594744436849821,0.5555555555555556,0.7391304347826086,1.3304347826086955,-0.18357487922705307,0.46296296296296297,0.3148148148148148,0.68,0.14814814814814814,0.5050505050505051,0.44155844155844154,0.8742857142857142,0.06349206349206354,0.2759128699531639,0.3411316290119912,1.2363744723828873,-0.06521875905882729,0.7827777777777778,0.7268518518518519,0.9285545303998107,0.055925925925925934,0.8,0.94,1.1749999999999998,-0.1399999999999999,0.6085806194501846,0.5439907406619399,0.8938679992034617,0.06458987878824474,0.6274074074074074,0.6277056277056277,0.7268518518518519,0.3411316290119912,0.5439907406619399,0.7207792207792207,0.7283438433455027,0.6274074074074074,0.7391304347826086,0.3148148148148148,0.44155844155844154,0.94
pima,outliers→balance→imputation→label_noise,"('outliers', 'balance', 'imputation', 'label_noise')",random_forest,42,613,739,154,0.78291916847229,False,0.6818181818181818,0.7467532467532467,1.0952380952380953,-0.06493506493506496,0.6314814814814815,0.707037037037037,1.1196480938416422,-0.07555555555555549,0.644750254841998,0.7223105985285345,1.1202951733699484,-0.07756034368653653,0.6314814814814815,0.707037037037037,1.1196480938416422,-0.07555555555555549,0.6353003721424775,0.7127277945185824,1.1218752983175342,-0.07742742237610489,0.5555555555555556,0.6595744680851063,1.1872340425531913,-0.10401891252955076,0.46296296296296297,0.5740740740740741,1.24,-0.1111111111111111,0.5050505050505051,0.6138613861386139,1.2154455445544554,-0.10881088108810877,0.2759128699531639,0.42907587963565635,1.5551136839267115,-0.15316300968249247,0.7827777777777778,0.775462962962963,0.9906553110953396,0.007314814814814774,0.8,0.84,1.0499999999999998,-0.039999999999999925,0.6085806194501846,0.6944222218666553,1.1410521460476728,-0.08584160241647065,0.707037037037037,0.7127277945185824,0.775462962962963,0.42907587963565635,0.6944222218666553,0.7467532467532467,0.7223105985285345,0.707037037037037,0.6595744680851063,0.5740740740740741,0.6138613861386139,0.84
pima,outliers→balance→label_noise→imputation,"('outliers', 'balance', 'label_noise', 'imputation')",random_forest,42,613,739,154,0.7350270748138428,False,0.6818181818181818,0.7467532467532467,1.0952380952380953,-0.06493506493506496,0.6314814814814815,0.707037037037037,1.1196480938416422,-0.07555555555555549,0.644750254841998,0.7223105985285345,1.1202951733699484,-0.07756034368653653,0.6314814814814815,0.707037037037037,1.1196480938416422,-0.07555555555555549,0.6353003721424775,0.7127277945185824,1.1218752983175342,-0.07742742237610489,0.5555555555555556,0.6595744680851063,1.1872340425531913,-0.10401891252955076,0.46296296296296297,0.5740740740740741,1.24,-0.1111111111111111,0.5050505050505051,0.6138613861386139,1.2154455445544554,-0.10881088108810877,0.2759128699531639,0.42907587963565635,1.5551136839267115,-0.15316300968249247,0.7827777777777778,0.775462962962963,0.9906553110953396,0.007314814814814774,0.8,0.84,1.0499999999999998,-0.039999999999999925,0.6085806194501846,0.6944222218666553,1.1410521460476728,-0.08584160241647065,0.707037037037037,0.7127277945185824,0.775462962962963,0.42907587963565635,0.6944222218666553,0.7467532467532467,0.7223105985285345,0.707037037037037,0.6595744680851063,0.5740740740740741,0.6138613861386139,0.84
pima,balance→imputation→label_noise→outliers,"('balance', 'imputation', 'label_noise', 'outliers')",random_forest,42,613,743,154,0.7748370170593262,False,0.6818181818181818,0.7272727272727273,1.0666666666666669,-0.045454545454545525,0.6314814814814815,0.675,1.0689149560117301,-0.04351851851851851,0.644750254841998,0.7008928571428572,1.0870765104460758,-0.05614260230085921,0.6314814814814815,0.675,1.0689149560117301,-0.04351851851851851,0.6353003721424775,0.6821933962264151,1.0738123667798214,-0.046893024083937584,0.5555555555555556,0.6428571428571429,1.1571428571428573,-0.08730158730158732,0.46296296296296297,0.5,1.08,-0.037037037037037035,0.5050505050505051,0.5625,1.11375,-0.05744949494949492,0.2759128699531639,0.375,1.3591247123182624,-0.09908713004683611,0.7827777777777778,0.7713888888888889,0.9854506742370476,0.011388888888888893,0.8,0.85,1.0625,-0.04999999999999993,0.6085806194501846,0.6519202405202649,1.0712142642814275,-0.04333962107008027,0.675,0.6821933962264151,0.7713888888888889,0.375,0.6519202405202649,0.7272727272727273,0.7008928571428572,0.675,0.6428571428571429,0.5,0.5625,0.85
pima,balance→imputation→outliers→label_noise,"('balance', 'imputation', 'outliers', 'label_noise')",random_forest,42,613,743,154,0.8072671890258789,False,0.6818181818181818,0.7207792207792207,1.0571428571428572,-0.038961038961038974,0.6314814814814815,0.6657407407407407,1.0542521994134897,-0.03425925925925921,0.644750254841998,0.6931793654219728,1.0751129762513127,-0.04842911057997479,0.6314814814814815,0.6657407407407407,1.0542521994134897,-0.03425925925925921,0.6353003721424775,0.6727452433901655,1.0589404207672812,-0.03744487124768803,0.5555555555555556,0.6341463414634146,1.1414634146341462,-0.07859078590785906,0.46296296296296297,0.48148148148148145,1.04,-0.01851851851851849,0.5050505050505051,0.5473684210526316,1.0837894736842106,-0.04231791600212653,0.2759128699531639,0.3578697591072149,1.2970390223839983,-0.08195688915405103,0.7827777777777778,0.7849074074074075,1.002720605630471,-0.0021296296296297035,0.8,0.85,1.0625,-0.04999999999999993,0.6085806194501846,0.6397337409104347,1.0511898020814316,-0.031153121460250066,0.6657407407407407,0.6727452433901655,0.7849074074074075,0.3578697591072149,0.6397337409104347,0.7207792207792207,0.6931793654219728,0.6657407407407407,0.6341463414634146,0.48148148148148145,0.5473684210526316,0.85
pima,balance→label_noise→imputation→outliers,"('balance', 'label_noise', 'imputation', 'outliers')",random_forest,42,613,743,154,0.7702407836914062,False,0.6818181818181818,0.7272727272727273,1.0666666666666669,-0.045454545454545525,0.6314814814814815,0.675,1.0689149560117301,-0.04351851851851851,0.644750254841998,0.7008928571428572,1.0870765104460758,-0.05614260230085921,0.6314814814814815,0.675,1.0689149560117301,-0.04351851851851851,0.6353003721424775,0.6821933962264151,1.0738123667798214,-0.046893024083937584,0.5555555555555556,0.6428571428571429,1.1571428571428573,-0.08730158730158732,0.46296296296296297,0.5,1.08,-0.037037037037037035,0.5050505050505051,0.5625,1.11375,-0.05744949494949492,0.2759128699531639,0.375,1.3591247123182624,-0.09908713004683611,0.7827777777777778,0.7713888888888889,0.9854506742370476,0.011388888888888893,0.8,0.85,1.0625,-0.04999999999999993,0.6085806194501846,0.6519202405202649,1.0712142642814275,-0.04333962107008027,0.675,0.6821933962264151,0.7713888888888889,0.375,0.6519202405202649,0.7272727272727273,0.7008928571428572,0.675,0.6428571428571429,0.5,0.5625,0.85
pima,balance→label_noise→outliers→imputation,"('balance', 'label_noise', 'outliers', 'imputation')",random_forest,42,613,743,154,0.7839851379394531,False,0.6818181818181818,0.7272727272727273,1.0666666666666669,-0.045454545454545525,0.6314814814814815,0.675,1.0689149560117301,-0.04351851851851851,0.644750254841998,0.7008928571428572,1.0870765104460758,-0.05614260230085921,0.6314814814814815,0.675,1.0689149560117301,-0.04351851851851851,0.6353003721424775,0.6821933962264151,1.0738123667798214,-0.046893024083937584,0.5555555555555556,0.6428571428571429,1.1571428571428573,-0.08730158730158732,0.46296296296296297,0.5,1.08,-0.037037037037037035,0.5050505050505051,0.5625,1.11375,-0.05744949494949492,0.2759128699531639,0.375,1.3591247123182624,-0.09908713004683611,0.7827777777777778,0.7713888888888889,0.9854506742370476,0.011388888888888893,0.8,0.85,1.0625,-0.04999999999999993,0.6085806194501846,0.6519202405202649,1.0712142642814275,-0.04333962107008027,0.675,0.6821933962264151,0.7713888888888889,0.375,0.6519202405202649,0.7272727272727273,0.7008928571428572,0.675,0.6428571428571429,0.5,0.5625,0.85
pima,balance→outliers→imputation→label_noise,"('balance', 'outliers', 'imputation', 'label_noise')",random_forest,42,613,743,154,0.7622997760772705,False,0.6818181818181818,0.7207792207792207,1.0571428571428572,-0.038961038961038974,0.6314814814814815,0.6657407407407407,1.0542521994134897,-0.03425925925925921,0.644750254841998,0.6931793654219728,1.0751129762513127,-0.04842911057997479,0.6314814814814815,0.6657407407407407,1.0542521994134897,-0.03425925925925921,0.6353003721424775,0.6727452433901655,1.0589404207672812,-0.03744487124768803,0.5555555555555556,0.6341463414634146,1.1414634146341462,-0.07859078590785906,0.46296296296296297,0.48148148148148145,1.04,-0.01851851851851849,0.5050505050505051,0.5473684210526316,1.0837894736842106,-0.04231791600212653,0.2759128699531639,0.3578697591072149,1.2970390223839983,-0.08195688915405103,0.7827777777777778,0.7849074074074075,1.002720605630471,-0.0021296296296297035,0.8,0.85,1.0625,-0.04999999999999993,0.6085806194501846,0.6397337409104347,1.0511898020814316,-0.031153121460250066,0.6657407407407407,0.6727452433901655,0.7849074074074075,0.3578697591072149,0.6397337409104347,0.7207792207792207,0.6931793654219728,0.6657407407407407,0.6341463414634146,0.48148148148148145,0.5473684210526316,0.85
pima,balance→outliers→label_noise→imputation,"('balance', 'outliers', 'label_noise', 'imputation')",random_forest,42,613,743,154,0.7409060001373291,False,0.6818181818181818,0.7207792207792207,1.0571428571428572,-0.038961038961038974,0.6314814814814815,0.6657407407407407,1.0542521994134897,-0.03425925925925921,0.644750254841998,0.6931793654219728,1.0751129762513127,-0.04842911057997479,0.6314814814814815,0.6657407407407407,1.0542521994134897,-0.03425925925925921,0.6353003721424775,0.6727452433901655,1.0589404207672812,-0.03744487124768803,0.5555555555555556,0.6341463414634146,1.1414634146341462,-0.07859078590785906,0.46296296296296297,0.48148148148148145,1.04,-0.01851851851851849,0.5050505050505051,0.5473684210526316,1.0837894736842106,-0.04231791600212653,0.2759128699531639,0.3578697591072149,1.2970390223839983,-0.08195688915405103,0.7827777777777778,0.7849074074074075,1.002720605630471,-0.0021296296296297035,0.8,0.85,1.0625,-0.04999999999999993,0.6085806194501846,0.6397337409104347,1.0511898020814316,-0.031153121460250066,0.6657407407407407,0.6727452433901655,0.7849074074074075,0.3578697591072149,0.6397337409104347,0.7207792207792207,0.6931793654219728,0.6657407407407407,0.6341463414634146,0.48148148148148145,0.5473684210526316,0.85
pima,imputation→label_noise→outliers→balance,"('imputation', 'label_noise', 'outliers', 'balance')",random_forest,43,613,867,154,0.7985131740570068,False,0.8311688311688312,0.7857142857142857,0.9453124999999999,0.045454545454545525,0.8018518518518518,0.7157407407407407,0.8926096997690531,0.08611111111111114,0.8203616352201257,0.8055337004982953,0.9819251241340026,0.014827934721830416,0.8018518518518518,0.7157407407407407,0.8926096997690531,0.08611111111111114,0.8094422234913383,0.731891321551042,0.9041921712388578,0.07755090194029635,0.7916666666666666,0.8387096774193549,1.0594227504244482,-0.04704301075268824,0.7037037037037037,0.48148148148148145,0.6842105263157894,0.22222222222222227,0.7450980392156863,0.611764705882353,0.8210526315789474,0.1333333333333333,0.6219381089898975,0.5134824899322735,0.8256167012602443,0.10845561905762402,0.882962962962963,0.8225925925925928,0.9316275167785237,0.060370370370370185,0.9,0.95,1.0555555555555556,-0.04999999999999993,0.7958224257542215,0.67631901304592,0.8498365855987974,0.11950341270830145,0.7157407407407407,0.731891321551042,0.8225925925925928,0.5134824899322735,0.67631901304592,0.7857142857142857,0.8055337004982953,0.7157407407407407,0.8387096774193549,0.48148148148148145,0.611764705882353,0.95
pima,imputation→label_noise→balance→outliers,"('imputation', 'label_noise', 'balance', 'outliers')",random_forest,43,613,853,154,0.7579851150512695,False,0.8311688311688312,0.7987012987012987,0.9609374999999999,0.032467532467532534,0.8018518518518518,0.7342592592592592,0.915704387990762,0.06759259259259265,0.8203616352201257,0.8168044077134986,0.9956638300062964,0.0035572275066271253,0.8018518518518518,0.7342592592592592,0.915704387990762,0.06759259259259265,0.8094422234913383,0.7517033338534354,0.9286683002662501,0.05773888963790297,0.7916666666666666,0.8484848484848485,1.0717703349282297,-0.05681818181818188,0.7037037037037037,0.5185185185185185,0.7368421052631579,0.18518518518518523,0.7450980392156863,0.6436781609195402,0.8638838475499092,0.10141987829614607,0.6219381089898975,0.5448462751310045,0.8760458110790164,0.07709183385889307,0.882962962962963,0.8337037037037037,0.9442114093959731,0.049259259259259225,0.9,0.95,1.0555555555555556,-0.04999999999999993,0.7958224257542215,0.701849408771278,0.8819171036881968,0.09397301698294347,0.7342592592592592,0.7517033338534354,0.8337037037037037,0.5448462751310045,0.701849408771278,0.7987012987012987,0.8168044077134986,0.7342592592592592,0.8484848484848485,0.5185185185185185,0.6436781609195402,0.95
pima,imputation→outliers→label_noise→balance,"('imputation', 'outliers', 'label_noise', 'balance')",random_forest,43,613,862,154,0.7441220283508301,False,0.8311688311688312,0.7792207792207793,0.9375,0.051948051948051965,0.8018518518518518,0.7150000000000001,0.8916859122401849,0.08685185185185174,0.8203616352201257,0.7845588235294118,0.956357281772316,0.035802811690713976,0.8018518518518518,0.7150000000000001,0.8916859122401849,0.08685185185185174,0.8094422234913383,0.7295454545454545,0.9012940434447959,0.07989676894588382,0.7916666666666666,0.7941176470588235,1.0030959752321982,-0.002450980392156854,0.7037037037037037,0.5,0.7105263157894737,0.20370370370370372,0.7450980392156863,0.6136363636363636,0.8235645933014354,0.13146167557932265,0.6219381089898975,0.4946924178065539,0.7954045758829508,0.12724569118334367,0.882962962962963,0.8520370370370369,0.964974832214765,0.030925925925926023,0.9,0.93,1.0333333333333334,-0.030000000000000027,0.7958224257542215,0.6819090848492928,0.8568608558662191,0.11391334090492866,0.7150000000000001,0.7295454545454545,0.8520370370370369,0.4946924178065539,0.6819090848492928,0.7792207792207793,0.7845588235294118,0.7150000000000001,0.7941176470588235,0.5,0.6136363636363636,0.93
pima,imputation→outliers→balance→label_noise,"('imputation', 'outliers', 'balance', 'label_noise')",random_forest,43,613,748,154,0.7899961471557617,False,0.8311688311688312,0.7987012987012987,0.9609374999999999,0.032467532467532534,0.8018518518518518,0.7640740740740741,0.9528868360277137,0.03777777777777769,0.8203616352201257,0.7835553788029429,0.9551341081335347,0.036806256417182825,0.8018518518518518,0.7640740740740741,0.9528868360277137,0.03777777777777769,0.8094422234913383,0.7716554264122064,0.9533174870515805,0.037786797079131906,0.7916666666666666,0.7446808510638298,0.9406494960806271,0.04698581560283688,0.7037037037037037,0.6481481481481481,0.9210526315789473,0.05555555555555558,0.7450980392156863,0.693069306930693,0.9301719645648775,0.05202873228499327,0.6219381089898975,0.5472828303760697,0.8799634922917379,0.07465527861382781,0.882962962962963,0.8607407407407407,0.9748322147651006,0.022222222222222254,0.9,0.88,0.9777777777777777,0.020000000000000018,0.7958224257542215,0.7552286874651746,0.9489914621963874,0.04059373828904689,0.7640740740740741,0.7716554264122064,0.8607407407407407,0.5472828303760697,0.7552286874651746,0.7987012987012987,0.7835553788029429,0.7640740740740741,0.7446808510638298,0.6481481481481481,0.693069306930693,0.88
pima,imputation→balance→label_noise→outliers,"('imputation', 'balance', 'label_noise', 'outliers')",random_forest,43,613,743,154,0.766895055770874,False,0.8311688311688312,0.7922077922077922,0.953125,0.038961038961038974,0.8018518518518518,0.7761111111111111,0.9678983833718245,0.02574074074074073,0.8203616352201257,0.7716836734693877,0.9406628008175,0.04867796175073802,0.8018518518518518,0.7761111111111111,0.9678983833718245,0.02574074074074073,0.8094422234913383,0.7737373737373737,0.9558895635565438,0.035704849753964596,0.7916666666666666,0.6964285714285714,0.8796992481203008,0.09523809523809523,0.7037037037037037,0.7222222222222222,1.026315789473684,-0.01851851851851849,0.7450980392156863,0.7090909090909091,0.9516746411483253,0.03600713012477719,0.6219381089898975,0.5477768923654263,0.8807578832161965,0.07416121662447128,0.882962962962963,0.8503703703703704,0.9630872483221478,0.032592592592592506,0.9,0.83,0.9222222222222222,0.07000000000000006,0.7958224257542215,0.7742379766224623,0.9728778073685181,0.021584449131759165,0.7761111111111111,0.7737373737373737,0.8503703703703704,0.5477768923654263,0.7742379766224623,0.7922077922077922,0.7716836734693877,0.7761111111111111,0.6964285714285714,0.7222222222222222,0.7090909090909091,0.83
pima,imputation→balance→outliers→label_noise,"('imputation', 'balance', 'outliers', 'label_noise')",random_forest,43,613,743,154,0.8432149887084961,False,0.8311688311688312,0.7922077922077922,0.953125,0.038961038961038974,0.8018518518518518,0.7803703703703704,0.9732101616628176,0.021481481481481435,0.8203616352201257,0.7719109195402298,0.9409398080068734,0.048450715679895895,0.8018518518518518,0.7803703703703704,0.9732101616628176,0.021481481481481435,0.8094422234913383,0.7755102040816326,0.9580797511855165,0.033932019409705694,0.7916666666666666,0.6896551724137931,0.8711433756805809,0.10201149425287348,0.7037037037037037,0.7407407407407407,1.0526315789473684,-0.03703703703703698,0.7450980392156863,0.7142857142857143,0.9586466165413534,0.03081232492997199,0.6219381089898975,0.5522164981933888,0.8878962234526117,0.06972161079650874,0.882962962962963,0.8542592592592593,0.9674916107382551,0.028703703703703676,0.9,0.82,0.911111111111111,0.08000000000000007,0.7958224257542215,0.7793634629666747,0.9793182973300254,0.01645896278754677,0.7803703703703704,0.7755102040816326,0.8542592592592593,0.5522164981933888,0.7793634629666747,0.7922077922077922,0.7719109195402298,0.7803703703703704,0.6896551724137931,0.7407407407407407,0.7142857142857143,0.82
pima,label_noise→imputation→outliers→balance,"('label_noise', 'imputation', 'outliers', 'balance')",random_forest,43,613,869,154,0.9002411365509033,False,0.8311688311688312,0.7987012987012987,0.9609374999999999,0.032467532467532534,0.8018518518518518,0.7342592592592592,0.915704387990762,0.06759259259259265,0.8203616352201257,0.8168044077134986,0.9956638300062964,0.0035572275066271253,0.8018518518518518,0.7342592592592592,0.915704387990762,0.06759259259259265,0.8094422234913383,0.7517033338534354,0.9286683002662501,0.05773888963790297,0.7916666666666666,0.8484848484848485,1.0717703349282297,-0.05681818181818188,0.7037037037037037,0.5185185185185185,0.7368421052631579,0.18518518518518523,0.7450980392156863,0.6436781609195402,0.8638838475499092,0.10141987829614607,0.6219381089898975,0.5448462751310045,0.8760458110790164,0.07709183385889307,0.882962962962963,0.8393518518518519,0.9506082214765101,0.043611111111111045,0.9,0.95,1.0555555555555556,-0.04999999999999993,0.7958224257542215,0.701849408771278,0.8819171036881968,0.09397301698294347,0.7342592592592592,0.7517033338534354,0.8393518518518519,0.5448462751310045,0.701849408771278,0.7987012987012987,0.8168044077134986,0.7342592592592592,0.8484848484848485,0.5185185185185185,0.6436781609195402,0.95
pima,label_noise→imputation→balance→outliers,"('label_noise', 'imputation', 'balance', 'outliers')",random_forest,43,613,859,154,0.7573139667510986,False,0.8311688311688312,0.7792207792207793,0.9375,0.051948051948051965,0.8018518518518518,0.7064814814814815,0.8810623556581987,0.09537037037037033,0.8203616352201257,0.799731182795699,0.9748520024112403,0.020630452424426737,0.8018518518518518,0.7064814814814815,0.8810623556581987,0.09537037037037033,0.8094422234913383,0.7217261904761905,0.8916339789678807,0.08771603301514785,0.7916666666666666,0.8333333333333334,1.0526315789473686,-0.04166666666666674,0.7037037037037037,0.46296296296296297,0.6578947368421052,0.24074074074074076,0.7450980392156863,0.5952380952380952,0.7988721804511278,0.14985994397759106,0.6219381089898975,0.4975497509590479,0.7999988162280789,0.12438835803084963,0.882962962962963,0.8385185185185186,0.9496644295302014,0.0444444444444444,0.9,0.95,1.0555555555555556,-0.04999999999999993,0.7958224257542215,0.6631853547951845,0.8333333333333333,0.13263707095903698,0.7064814814814815,0.7217261904761905,0.8385185185185186,0.4975497509590479,0.6631853547951845,0.7792207792207793,0.799731182795699,0.7064814814814815,0.8333333333333334,0.46296296296296297,0.5952380952380952,0.95
pima,label_noise→outliers→imputation→balance,"('label_noise', 'outliers', 'imputation', 'balance')",random_forest,43,613,869,154,0.743582010269165,False,0.8311688311688312,0.7922077922077922,0.953125,0.038961038961038974,0.8018518518518518,0.725,0.9041570438799076,0.07685185185185184,0.8203616352201257,0.811219262295082,0.9888556795777138,0.009142372925043718,0.8018518518518518,0.725,0.9041570438799076,0.07685185185185184,0.8094422234913383,0.7418814163000209,0.9165341203725329,0.0675608071913174,0.7916666666666666,0.84375,1.0657894736842106,-0.05208333333333337,0.7037037037037037,0.5,0.7105263157894737,0.20370370370370372,0.7450980392156863,0.627906976744186,0.8427172582619339,0.11719106247150024,0.6219381089898975,0.5292422281579331,0.8509564223640939,0.09269588083196445,0.882962962962963,0.843148148148148,0.9549077181208052,0.03981481481481497,0.9,0.95,1.0555555555555556,-0.04999999999999993,0.7958224257542215,0.689202437604511,0.8660254037844386,0.10661998814971041,0.725,0.7418814163000209,0.843148148148148,0.5292422281579331,0.689202437604511,0.7922077922077922,0.811219262295082,0.725,0.84375,0.5,0.627906976744186,0.95
pima,label_noise→outliers→balance→imputation,"('label_noise', 'outliers', 'balance', 'imputation')",random_forest,43,613,869,154,0.7462220191955566,False,0.8311688311688312,0.7662337662337663,0.921875,0.06493506493506496,0.8018518518518518,0.6922222222222222,0.8632794457274827,0.10962962962962963,0.8203616352201257,0.7790322580645161,0.9496205388194199,0.04132937715560958,0.8018518518518518,0.6922222222222222,0.8632794457274827,0.10962962962962963,0.8094422234913383,0.7053571428571428,0.871411352640774,0.10408508063419553,0.7916666666666666,0.8,1.0105263157894737,-0.008333333333333415,0.7037037037037037,0.4444444444444444,0.631578947368421,0.2592592592592593,0.7450980392156863,0.5714285714285714,0.7669172932330827,0.1736694677871149,0.6219381089898975,0.46318981300044104,0.7447522612060501,0.1587482959894565,0.882962962962963,0.8512962962962963,0.9641359060402686,0.03166666666666662,0.9,0.94,1.0444444444444443,-0.039999999999999925,0.7958224257542215,0.6463573143221771,0.8121878617703033,0.14946511143204433,0.6922222222222222,0.7053571428571428,0.8512962962962963,0.46318981300044104,0.6463573143221771,0.7662337662337663,0.7790322580645161,0.6922222222222222,0.8,0.4444444444444444,0.5714285714285714,0.94
pima,label_noise→balance→imputation→outliers,"('label_noise', 'balance', 'imputation', 'outliers')",random_forest,43,613,857,154,0.7569782733917236,False,0.8311688311688312,0.7792207792207793,0.9375,0.051948051948051965,0.8018518518518518,0.7022222222222222,0.8757505773672055,0.09962962962962962,0.8203616352201257,0.8095238095238095,0.9867889657060717,0.010837825696316195,0.8018518518518518,0.7022222222222222,0.8757505773672055,0.09962962962962962,0.8094422234913383,0.7174616878912152,0.8863655330415224,0.09198053560012309,0.7916666666666666,0.8571428571428571,1.0827067669172932,-0.06547619047619047,0.7037037037037037,0.4444444444444444,0.631578947368421,0.2592592592592593,0.7450980392156863,0.5853658536585366,0.7856225930680358,0.15973218555714974,0.6219381089898975,0.5003702332976756,0.8045338049960263,0.12156787569222194,0.882962962962963,0.83,0.9400167785234899,0.05296296296296299,0.9,0.96,1.0666666666666667,-0.05999999999999994,0.7958224257542215,0.6531972647421808,0.8207826816681232,0.1426251610120407,0.7022222222222222,0.7174616878912152,0.83,0.5003702332976756,0.6531972647421808,0.7792207792207793,0.8095238095238095,0.7022222222222222,0.8571428571428571,0.4444444444444444,0.5853658536585366,0.96
pima,label_noise→balance→outliers→imputation,"('label_noise', 'balance', 'outliers', 'imputation')",random_forest,43,613,857,154,0.7499041557312012,False,0.8311688311688312,0.7792207792207793,0.9375,0.051948051948051965,0.8018518518518518,0.7022222222222222,0.8757505773672055,0.09962962962962962,0.8203616352201257,0.8095238095238095,0.9867889657060717,0.010837825696316195,0.8018518518518518,0.7022222222222222,0.8757505773672055,0.09962962962962962,0.8094422234913383,0.7174616878912152,0.8863655330415224,0.09198053560012309,0.7916666666666666,0.8571428571428571,1.0827067669172932,-0.06547619047619047,0.7037037037037037,0.4444444444444444,0.631578947368421,0.2592592592592593,0.7450980392156863,0.5853658536585366,0.7856225930680358,0.15973218555714974,0.6219381089898975,0.5003702332976756,0.8045338049960263,0.12156787569222194,0.882962962962963,0.83,0.9400167785234899,0.05296296296296299,0.9,0.96,1.0666666666666667,-0.05999999999999994,0.7958224257542215,0.6531972647421808,0.8207826816681232,0.1426251610120407,0.7022222222222222,0.7174616878912152,0.83,0.5003702332976756,0.6531972647421808,0.7792207792207793,0.8095238095238095,0.7022222222222222,0.8571428571428571,0.4444444444444444,0.5853658536585366,0.96
pima,outliers→imputation→label_noise→balance,"('outliers', 'imputation', 'label_noise', 'balance')",random_forest,43,613,865,154,0.7710793018341064,False,0.8311688311688312,0.8051948051948052,0.96875,0.025974025974025983,0.8018518518518518,0.7435185185185185,0.9272517321016166,0.05833333333333335,0.8203616352201257,0.8223039215686274,1.0023675977338709,-0.0019422863485016872,0.8018518518518518,0.7435185185185185,0.9272517321016166,0.05833333333333335,0.8094422234913383,0.7613636363636364,0.9406028179252544,0.048078587127701966,0.7916666666666666,0.8529411764705882,1.0773993808049536,-0.06127450980392157,0.7037037037037037,0.5370370370370371,0.7631578947368421,0.16666666666666663,0.7450980392156863,0.6590909090909091,0.8845693779904306,0.08600713012477723,0.6219381089898975,0.5603105335190511,0.900910436938915,0.06162757547084641,0.882962962962963,0.8122222222222222,0.9198825503355704,0.07074074074074077,0.9,0.95,1.0555555555555556,-0.04999999999999993,0.7958224257542215,0.7142724866500075,0.8975274678557507,0.08154993910421393,0.7435185185185185,0.7613636363636364,0.8122222222222222,0.5603105335190511,0.7142724866500075,0.8051948051948052,0.8223039215686274,0.7435185185185185,0.8529411764705882,0.5370370370370371,0.6590909090909091,0.95
pima,outliers→imputation→balance→label_noise,"('outliers', 'imputation', 'balance', 'label_noise')",random_forest,43,613,748,154,0.8079512119293213,False,0.8311688311688312,0.8051948051948052,0.96875,0.025974025974025983,0.8018518518518518,0.7733333333333333,0.9644341801385682,0.0285185185185185,0.8203616352201257,0.7900943396226415,0.9631049353138477,0.0302672955974842,0.8018518518518518,0.7733333333333333,0.9644341801385682,0.0285185185185185,0.8094422234913383,0.7801256424900057,0.9637817497648166,0.02931658100133261,0.7916666666666666,0.75,0.9473684210526316,0.04166666666666663,0.7037037037037037,0.6666666666666666,0.9473684210526315,0.03703703703703709,0.7450980392156863,0.7058823529411765,0.9473684210526316,0.039215686274509776,0.6219381089898975,0.563178312189625,0.905521472392638,0.058759796800272546,0.882962962962963,0.867037037037037,0.9819630872483222,0.0159259259259259,0.9,0.88,0.9777777777777777,0.020000000000000018,0.7958224257542215,0.7659416862050705,0.9624530063715757,0.029880739549150936,0.7733333333333333,0.7801256424900057,0.867037037037037,0.563178312189625,0.7659416862050705,0.8051948051948052,0.7900943396226415,0.7733333333333333,0.75,0.6666666666666666,0.7058823529411765,0.88
pima,outliers→label_noise→imputation→balance,"('outliers', 'label_noise', 'imputation', 'balance')",random_forest,43,613,860,154,0.7312412261962891,False,0.8311688311688312,0.7922077922077922,0.953125,0.038961038961038974,0.8018518518518518,0.7207407407407407,0.8988452655889145,0.08111111111111113,0.8203616352201257,0.8204301075268817,1.0000834660030604,-6.847230675599558e-05,0.8018518518518518,0.7207407407407407,0.8988452655889145,0.08111111111111113,0.8094422234913383,0.7380952380952381,0.9118566052949872,0.07134698539610018,0.7916666666666666,0.8666666666666667,1.0947368421052632,-0.07500000000000007,0.7037037037037037,0.48148148148148145,0.6842105263157894,0.22222222222222227,0.7450980392156863,0.6190476190476191,0.8308270676691729,0.12605042016806722,0.6219381089898975,0.5319096889176549,0.8552453712501077,0.09002842007224265,0.882962962962963,0.8331481481481482,0.9435822147651007,0.049814814814814756,0.9,0.96,1.0666666666666667,-0.05999999999999994,0.7958224257542215,0.679869268479038,0.8542977006895832,0.11595315727518352,0.7207407407407407,0.7380952380952381,0.8331481481481482,0.5319096889176549,0.679869268479038,0.7922077922077922,0.8204301075268817,0.7207407407407407,0.8666666666666667,0.48148148148148145,0.6190476190476191,0.96
pima,outliers→label_noise→balance→imputation,"('outliers', 'label_noise', 'balance', 'imputation')",random_forest,43,613,860,154,0.7320539951324463,False,0.8311688311688312,0.7727272727272727,0.9296874999999999,0.05844155844155852,0.8018518518518518,0.6972222222222222,0.8695150115473441,0.10462962962962963,0.8203616352201257,0.7937931034482759,0.9676136344860633,0.026568531771849813,0.8018518518518518,0.6972222222222222,0.8695150115473441,0.10462962962962963,0.8094422234913383,0.7113788487282463,0.8788506802374124,0.09806337476309201,0.7916666666666666,0.8275862068965517,1.045372050816697,-0.03591954022988508,0.7037037037037037,0.4444444444444444,0.631578947368421,0.2592592592592593,0.7450980392156863,0.5783132530120482,0.7761572606214331,0.16678478620363812,0.6219381089898975,0.4814250875707754,0.7740723403373171,0.14051302141912214,0.882962962962963,0.8135185185185185,0.9213506711409396,0.06944444444444442,0.9,0.95,1.0555555555555556,-0.04999999999999993,0.7958224257542215,0.6497862896539309,0.816496580927726,0.14603613610029054,0.6972222222222222,0.7113788487282463,0.8135185185185185,0.4814250875707754,0.6497862896539309,0.7727272727272727,0.7937931034482759,0.6972222222222222,0.8275862068965517,0.4444444444444444,0.5783132530120482,0.95
pima,outliers→balance→imputation→label_noise,"('outliers', 'balance', 'imputation', 'label_noise')",random_forest,43,613,748,154,0.7850050926208496,False,0.8311688311688312,0.8116883116883117,0.9765624999999999,0.019480519480519543,0.8018518518518518,0.7868518518518519,0.9812933025404158,0.014999999999999902,0.8203616352201257,0.7948791166952218,0.9689374570544536,0.025482518524903908,0.8018518518518518,0.7868518518518519,0.9812933025404158,0.014999999999999902,0.8094422234913383,0.7904761904761904,0.9765690095417282,0.018966033015147876,0.7916666666666666,0.7450980392156863,0.9411764705882354,0.04656862745098034,0.7037037037037037,0.7037037037037037,1.0,0.0,0.7450980392156863,0.7238095238095238,0.9714285714285714,0.0212885154061625,0.6219381089898975,0.5816755820780607,0.9352628077780472,0.04026252691183685,0.882962962962963,0.8666666666666667,0.9815436241610739,0.016296296296296253,0.9,0.87,0.9666666666666667,0.030000000000000027,0.7958224257542215,0.7824463062870335,0.983192080250175,0.013376119467187975,0.7868518518518519,0.7904761904761904,0.8666666666666667,0.5816755820780607,0.7824463062870335,0.8116883116883117,0.7948791166952218,0.7868518518518519,0.7450980392156863,0.7037037037037037,0.7238095238095238,0.87
pima,outliers→balance→label_noise→imputation,"('outliers', 'balance', 'label_noise', 'imputation')",random_forest,43,613,748,154,0.8122351169586182,False,0.8311688311688312,0.8116883116883117,0.9765624999999999,0.019480519480519543,0.8018518518518518,0.7868518518518519,0.9812933025404158,0.014999999999999902,0.8203616352201257,0.7948791166952218,0.9689374570544536,0.025482518524903908,0.8018518518518518,0.7868518518518519,0.9812933025404158,0.014999999999999902,0.8094422234913383,0.7904761904761904,0.9765690095417282,0.018966033015147876,0.7916666666666666,0.7450980392156863,0.9411764705882354,0.04656862745098034,0.7037037037037037,0.7037037037037037,1.0,0.0,0.7450980392156863,0.7238095238095238,0.9714285714285714,0.0212885154061625,0.6219381089898975,0.5816755820780607,0.9352628077780472,0.04026252691183685,0.882962962962963,0.8666666666666667,0.9815436241610739,0.016296296296296253,0.9,0.87,0.9666666666666667,0.030000000000000027,0.7958224257542215,0.7824463062870335,0.983192080250175,0.013376119467187975,0.7868518518518519,0.7904761904761904,0.8666666666666667,0.5816755820780607,0.7824463062870335,0.8116883116883117,0.7948791166952218,0.7868518518518519,0.7450980392156863,0.7037037037037037,0.7238095238095238,0.87
pima,balance→imputation→label_noise→outliers,"('balance', 'imputation', 'label_noise', 'outliers')",random_forest,43,613,743,154,0.7937939167022705,False,0.8311688311688312,0.8181818181818182,0.984375,0.012987012987012991,0.8018518518518518,0.8088888888888889,1.0087759815242494,-0.007037037037037064,0.8203616352201257,0.7995689655172413,0.9746542636683575,0.020792669702884403,0.8018518518518518,0.8088888888888889,1.0087759815242494,-0.007037037037037064,0.8094422234913383,0.8035714285714286,0.9927471106034135,0.0058707949199097165,0.7916666666666666,0.7241379310344828,0.9147005444646098,0.06752873563218387,0.7037037037037037,0.7777777777777778,1.1052631578947367,-0.07407407407407407,0.7450980392156863,0.75,1.006578947368421,-0.004901960784313708,0.6219381089898975,0.6083864722500479,0.9782106345567743,0.013551636739849604,0.882962962962963,0.8407407407407407,0.9521812080536912,0.04222222222222227,0.9,0.84,0.9333333333333332,0.06000000000000005,0.7958224257542215,0.8082903768654761,1.0156667501540164,-0.01246795111125465,0.8088888888888889,0.8035714285714286,0.8407407407407407,0.6083864722500479,0.8082903768654761,0.8181818181818182,0.7995689655172413,0.8088888888888889,0.7241379310344828,0.7777777777777778,0.75,0.84
pima,balance→imputation→outliers→label_noise,"('balance', 'imputation', 'outliers', 'label_noise')",random_forest,43,613,743,154,0.7420496940612793,False,0.8311688311688312,0.8051948051948052,0.96875,0.025974025974025983,0.8018518518518518,0.7946296296296296,0.9909930715935334,0.007222222222222241,0.8203616352201257,0.7857399425287357,0.9577970358376156,0.03462169269139004,0.8018518518518518,0.7946296296296296,0.9909930715935334,0.007222222222222241,0.8094422234913383,0.7895408163265306,0.975413430894465,0.019901407164807705,0.7916666666666666,0.7068965517241379,0.8929219600725953,0.08477011494252873,0.7037037037037037,0.7592592592592593,1.0789473684210527,-0.05555555555555558,0.7450980392156863,0.7321428571428571,0.9826127819548871,0.012955182072829197,0.6219381089898975,0.5803014852217183,0.9330534290046929,0.041636623768179226,0.882962962962963,0.8442592592592593,0.9561661073825504,0.038703703703703685,0.9,0.83,0.9222222222222222,0.07000000000000006,0.7958224257542215,0.7938420404496005,0.9975115236257082,0.0019803853046209685,0.7946296296296296,0.7895408163265306,0.8442592592592593,0.5803014852217183,0.7938420404496005,0.8051948051948052,0.7857399425287357,0.7946296296296296,0.7068965517241379,0.7592592592592593,0.7321428571428571,0.83
pima,balance→label_noise→imputation→outliers,"('balance', 'label_noise', 'imputation', 'outliers')",random_forest,43,613,743,154,0.7564630508422852,False,0.8311688311688312,0.8181818181818182,0.984375,0.012987012987012991,0.8018518518518518,0.8088888888888889,1.0087759815242494,-0.007037037037037064,0.8203616352201257,0.7995689655172413,0.9746542636683575,0.020792669702884403,0.8018518518518518,0.8088888888888889,1.0087759815242494,-0.007037037037037064,0.8094422234913383,0.8035714285714286,0.9927471106034135,0.0058707949199097165,0.7916666666666666,0.7241379310344828,0.9147005444646098,0.06752873563218387,0.7037037037037037,0.7777777777777778,1.1052631578947367,-0.07407407407407407,0.7450980392156863,0.75,1.006578947368421,-0.004901960784313708,0.6219381089898975,0.6083864722500479,0.9782106345567743,0.013551636739849604,0.882962962962963,0.8407407407407407,0.9521812080536912,0.04222222222222227,0.9,0.84,0.9333333333333332,0.06000000000000005,0.7958224257542215,0.8082903768654761,1.0156667501540164,-0.01246795111125465,0.8088888888888889,0.8035714285714286,0.8407407407407407,0.6083864722500479,0.8082903768654761,0.8181818181818182,0.7995689655172413,0.8088888888888889,0.7241379310344828,0.7777777777777778,0.75,0.84
pima,balance→label_noise→outliers→imputation,"('balance', 'label_noise', 'outliers', 'imputation')",random_forest,43,613,743,154,0.794503927230835,False,0.8311688311688312,0.8181818181818182,0.984375,0.012987012987012991,0.8018518518518518,0.8088888888888889,1.0087759815242494,-0.007037037037037064,0.8203616352201257,0.7995689655172413,0.9746542636683575,0.020792669702884403,0.8018518518518518,0.8088888888888889,1.0087759815242494,-0.007037037037037064,0.8094422234913383,0.8035714285714286,0.9927471106034135,0.0058707949199097165,0.7916666666666666,0.7241379310344828,0.9147005444646098,0.06752873563218387,0.7037037037037037,0.7777777777777778,1.1052631578947367,-0.07407407407407407,0.7450980392156863,0.75,1.006578947368421,-0.004901960784313708,0.6219381089898975,0.6083864722500479,0.9782106345567743,0.013551636739849604,0.882962962962963,0.8407407407407407,0.9521812080536912,0.04222222222222227,0.9,0.84,0.9333333333333332,0.06000000000000005,0.7958224257542215,0.8082903768654761,1.0156667501540164,-0.01246795111125465,0.8088888888888889,0.8035714285714286,0.8407407407407407,0.6083864722500479,0.8082903768654761,0.8181818181818182,0.7995689655172413,0.8088888888888889,0.7241379310344828,0.7777777777777778,0.75,0.84
pima,balance→outliers→imputation→label_noise,"('balance', 'outliers', 'imputation', 'label_noise')",random_forest,43,613,743,154,0.7811360359191895,False,0.8311688311688312,0.8051948051948052,0.96875,0.025974025974025983,0.8018518518518518,0.7946296296296296,0.9909930715935334,0.007222222222222241,0.8203616352201257,0.7857399425287357,0.9577970358376156,0.03462169269139004,0.8018518518518518,0.7946296296296296,0.9909930715935334,0.007222222222222241,0.8094422234913383,0.7895408163265306,0.975413430894465,0.019901407164807705,0.7916666666666666,0.7068965517241379,0.8929219600725953,0.08477011494252873,0.7037037037037037,0.7592592592592593,1.0789473684210527,-0.05555555555555558,0.7450980392156863,0.7321428571428571,0.9826127819548871,0.012955182072829197,0.6219381089898975,0.5803014852217183,0.9330534290046929,0.041636623768179226,0.882962962962963,0.8442592592592593,0.9561661073825504,0.038703703703703685,0.9,0.83,0.9222222222222222,0.07000000000000006,0.7958224257542215,0.7938420404496005,0.9975115236257082,0.0019803853046209685,0.7946296296296296,0.7895408163265306,0.8442592592592593,0.5803014852217183,0.7938420404496005,0.8051948051948052,0.7857399425287357,0.7946296296296296,0.7068965517241379,0.7592592592592593,0.7321428571428571,0.83
pima,balance→outliers→label_noise→imputation,"('balance', 'outliers', 'label_noise', 'imputation')",random_forest,43,613,743,154,0.7695620059967041,False,0.8311688311688312,0.8051948051948052,0.96875,0.025974025974025983,0.8018518518518518,0.7946296296296296,0.9909930715935334,0.007222222222222241,0.8203616352201257,0.7857399425287357,0.9577970358376156,0.03462169269139004,0.8018518518518518,0.7946296296296296,0.9909930715935334,0.007222222222222241,0.8094422234913383,0.7895408163265306,0.975413430894465,0.019901407164807705,0.7916666666666666,0.7068965517241379,0.8929219600725953,0.08477011494252873,0.7037037037037037,0.7592592592592593,1.0789473684210527,-0.05555555555555558,0.7450980392156863,0.7321428571428571,0.9826127819548871,0.012955182072829197,0.6219381089898975,0.5803014852217183,0.9330534290046929,0.041636623768179226,0.882962962962963,0.8442592592592593,0.9561661073825504,0.038703703703703685,0.9,0.83,0.9222222222222222,0.07000000000000006,0.7958224257542215,0.7938420404496005,0.9975115236257082,0.0019803853046209685,0.7946296296296296,0.7895408163265306,0.8442592592592593,0.5803014852217183,0.7938420404496005,0.8051948051948052,0.7857399425287357,0.7946296296296296,0.7068965517241379,0.7592592592592593,0.7321428571428571,0.83
pima,imputation→label_noise→outliers→balance,"('imputation', 'label_noise', 'outliers', 'balance')",random_forest,44,613,878,154,0.7412128448486328,False,0.7727272727272727,0.7207792207792207,0.9327731092436975,0.051948051948051965,0.7185185185185186,0.6274074074074074,0.8731958762886598,0.09111111111111114,0.7630992196209587,0.7283438433455027,0.9544549707537121,0.034755376275455996,0.7185185185185186,0.6274074074074074,0.8731958762886598,0.09111111111111114,0.730432608152038,0.6277056277056277,0.8593614533361195,0.10272698044641038,0.7435897435897436,0.7391304347826086,0.9940029985007496,0.004459308807134965,0.5370370370370371,0.3148148148148148,0.5862068965517241,0.22222222222222227,0.6236559139784946,0.44155844155844154,0.7080161218092252,0.18209747242005309,0.4795500044623094,0.3411316290119912,0.7113577850853773,0.1384183754503182,0.8483333333333334,0.7625925925925926,0.898930364549225,0.08574074074074078,0.9,0.94,1.0444444444444443,-0.039999999999999925,0.695221787153807,0.5439907406619399,0.7824707894857593,0.15123104649186714,0.6274074074074074,0.6277056277056277,0.7625925925925926,0.3411316290119912,0.5439907406619399,0.7207792207792207,0.7283438433455027,0.6274074074074074,0.7391304347826086,0.3148148148148148,0.44155844155844154,0.94
pima,imputation→label_noise→balance→outliers,"('imputation', 'label_noise', 'balance', 'outliers')",random_forest,44,613,866,154,0.7647197246551514,False,0.7727272727272727,0.7337662337662337,0.9495798319327731,0.038961038961038974,0.7185185185185186,0.6416666666666666,0.8930412371134019,0.07685185185185195,0.7630992196209587,0.7538997676734152,0.9879446188503337,0.009199451947543569,0.7185185185185186,0.6416666666666666,0.8930412371134019,0.07685185185185195,0.730432608152038,0.645021645021645,0.8830679761867711,0.08541096313039298,0.7435897435897436,0.782608695652174,1.0524737631184409,-0.039018952062430334,0.5370370370370371,0.3333333333333333,0.6206896551724137,0.20370370370370378,0.6236559139784946,0.4675324675324675,0.7496641289744738,0.1561234464460271,0.4795500044623094,0.37931060493339136,0.7909719557998744,0.10023939952891803,0.8483333333333334,0.767037037037037,0.9041693953285308,0.08129629629629642,0.9,0.95,1.0555555555555556,-0.04999999999999993,0.695221787153807,0.5627314338711378,0.8094272134003795,0.13249035328266923,0.6416666666666666,0.645021645021645,0.767037037037037,0.37931060493339136,0.5627314338711378,0.7337662337662337,0.7538997676734152,0.6416666666666666,0.782608695652174,0.3333333333333333,0.4675324675324675,0.95
pima,imputation→outliers→label_noise→balance,"('imputation', 'outliers', 'label_noise', 'balance')",random_forest,44,613,876,154,0.7397491931915283,False,0.7727272727272727,0.7207792207792207,0.9327731092436975,0.051948051948051965,0.7185185185185186,0.6231481481481481,0.8672680412371133,0.09537037037037044,0.7630992196209587,0.7380952380952381,0.9672336429093187,0.025003981525720587,0.7185185185185186,0.6231481481481481,0.8672680412371133,0.09537037037037044,0.730432608152038,0.6210586552217454,0.8502614043929339,0.10937395293029262,0.7435897435897436,0.7619047619047619,1.024630541871921,-0.01831501831501825,0.5370370370370371,0.2962962962962963,0.5517241379310344,0.2407407407407408,0.6236559139784946,0.4266666666666667,0.6841379310344828,0.19698924731182793,0.4795500044623094,0.3424674446093876,0.7141433456837849,0.13708255985292178,0.8483333333333334,0.7587037037037037,0.8943462126173324,0.08962962962962973,0.9,0.95,1.0555555555555556,-0.04999999999999993,0.695221787153807,0.5305482838361476,0.763135295296452,0.1646735033176594,0.6231481481481481,0.6210586552217454,0.7587037037037037,0.3424674446093876,0.5305482838361476,0.7207792207792207,0.7380952380952381,0.6231481481481481,0.7619047619047619,0.2962962962962963,0.4266666666666667,0.95
pima,imputation→outliers→balance→label_noise,"('imputation', 'outliers', 'balance', 'label_noise')",random_forest,44,613,748,154,0.745413064956665,False,0.7727272727272727,0.7402597402597403,0.957983193277311,0.03246753246753242,0.7185185185185186,0.7105555555555556,0.9889175257731959,0.00796296296296295,0.7630992196209587,0.714366515837104,0.9361384436901129,0.04873270378385475,0.7185185185185186,0.7105555555555556,0.9889175257731959,0.00796296296296295,0.730432608152038,0.7123108537268821,0.9751903813946599,0.018121754425155956,0.7435897435897436,0.6346153846153846,0.8534482758620688,0.10897435897435903,0.5370370370370371,0.6111111111111112,1.1379310344827587,-0.07407407407407407,0.6236559139784946,0.6226415094339622,0.9983734547820429,0.001014404544532388,0.4795500044623094,0.42490498154100403,0.8860493745953031,0.05464502292130535,0.8483333333333334,0.8098148148148149,0.9545950665793494,0.03851851851851851,0.9,0.81,0.9,0.08999999999999997,0.695221787153807,0.7035623639735145,1.0119970014948083,-0.008340576819707457,0.7105555555555556,0.7123108537268821,0.8098148148148149,0.42490498154100403,0.7035623639735145,0.7402597402597403,0.714366515837104,0.7105555555555556,0.6346153846153846,0.6111111111111112,0.6226415094339622,0.81
pima,imputation→balance→label_noise→outliers,"('imputation', 'balance', 'label_noise', 'outliers')",random_forest,44,613,743,154,0.7708981037139893,False,0.7727272727272727,0.7792207792207793,1.0084033613445378,-0.006493506493506551,0.7185185185185186,0.7405555555555556,1.0306701030927836,-0.022037037037037077,0.7630992196209587,0.7614734299516908,0.9978694911127343,0.001625789669267963,0.7185185185185186,0.7405555555555556,1.0306701030927836,-0.022037037037037077,0.730432608152038,0.7482692307692308,1.0244192584204566,-0.017836622617192766,0.7435897435897436,0.717391304347826,0.964767616191904,0.02619843924191756,0.5370370370370371,0.6111111111111112,1.1379310344827587,-0.07407407407407407,0.6236559139784946,0.66,1.0582758620689656,-0.036344086021505406,0.4795500044623094,0.5015930071484076,1.045966014974421,-0.022043002686098212,0.8483333333333334,0.8512962962962963,1.0034926871862038,-0.002962962962962945,0.9,0.87,0.9666666666666667,0.030000000000000027,0.695221787153807,0.7291547618075787,1.0488088481701516,-0.03393297465377165,0.7405555555555556,0.7482692307692308,0.8512962962962963,0.5015930071484076,0.7291547618075787,0.7792207792207793,0.7614734299516908,0.7405555555555556,0.717391304347826,0.6111111111111112,0.66,0.87
pima,imputation→balance→outliers→label_noise,"('imputation', 'balance', 'outliers', 'label_noise')",random_forest,44,613,743,154,0.8211441040039062,False,0.7727272727272727,0.7597402597402597,0.9831932773109243,0.012987012987012991,0.7185185185185186,0.7127777777777777,0.9920103092783504,0.005740740740740824,0.7630992196209587,0.7407291011942174,0.9706851771675866,0.022370118426741303,0.7185185185185186,0.7127777777777777,0.9920103092783504,0.005740740740740824,0.730432608152038,0.7216006253969804,0.9879085590422885,0.008831982755057588,0.7435897435897436,0.6976744186046512,0.9382518043303929,0.04591532498509243,0.5370370370370371,0.5555555555555556,1.0344827586206895,-0.01851851851851849,0.6236559139784946,0.6185567010309279,0.9918236757909705,0.005099212947566767,0.4795500044623094,0.45264468713792444,0.9438946573370336,0.026905317324384947,0.8483333333333334,0.7987037037037037,0.9414974896310848,0.04962962962962969,0.9,0.87,0.9666666666666667,0.030000000000000027,0.695221787153807,0.695221787153807,1.0,0.0,0.7127777777777777,0.7216006253969804,0.7987037037037037,0.45264468713792444,0.695221787153807,0.7597402597402597,0.7407291011942174,0.7127777777777777,0.6976744186046512,0.5555555555555556,0.6185567010309279,0.87
pima,label_noise→imputation→outliers→balance,"('label_noise', 'imputation', 'outliers', 'balance')",random_forest,44,613,862,154,0.7256209850311279,False,0.7727272727272727,0.7402597402597403,0.957983193277311,0.03246753246753242,0.7185185185185186,0.6551851851851851,0.9118556701030927,0.06333333333333346,0.7630992196209587,0.7518028846153846,0.9851967677136596,0.011296335005574143,0.7185185185185186,0.6551851851851851,0.9118556701030927,0.06333333333333346,0.730432608152038,0.6622807017543859,0.9066965170543613,0.06815190639765212,0.7435897435897436,0.7692307692307693,1.0344827586206897,-0.02564102564102566,0.5370370370370371,0.37037037037037035,0.689655172413793,0.16666666666666674,0.6236559139784946,0.5,0.8017241379310345,0.12365591397849462,0.4795500044623094,0.39535339775548806,0.8244258035171412,0.08419660670682133,0.8483333333333334,0.7724074074074074,0.9104998908535255,0.07592592592592595,0.9,0.94,1.0444444444444443,-0.039999999999999925,0.695221787153807,0.5900408021045224,0.8487087329643555,0.10518098504928464,0.6551851851851851,0.6622807017543859,0.7724074074074074,0.39535339775548806,0.5900408021045224,0.7402597402597403,0.7518028846153846,0.6551851851851851,0.7692307692307693,0.37037037037037035,0.5,0.94
pima,label_noise→imputation→balance→outliers,"('label_noise', 'imputation', 'balance', 'outliers')",random_forest,44,613,853,154,0.7614519596099854,False,0.7727272727272727,0.7337662337662337,0.9495798319327731,0.038961038961038974,0.7185185185185186,0.6459259259259259,0.8989690721649484,0.07259259259259265,0.7630992196209587,0.7443410852713178,0.9754184857390389,0.01875813434964091,0.7185185185185186,0.6459259259259259,0.8989690721649484,0.07259259259259265,0.730432608152038,0.6509866784589022,0.8912344153225437,0.0794459296931358,0.7435897435897436,0.76,1.0220689655172415,-0.016410256410256396,0.5370370370370371,0.35185185185185186,0.6551724137931034,0.18518518518518523,0.6236559139784946,0.4810126582278481,0.7712789175032737,0.1426432557506465,0.4795500044623094,0.37765433459693093,0.7875181546924852,0.10189566986537846,0.8483333333333334,0.7762962962962964,0.9150840427854181,0.07203703703703701,0.9,0.94,1.0444444444444443,-0.039999999999999925,0.695221787153807,0.5751006353158904,0.8272189478846962,0.1201211518379166,0.6459259259259259,0.6509866784589022,0.7762962962962964,0.37765433459693093,0.5751006353158904,0.7337662337662337,0.7443410852713178,0.6459259259259259,0.76,0.35185185185185186,0.4810126582278481,0.94
pima,label_noise→outliers→imputation→balance,"('label_noise', 'outliers', 'imputation', 'balance')",random_forest,44,613,862,154,0.7304439544677734,False,0.7727272727272727,0.7207792207792207,0.9327731092436975,0.051948051948051965,0.7185185185185186,0.6274074074074074,0.8731958762886598,0.09111111111111114,0.7630992196209587,0.7283438433455027,0.9544549707537121,0.034755376275455996,0.7185185185185186,0.6274074074074074,0.8731958762886598,0.09111111111111114,0.730432608152038,0.6277056277056277,0.8593614533361195,0.10272698044641038,0.7435897435897436,0.7391304347826086,0.9940029985007496,0.004459308807134965,0.5370370370370371,0.3148148148148148,0.5862068965517241,0.22222222222222227,0.6236559139784946,0.44155844155844154,0.7080161218092252,0.18209747242005309,0.4795500044623094,0.3411316290119912,0.7113577850853773,0.1384183754503182,0.8483333333333334,0.7755555555555556,0.914210870988867,0.07277777777777783,0.9,0.94,1.0444444444444443,-0.039999999999999925,0.695221787153807,0.5439907406619399,0.7824707894857593,0.15123104649186714,0.6274074074074074,0.6277056277056277,0.7755555555555556,0.3411316290119912,0.5439907406619399,0.7207792207792207,0.7283438433455027,0.6274074074074074,0.7391304347826086,0.3148148148148148,0.44155844155844154,0.94
pima,label_noise→outliers→balance→imputation,"('label_noise', 'outliers', 'balance', 'imputation')",random_forest,44,613,862,154,0.7452192306518555,False,0.7727272727272727,0.7142857142857143,0.9243697478991597,0.058441558441558406,0.7185185185185186,0.6181481481481481,0.8603092783505154,0.10037037037037044,0.7630992196209587,0.7196969696969697,0.9431237133939837,0.043402249923989,0.7185185185185186,0.6181481481481481,0.8603092783505154,0.10037037037037044,0.730432608152038,0.6156987295825771,0.8429233891135658,0.11473387856946093,0.7435897435897436,0.7272727272727273,0.9780564263322884,0.01631701631701632,0.5370370370370371,0.2962962962962963,0.5517241379310344,0.2407407407407408,0.6236559139784946,0.42105263157894735,0.6751361161524501,0.20260328239954728,0.4795500044623094,0.32222222222222224,0.6719262208818257,0.15732778224008714,0.8483333333333334,0.7757407407407408,0.9144291639380049,0.07259259259259254,0.9,0.94,1.0444444444444443,-0.039999999999999925,0.695221787153807,0.5277485372016852,0.7591081680024062,0.16747324995212176,0.6181481481481481,0.6156987295825771,0.7757407407407408,0.32222222222222224,0.5277485372016852,0.7142857142857143,0.7196969696969697,0.6181481481481481,0.7272727272727273,0.2962962962962963,0.42105263157894735,0.94
pima,label_noise→balance→imputation→outliers,"('label_noise', 'balance', 'imputation', 'outliers')",random_forest,44,613,853,154,0.7372927665710449,False,0.7727272727272727,0.7207792207792207,0.9327731092436975,0.051948051948051965,0.7185185185185186,0.6274074074074074,0.8731958762886598,0.09111111111111114,0.7630992196209587,0.7283438433455027,0.9544549707537121,0.034755376275455996,0.7185185185185186,0.6274074074074074,0.8731958762886598,0.09111111111111114,0.730432608152038,0.6277056277056277,0.8593614533361195,0.10272698044641038,0.7435897435897436,0.7391304347826086,0.9940029985007496,0.004459308807134965,0.5370370370370371,0.3148148148148148,0.5862068965517241,0.22222222222222227,0.6236559139784946,0.44155844155844154,0.7080161218092252,0.18209747242005309,0.4795500044623094,0.3411316290119912,0.7113577850853773,0.1384183754503182,0.8483333333333334,0.7801851851851852,0.9196681947173106,0.06814814814814818,0.9,0.94,1.0444444444444443,-0.039999999999999925,0.695221787153807,0.5439907406619399,0.7824707894857593,0.15123104649186714,0.6274074074074074,0.6277056277056277,0.7801851851851852,0.3411316290119912,0.5439907406619399,0.7207792207792207,0.7283438433455027,0.6274074074074074,0.7391304347826086,0.3148148148148148,0.44155844155844154,0.94
pima,label_noise→balance→outliers→imputation,"('label_noise', 'balance', 'outliers', 'imputation')",random_forest,44,613,853,154,0.8093008995056152,False,0.7727272727272727,0.7207792207792207,0.9327731092436975,0.051948051948051965,0.7185185185185186,0.6274074074074074,0.8731958762886598,0.09111111111111114,0.7630992196209587,0.7283438433455027,0.9544549707537121,0.034755376275455996,0.7185185185185186,0.6274074074074074,0.8731958762886598,0.09111111111111114,0.730432608152038,0.6277056277056277,0.8593614533361195,0.10272698044641038,0.7435897435897436,0.7391304347826086,0.9940029985007496,0.004459308807134965,0.5370370370370371,0.3148148148148148,0.5862068965517241,0.22222222222222227,0.6236559139784946,0.44155844155844154,0.7080161218092252,0.18209747242005309,0.4795500044623094,0.3411316290119912,0.7113577850853773,0.1384183754503182,0.8483333333333334,0.7801851851851852,0.9196681947173106,0.06814814814814818,0.9,0.94,1.0444444444444443,-0.039999999999999925,0.695221787153807,0.5439907406619399,0.7824707894857593,0.15123104649186714,0.6274074074074074,0.6277056277056277,0.7801851851851852,0.3411316290119912,0.5439907406619399,0.7207792207792207,0.7283438433455027,0.6274074074074074,0.7391304347826086,0.3148148148148148,0.44155844155844154,0.94
pima,outliers→imputation→label_noise→balance,"('outliers', 'imputation', 'label_noise', 'balance')",random_forest,44,613,878,154,0.7662410736083984,False,0.7727272727272727,0.7402597402597403,0.957983193277311,0.03246753246753242,0.7185185185185186,0.6466666666666666,0.8999999999999999,0.07185185185185194,0.7630992196209587,0.7727272727272727,1.0126170396440666,-0.009628053106313983,0.7185185185185186,0.6466666666666666,0.8999999999999999,0.07185185185185194,0.730432608152038,0.6506352087114338,0.8907532350691625,0.07979739944060427,0.7435897435897436,0.8181818181818182,1.1003134796238245,-0.07459207459207462,0.5370370370370371,0.3333333333333333,0.6206896551724137,0.20370370370370378,0.6236559139784946,0.47368421052631576,0.7595281306715063,0.14997170345217886,0.4795500044623094,0.4,0.8341153086808872,0.07955000446230936,0.8483333333333334,0.7817592592592594,0.9215236847849815,0.06657407407407401,0.9,0.96,1.0666666666666667,-0.05999999999999994,0.695221787153807,0.565685424949238,0.8136762043449725,0.129536362204569,0.6466666666666666,0.6506352087114338,0.7817592592592594,0.4,0.565685424949238,0.7402597402597403,0.7727272727272727,0.6466666666666666,0.8181818181818182,0.3333333333333333,0.47368421052631576,0.96
pima,outliers→imputation→balance→label_noise,"('outliers', 'imputation', 'balance', 'label_noise')",random_forest,44,613,748,154,0.7956209182739258,False,0.7727272727272727,0.7662337662337663,0.9915966386554622,0.00649350649350644,0.7185185185185186,0.7348148148148148,1.022680412371134,-0.016296296296296253,0.7630992196209587,0.7438461538461538,0.9747699050401754,0.0192530657748049,0.7185185185185186,0.7348148148148148,1.022680412371134,-0.016296296296296253,0.730432608152038,0.7386877828054299,1.0113017608486525,-0.008255174653391872,0.7435897435897436,0.68,0.9144827586206897,0.06358974358974356,0.5370370370370371,0.6296296296296297,1.1724137931034482,-0.09259259259259256,0.6236559139784946,0.6538461538461539,1.0484084880636604,-0.03019023986765923,0.4795500044623094,0.4785757597651158,0.9979684189591741,0.0009742446971935936,0.8483333333333334,0.8212962962962963,0.9681292294258895,0.02703703703703708,0.9,0.84,0.9333333333333332,0.06000000000000005,0.695221787153807,0.7272474743090476,1.046065425087369,-0.03202568715524057,0.7348148148148148,0.7386877828054299,0.8212962962962963,0.4785757597651158,0.7272474743090476,0.7662337662337663,0.7438461538461538,0.7348148148148148,0.68,0.6296296296296297,0.6538461538461539,0.84
pima,outliers→label_noise→imputation→balance,"('outliers', 'label_noise', 'imputation', 'balance')",random_forest,44,613,865,154,0.7253389358520508,False,0.7727272727272727,0.7402597402597403,0.957983193277311,0.03246753246753242,0.7185185185185186,0.6509259259259259,0.9059278350515463,0.06759259259259265,0.7630992196209587,0.7612179487179487,0.9975346968590212,0.001881270903010046,0.7185185185185186,0.6509259259259259,0.9059278350515463,0.06759259259259265,0.730432608152038,0.6566332218506131,0.8989648251217397,0.07379938630142491,0.7435897435897436,0.7916666666666666,1.064655172413793,-0.04807692307692302,0.5370370370370371,0.35185185185185186,0.6551724137931034,0.18518518518518523,0.6236559139784946,0.48717948717948717,0.7811671087533156,0.13647642679900746,0.4795500044623094,0.397112380964016,0.8280937905720057,0.08243762349829337,0.8483333333333334,0.7653703703703704,0.9022047587862911,0.08296296296296302,0.9,0.95,1.0555555555555556,-0.04999999999999993,0.695221787153807,0.5781515884776753,0.8316074081115762,0.11707019867613166,0.6509259259259259,0.6566332218506131,0.7653703703703704,0.397112380964016,0.5781515884776753,0.7402597402597403,0.7612179487179487,0.6509259259259259,0.7916666666666666,0.35185185185185186,0.48717948717948717,0.95
pima,outliers→label_noise→balance→imputation,"('outliers', 'label_noise', 'balance', 'imputation')",random_forest,44,613,865,154,0.7256901264190674,False,0.7727272727272727,0.7337662337662337,0.9495798319327731,0.038961038961038974,0.7185185185185186,0.6459259259259259,0.8989690721649484,0.07259259259259265,0.7630992196209587,0.7443410852713178,0.9754184857390389,0.01875813434964091,0.7185185185185186,0.6459259259259259,0.8989690721649484,0.07259259259259265,0.730432608152038,0.6509866784589022,0.8912344153225437,0.0794459296931358,0.7435897435897436,0.76,1.0220689655172415,-0.016410256410256396,0.5370370370370371,0.35185185185185186,0.6551724137931034,0.18518518518518523,0.6236559139784946,0.4810126582278481,0.7712789175032737,0.1426432557506465,0.4795500044623094,0.37765433459693093,0.7875181546924852,0.10189566986537846,0.8483333333333334,0.7781481481481481,0.9172669722767954,0.07018518518518524,0.9,0.94,1.0444444444444443,-0.039999999999999925,0.695221787153807,0.5751006353158904,0.8272189478846962,0.1201211518379166,0.6459259259259259,0.6509866784589022,0.7781481481481481,0.37765433459693093,0.5751006353158904,0.7337662337662337,0.7443410852713178,0.6459259259259259,0.76,0.35185185185185186,0.4810126582278481,0.94
pima,outliers→balance→imputation→label_noise,"('outliers', 'balance', 'imputation', 'label_noise')",random_forest,44,613,748,154,0.7845230102539062,False,0.7727272727272727,0.7597402597402597,0.9831932773109243,0.012987012987012991,0.7185185185185186,0.7255555555555555,1.0097938144329897,-0.007037037037036953,0.7630992196209587,0.736734693877551,0.965450723751882,0.026364525743407752,0.7185185185185186,0.7255555555555555,1.0097938144329897,-0.007037037037036953,0.730432608152038,0.7301444470755387,0.9996054925898936,0.0002881610764993159,0.7435897435897436,0.673469387755102,0.9057002111189303,0.0701203558346416,0.5370370370370371,0.6111111111111112,1.1379310344827587,-0.07407407407407407,0.6236559139784946,0.6407766990291263,1.0274522932708403,-0.017120785050631637,0.4795500044623094,0.4621550622759656,0.9637265310718791,0.017394942186343798,0.8483333333333334,0.8242592592592592,0.9716219166120934,0.024074074074074137,0.9,0.84,0.9333333333333332,0.06000000000000005,0.695221787153807,0.7164728420068226,1.0305673027596216,-0.021251054853015594,0.7255555555555555,0.7301444470755387,0.8242592592592592,0.4621550622759656,0.7164728420068226,0.7597402597402597,0.736734693877551,0.7255555555555555,0.673469387755102,0.6111111111111112,0.6407766990291263,0.84
pima,outliers→balance→label_noise→imputation,"('outliers', 'balance', 'label_noise', 'imputation')",random_forest,44,613,748,154,0.774522066116333,False,0.7727272727272727,0.7597402597402597,0.9831932773109243,0.012987012987012991,0.7185185185185186,0.7255555555555555,1.0097938144329897,-0.007037037037036953,0.7630992196209587,0.736734693877551,0.965450723751882,0.026364525743407752,0.7185185185185186,0.7255555555555555,1.0097938144329897,-0.007037037037036953,0.730432608152038,0.7301444470755387,0.9996054925898936,0.0002881610764993159,0.7435897435897436,0.673469387755102,0.9057002111189303,0.0701203558346416,0.5370370370370371,0.6111111111111112,1.1379310344827587,-0.07407407407407407,0.6236559139784946,0.6407766990291263,1.0274522932708403,-0.017120785050631637,0.4795500044623094,0.4621550622759656,0.9637265310718791,0.017394942186343798,0.8483333333333334,0.8242592592592592,0.9716219166120934,0.024074074074074137,0.9,0.84,0.9333333333333332,0.06000000000000005,0.695221787153807,0.7164728420068226,1.0305673027596216,-0.021251054853015594,0.7255555555555555,0.7301444470755387,0.8242592592592592,0.4621550622759656,0.7164728420068226,0.7597402597402597,0.736734693877551,0.7255555555555555,0.673469387755102,0.6111111111111112,0.6407766990291263,0.84
pima,balance→imputation→label_noise→outliers,"('balance', 'imputation', 'label_noise', 'outliers')",random_forest,44,613,743,154,0.833125114440918,False,0.7727272727272727,0.7792207792207793,1.0084033613445378,-0.006493506493506551,0.7185185185185186,0.7405555555555556,1.0306701030927836,-0.022037037037037077,0.7630992196209587,0.7614734299516908,0.9978694911127343,0.001625789669267963,0.7185185185185186,0.7405555555555556,1.0306701030927836,-0.022037037037037077,0.730432608152038,0.7482692307692308,1.0244192584204566,-0.017836622617192766,0.7435897435897436,0.717391304347826,0.964767616191904,0.02619843924191756,0.5370370370370371,0.6111111111111112,1.1379310344827587,-0.07407407407407407,0.6236559139784946,0.66,1.0582758620689656,-0.036344086021505406,0.4795500044623094,0.5015930071484076,1.045966014974421,-0.022043002686098212,0.8483333333333334,0.8435185185185186,0.9943243833224187,0.004814814814814827,0.9,0.87,0.9666666666666667,0.030000000000000027,0.695221787153807,0.7291547618075787,1.0488088481701516,-0.03393297465377165,0.7405555555555556,0.7482692307692308,0.8435185185185186,0.5015930071484076,0.7291547618075787,0.7792207792207793,0.7614734299516908,0.7405555555555556,0.717391304347826,0.6111111111111112,0.66,0.87
pima,balance→imputation→outliers→label_noise,"('balance', 'imputation', 'outliers', 'label_noise')",random_forest,44,613,743,154,0.7952530384063721,False,0.7727272727272727,0.7467532467532467,0.9663865546218487,0.025974025974025983,0.7185185185185186,0.7027777777777777,0.9780927835051545,0.015740740740740833,0.7630992196209587,0.7232415902140672,0.9477687456859288,0.039857629406891526,0.7185185185185186,0.7027777777777777,0.9780927835051545,0.015740740740740833,0.730432608152038,0.7097288676236044,0.9716555089444691,0.0207037405284336,0.7435897435897436,0.6666666666666666,0.8965517241379309,0.07692307692307698,0.5370370370370371,0.5555555555555556,1.0344827586206895,-0.01851851851851849,0.6236559139784946,0.6060606060606061,0.9717868338557994,0.017595307917888547,0.4795500044623094,0.42552759520945693,0.8873477035759294,0.054022409252852455,0.8483333333333334,0.7948148148148148,0.9369133376991922,0.05351851851851863,0.9,0.85,0.9444444444444444,0.050000000000000044,0.695221787153807,0.6871842709362768,0.988438917815802,0.008037516217530238,0.7027777777777777,0.7097288676236044,0.7948148148148148,0.42552759520945693,0.6871842709362768,0.7467532467532467,0.7232415902140672,0.7027777777777777,0.6666666666666666,0.5555555555555556,0.6060606060606061,0.85
pima,balance→label_noise→imputation→outliers,"('balance', 'label_noise', 'imputation', 'outliers')",random_forest,44,613,743,154,0.8098468780517578,False,0.7727272727272727,0.7792207792207793,1.0084033613445378,-0.006493506493506551,0.7185185185185186,0.7405555555555556,1.0306701030927836,-0.022037037037037077,0.7630992196209587,0.7614734299516908,0.9978694911127343,0.001625789669267963,0.7185185185185186,0.7405555555555556,1.0306701030927836,-0.022037037037037077,0.730432608152038,0.7482692307692308,1.0244192584204566,-0.017836622617192766,0.7435897435897436,0.717391304347826,0.964767616191904,0.02619843924191756,0.5370370370370371,0.6111111111111112,1.1379310344827587,-0.07407407407407407,0.6236559139784946,0.66,1.0582758620689656,-0.036344086021505406,0.4795500044623094,0.5015930071484076,1.045966014974421,-0.022043002686098212,0.8483333333333334,0.8435185185185186,0.9943243833224187,0.004814814814814827,0.9,0.87,0.9666666666666667,0.030000000000000027,0.695221787153807,0.7291547618075787,1.0488088481701516,-0.03393297465377165,0.7405555555555556,0.7482692307692308,0.8435185185185186,0.5015930071484076,0.7291547618075787,0.7792207792207793,0.7614734299516908,0.7405555555555556,0.717391304347826,0.6111111111111112,0.66,0.87
pima,balance→label_noise→outliers→imputation,"('balance', 'label_noise', 'outliers', 'imputation')",random_forest,44,613,743,154,0.8450107574462891,False,0.7727272727272727,0.7792207792207793,1.0084033613445378,-0.006493506493506551,0.7185185185185186,0.7405555555555556,1.0306701030927836,-0.022037037037037077,0.7630992196209587,0.7614734299516908,0.9978694911127343,0.001625789669267963,0.7185185185185186,0.7405555555555556,1.0306701030927836,-0.022037037037037077,0.730432608152038,0.7482692307692308,1.0244192584204566,-0.017836622617192766,0.7435897435897436,0.717391304347826,0.964767616191904,0.02619843924191756,0.5370370370370371,0.6111111111111112,1.1379310344827587,-0.07407407407407407,0.6236559139784946,0.66,1.0582758620689656,-0.036344086021505406,0.4795500044623094,0.5015930071484076,1.045966014974421,-0.022043002686098212,0.8483333333333334,0.8435185185185186,0.9943243833224187,0.004814814814814827,0.9,0.87,0.9666666666666667,0.030000000000000027,0.695221787153807,0.7291547618075787,1.0488088481701516,-0.03393297465377165,0.7405555555555556,0.7482692307692308,0.8435185185185186,0.5015930071484076,0.7291547618075787,0.7792207792207793,0.7614734299516908,0.7405555555555556,0.717391304347826,0.6111111111111112,0.66,0.87
pima,balance→outliers→imputation→label_noise,"('balance', 'outliers', 'imputation', 'label_noise')",random_forest,44,613,743,154,0.7917802333831787,False,0.7727272727272727,0.7467532467532467,0.9663865546218487,0.025974025974025983,0.7185185185185186,0.7027777777777777,0.9780927835051545,0.015740740740740833,0.7630992196209587,0.7232415902140672,0.9477687456859288,0.039857629406891526,0.7185185185185186,0.7027777777777777,0.9780927835051545,0.015740740740740833,0.730432608152038,0.7097288676236044,0.9716555089444691,0.0207037405284336,0.7435897435897436,0.6666666666666666,0.8965517241379309,0.07692307692307698,0.5370370370370371,0.5555555555555556,1.0344827586206895,-0.01851851851851849,0.6236559139784946,0.6060606060606061,0.9717868338557994,0.017595307917888547,0.4795500044623094,0.42552759520945693,0.8873477035759294,0.054022409252852455,0.8483333333333334,0.7948148148148148,0.9369133376991922,0.05351851851851863,0.9,0.85,0.9444444444444444,0.050000000000000044,0.695221787153807,0.6871842709362768,0.988438917815802,0.008037516217530238,0.7027777777777777,0.7097288676236044,0.7948148148148148,0.42552759520945693,0.6871842709362768,0.7467532467532467,0.7232415902140672,0.7027777777777777,0.6666666666666666,0.5555555555555556,0.6060606060606061,0.85
pima,balance→outliers→label_noise→imputation,"('balance', 'outliers', 'label_noise', 'imputation')",random_forest,44,613,743,154,0.8282520771026611,False,0.7727272727272727,0.7467532467532467,0.9663865546218487,0.025974025974025983,0.7185185185185186,0.7027777777777777,0.9780927835051545,0.015740740740740833,0.7630992196209587,0.7232415902140672,0.9477687456859288,0.039857629406891526,0.7185185185185186,0.7027777777777777,0.9780927835051545,0.015740740740740833,0.730432608152038,0.7097288676236044,0.9716555089444691,0.0207037405284336,0.7435897435897436,0.6666666666666666,0.8965517241379309,0.07692307692307698,0.5370370370370371,0.5555555555555556,1.0344827586206895,-0.01851851851851849,0.6236559139784946,0.6060606060606061,0.9717868338557994,0.017595307917888547,0.4795500044623094,0.42552759520945693,0.8873477035759294,0.054022409252852455,0.8483333333333334,0.7948148148148148,0.9369133376991922,0.05351851851851863,0.9,0.85,0.9444444444444444,0.050000000000000044,0.695221787153807,0.6871842709362768,0.988438917815802,0.008037516217530238,0.7027777777777777,0.7097288676236044,0.7948148148148148,0.42552759520945693,0.6871842709362768,0.7467532467532467,0.7232415902140672,0.7027777777777777,0.6666666666666666,0.5555555555555556,0.6060606060606061,0.85
pima,imputation→label_noise→outliers→balance,"('imputation', 'label_noise', 'outliers', 'balance')",random_forest,45,613,896,154,0.7464513778686523,False,0.8181818181818182,0.7792207792207793,0.9523809523809523,0.038961038961038974,0.7833333333333333,0.6851851851851851,0.8747044917257683,0.0981481481481482,0.8079710144927537,0.8731343283582089,1.0806505588648685,-0.06516331386545526,0.7833333333333333,0.6851851851851851,0.8747044917257683,0.0981481481481482,0.7926923076923077,0.6976206976206976,0.880064926644257,0.09507161007161014,0.782608695652174,1.0,1.2777777777777777,-0.21739130434782605,0.6666666666666666,0.37037037037037035,0.5555555555555556,0.2962962962962963,0.72,0.5405405405405406,0.7507507507507508,0.1794594594594594,0.5907908398283784,0.5257335815637598,0.8898810647038512,0.06505725826461861,0.8652777777777777,0.8594444444444445,0.9932584269662922,0.005833333333333246,0.9,1.0,1.1111111111111112,-0.09999999999999998,0.7745966692414834,0.6085806194501846,0.7856742013183862,0.1660160497912988,0.6851851851851851,0.6976206976206976,0.8594444444444445,0.5257335815637598,0.6085806194501846,0.7792207792207793,0.8731343283582089,0.6851851851851851,1.0,0.37037037037037035,0.5405405405405406,1.0
pima,imputation→label_noise→balance→outliers,"('imputation', 'label_noise', 'balance', 'outliers')",random_forest,45,613,885,154,0.7985630035400391,False,0.8181818181818182,0.7792207792207793,0.9523809523809523,0.038961038961038974,0.7833333333333333,0.6851851851851851,0.8747044917257683,0.0981481481481482,0.8079710144927537,0.8731343283582089,1.0806505588648685,-0.06516331386545526,0.7833333333333333,0.6851851851851851,0.8747044917257683,0.0981481481481482,0.7926923076923077,0.6976206976206976,0.880064926644257,0.09507161007161014,0.782608695652174,1.0,1.2777777777777777,-0.21739130434782605,0.6666666666666666,0.37037037037037035,0.5555555555555556,0.2962962962962963,0.72,0.5405405405405406,0.7507507507507508,0.1794594594594594,0.5907908398283784,0.5257335815637598,0.8898810647038512,0.06505725826461861,0.8652777777777777,0.8344444444444444,0.9643659711075442,0.030833333333333268,0.9,1.0,1.1111111111111112,-0.09999999999999998,0.7745966692414834,0.6085806194501846,0.7856742013183862,0.1660160497912988,0.6851851851851851,0.6976206976206976,0.8344444444444444,0.5257335815637598,0.6085806194501846,0.7792207792207793,0.8731343283582089,0.6851851851851851,1.0,0.37037037037037035,0.5405405405405406,1.0
pima,imputation→outliers→label_noise→balance,"('imputation', 'outliers', 'label_noise', 'balance')",random_forest,45,613,856,154,0.7501339912414551,False,0.8181818181818182,0.7792207792207793,0.9523809523809523,0.038961038961038974,0.7833333333333333,0.6937037037037037,0.8855791962174941,0.08962962962962961,0.8079710144927537,0.8352564102564102,1.0337702656088306,-0.027285395763656517,0.7833333333333333,0.6937037037037037,0.8855791962174941,0.08962962962962961,0.7926923076923077,0.7081382385730212,0.8933330520571834,0.08455406911928653,0.782608695652174,0.9166666666666666,1.1712962962962963,-0.13405797101449268,0.6666666666666666,0.4074074074074074,0.6111111111111112,0.25925925925925924,0.72,0.5641025641025641,0.7834757834757835,0.15589743589743588,0.5907908398283784,0.5096681601084181,0.8626879865917927,0.08112267971996034,0.8652777777777777,0.8112037037037036,0.9375066880684858,0.05407407407407405,0.9,0.98,1.0888888888888888,-0.07999999999999996,0.7745966692414834,0.631869653693908,0.8157402152434512,0.1427270155475754,0.6937037037037037,0.7081382385730212,0.8112037037037036,0.5096681601084181,0.631869653693908,0.7792207792207793,0.8352564102564102,0.6937037037037037,0.9166666666666666,0.4074074074074074,0.5641025641025641,0.98
pima,imputation→outliers→balance→label_noise,"('imputation', 'outliers', 'balance', 'label_noise')",random_forest,45,613,748,154,0.8102231025695801,False,0.8181818181818182,0.7857142857142857,0.9603174603174602,0.032467532467532534,0.7833333333333333,0.7625925925925926,0.9735224586288417,0.020740740740740726,0.8079710144927537,0.7648981879320007,0.9466901339427453,0.04307282656075295,0.7833333333333333,0.7625925925925926,0.9735224586288417,0.020740740740740726,0.7926923076923077,0.7637048402845585,0.9634316277243339,0.028987467407749157,0.782608695652174,0.6981132075471698,0.8920335429769392,0.08449548810500418,0.6666666666666666,0.6851851851851852,1.027777777777778,-0.0185185185185186,0.72,0.6915887850467289,0.960539979231568,0.028411214953271036,0.5907908398283784,0.5274857417680364,0.8928468524008737,0.06330509806034201,0.8652777777777777,0.8701851851851852,1.0056714820759765,-0.004907407407407471,0.9,0.84,0.9333333333333332,0.06000000000000005,0.7745966692414834,0.7586537784494028,0.9794178164906228,0.015942890792080555,0.7625925925925926,0.7637048402845585,0.8701851851851852,0.5274857417680364,0.7586537784494028,0.7857142857142857,0.7648981879320007,0.7625925925925926,0.6981132075471698,0.6851851851851852,0.6915887850467289,0.84
pima,imputation→balance→label_noise→outliers,"('imputation', 'balance', 'label_noise', 'outliers')",random_forest,45,613,743,154,0.8178350925445557,False,0.8181818181818182,0.7792207792207793,0.9523809523809523,0.038961038961038974,0.7833333333333333,0.749074074074074,0.9562647754137115,0.03425925925925932,0.8079710144927537,0.7586538461538461,0.9389617109348051,0.049317168338907535,0.7833333333333333,0.749074074074074,0.9562647754137115,0.03425925925925932,0.7926923076923077,0.7532051282051282,0.9501859938541161,0.0394871794871795,0.782608695652174,0.7,0.8944444444444444,0.08260869565217399,0.6666666666666666,0.6481481481481481,0.9722222222222222,0.01851851851851849,0.72,0.6730769230769231,0.93482905982906,0.046923076923076845,0.5907908398283784,0.507637536974827,0.8592508596143654,0.08315330285355138,0.8652777777777777,0.841574074074074,0.972605671482076,0.02370370370370367,0.9,0.85,0.9444444444444444,0.050000000000000044,0.7745966692414834,0.7422438453270771,0.9582326839255745,0.0323528239144063,0.749074074074074,0.7532051282051282,0.841574074074074,0.507637536974827,0.7422438453270771,0.7792207792207793,0.7586538461538461,0.749074074074074,0.7,0.6481481481481481,0.6730769230769231,0.85
pima,imputation→balance→outliers→label_noise,"('imputation', 'balance', 'outliers', 'label_noise')",random_forest,45,613,743,154,0.7879459857940674,False,0.8181818181818182,0.7922077922077922,0.9682539682539683,0.025974025974025983,0.7833333333333333,0.7505555555555556,0.9581560283687944,0.032777777777777684,0.8079710144927537,0.7795454545454545,0.9648185894822666,0.028425559947299117,0.7833333333333333,0.7505555555555556,0.9581560283687944,0.032777777777777684,0.7926923076923077,0.7605442176870748,0.9594444279409968,0.03214809000523289,0.782608695652174,0.75,0.9583333333333333,0.03260869565217395,0.6666666666666666,0.6111111111111112,0.9166666666666667,0.05555555555555547,0.72,0.673469387755102,0.935374149659864,0.04653061224489796,0.5907908398283784,0.5293077239816804,0.8959308240720886,0.06148311584669808,0.8652777777777777,0.826574074074074,0.9552701979668272,0.038703703703703685,0.9,0.89,0.9888888888888889,0.010000000000000009,0.7745966692414834,0.7374882296612529,0.9520932105006744,0.03710843958023047,0.7505555555555556,0.7605442176870748,0.826574074074074,0.5293077239816804,0.7374882296612529,0.7922077922077922,0.7795454545454545,0.7505555555555556,0.75,0.6111111111111112,0.673469387755102,0.89
pima,label_noise→imputation→outliers→balance,"('label_noise', 'imputation', 'outliers', 'balance')",random_forest,45,613,891,154,0.7574269771575928,False,0.8181818181818182,0.7467532467532467,0.9126984126984126,0.07142857142857151,0.7833333333333333,0.6474074074074074,0.8264775413711585,0.1359259259259259,0.8079710144927537,0.8103313840155946,1.0029213542076416,-0.0023603695228409105,0.7833333333333333,0.6474074074074074,0.8264775413711585,0.1359259259259259,0.7926923076923077,0.6498979889245118,0.8198616066005486,0.1427943187677959,0.782608695652174,0.8947368421052632,1.1432748538011694,-0.11212814645308922,0.6666666666666666,0.3148148148148148,0.47222222222222227,0.3518518518518518,0.72,0.4657534246575342,0.6468797564687976,0.25424657534246575,0.5907908398283784,0.42776229265745874,0.7240503132745277,0.1630285471709197,0.8652777777777777,0.802962962962963,0.9279828785446764,0.06231481481481471,0.9,0.98,1.0888888888888888,-0.07999999999999996,0.7745966692414834,0.5554444333311106,0.717075680011669,0.2191522359103728,0.6474074074074074,0.6498979889245118,0.802962962962963,0.42776229265745874,0.5554444333311106,0.7467532467532467,0.8103313840155946,0.6474074074074074,0.8947368421052632,0.3148148148148148,0.4657534246575342,0.98
pima,label_noise→imputation→balance→outliers,"('label_noise', 'imputation', 'balance', 'outliers')",random_forest,45,613,881,154,0.7575502395629883,False,0.8181818181818182,0.7207792207792207,0.8809523809523808,0.09740259740259749,0.7833333333333333,0.6103703703703703,0.7791962174940898,0.17296296296296299,0.8079710144927537,0.7858513189448442,0.9726231570797174,0.02211969554790949,0.7833333333333333,0.6103703703703703,0.7791962174940898,0.17296296296296299,0.7926923076923077,0.5984476381056334,0.7549557782991979,0.1942446695866743,0.782608695652174,0.8666666666666667,1.1074074074074074,-0.08405797101449275,0.6666666666666666,0.24074074074074073,0.3611111111111111,0.42592592592592593,0.72,0.37681159420289856,0.5233494363929146,0.3431884057971014,0.5907908398283784,0.355243668164832,0.6013019231442863,0.23554717166354644,0.8652777777777777,0.7946296296296297,0.9183520599250938,0.07064814814814802,0.9,0.98,1.0888888888888888,-0.07999999999999996,0.7745966692414834,0.4857220665420976,0.6270644915343315,0.2888746026993858,0.6103703703703703,0.5984476381056334,0.7946296296296297,0.355243668164832,0.4857220665420976,0.7207792207792207,0.7858513189448442,0.6103703703703703,0.8666666666666667,0.24074074074074073,0.37681159420289856,0.98
pima,label_noise→outliers→imputation→balance,"('label_noise', 'outliers', 'imputation', 'balance')",random_forest,45,613,891,154,0.7360291481018066,False,0.8181818181818182,0.7597402597402597,0.9285714285714285,0.05844155844155852,0.7833333333333333,0.6574074074074074,0.839243498817967,0.12592592592592589,0.8079710144927537,0.864963503649635,1.0705377892704002,-0.056992489156881376,0.7833333333333333,0.6574074074074074,0.839243498817967,0.12592592592592589,0.7926923076923077,0.661377547988352,0.8343433404996192,0.13131475970395567,0.782608695652174,1.0,1.2777777777777777,-0.21739130434782605,0.6666666666666666,0.3148148148148148,0.47222222222222227,0.3518518518518518,0.72,0.4788732394366197,0.6651017214397495,0.24112676056338028,0.5907908398283784,0.4793660768465492,0.8113972738402688,0.11142476298182924,0.8652777777777777,0.7753703703703704,0.8960941680042804,0.08990740740740732,0.9,1.0,1.1111111111111112,-0.09999999999999998,0.7745966692414834,0.5610836076867821,0.7243558228002943,0.2135130615547013,0.6574074074074074,0.661377547988352,0.7753703703703704,0.4793660768465492,0.5610836076867821,0.7597402597402597,0.864963503649635,0.6574074074074074,1.0,0.3148148148148148,0.4788732394366197,1.0
pima,label_noise→outliers→balance→imputation,"('label_noise', 'outliers', 'balance', 'imputation')",random_forest,45,613,891,154,0.7385861873626709,False,0.8181818181818182,0.7467532467532467,0.9126984126984126,0.07142857142857151,0.7833333333333333,0.6474074074074074,0.8264775413711585,0.1359259259259259,0.8079710144927537,0.8103313840155946,1.0029213542076416,-0.0023603695228409105,0.7833333333333333,0.6474074074074074,0.8264775413711585,0.1359259259259259,0.7926923076923077,0.6498979889245118,0.8198616066005486,0.1427943187677959,0.782608695652174,0.8947368421052632,1.1432748538011694,-0.11212814645308922,0.6666666666666666,0.3148148148148148,0.47222222222222227,0.3518518518518518,0.72,0.4657534246575342,0.6468797564687976,0.25424657534246575,0.5907908398283784,0.42776229265745874,0.7240503132745277,0.1630285471709197,0.8652777777777777,0.7985185185185185,0.9228464419475656,0.06675925925925918,0.9,0.98,1.0888888888888888,-0.07999999999999996,0.7745966692414834,0.5554444333311106,0.717075680011669,0.2191522359103728,0.6474074074074074,0.6498979889245118,0.7985185185185185,0.42776229265745874,0.5554444333311106,0.7467532467532467,0.8103313840155946,0.6474074074074074,0.8947368421052632,0.3148148148148148,0.4657534246575342,0.98
pima,label_noise→balance→imputation→outliers,"('label_noise', 'balance', 'imputation', 'outliers')",random_forest,45,613,881,154,0.7479679584503174,False,0.8181818181818182,0.7597402597402597,0.9285714285714285,0.05844155844155852,0.7833333333333333,0.6574074074074074,0.839243498817967,0.12592592592592589,0.8079710144927537,0.864963503649635,1.0705377892704002,-0.056992489156881376,0.7833333333333333,0.6574074074074074,0.839243498817967,0.12592592592592589,0.7926923076923077,0.661377547988352,0.8343433404996192,0.13131475970395567,0.782608695652174,1.0,1.2777777777777777,-0.21739130434782605,0.6666666666666666,0.3148148148148148,0.47222222222222227,0.3518518518518518,0.72,0.4788732394366197,0.6651017214397495,0.24112676056338028,0.5907908398283784,0.4793660768465492,0.8113972738402688,0.11142476298182924,0.8652777777777777,0.7996296296296296,0.9241305510968433,0.06564814814814812,0.9,1.0,1.1111111111111112,-0.09999999999999998,0.7745966692414834,0.5610836076867821,0.7243558228002943,0.2135130615547013,0.6574074074074074,0.661377547988352,0.7996296296296296,0.4793660768465492,0.5610836076867821,0.7597402597402597,0.864963503649635,0.6574074074074074,1.0,0.3148148148148148,0.4788732394366197,1.0
pima,label_noise→balance→outliers→imputation,"('label_noise', 'balance', 'outliers', 'imputation')",random_forest,45,613,881,154,0.747481107711792,False,0.8181818181818182,0.7597402597402597,0.9285714285714285,0.05844155844155852,0.7833333333333333,0.6574074074074074,0.839243498817967,0.12592592592592589,0.8079710144927537,0.864963503649635,1.0705377892704002,-0.056992489156881376,0.7833333333333333,0.6574074074074074,0.839243498817967,0.12592592592592589,0.7926923076923077,0.661377547988352,0.8343433404996192,0.13131475970395567,0.782608695652174,1.0,1.2777777777777777,-0.21739130434782605,0.6666666666666666,0.3148148148148148,0.47222222222222227,0.3518518518518518,0.72,0.4788732394366197,0.6651017214397495,0.24112676056338028,0.5907908398283784,0.4793660768465492,0.8113972738402688,0.11142476298182924,0.8652777777777777,0.7996296296296296,0.9241305510968433,0.06564814814814812,0.9,1.0,1.1111111111111112,-0.09999999999999998,0.7745966692414834,0.5610836076867821,0.7243558228002943,0.2135130615547013,0.6574074074074074,0.661377547988352,0.7996296296296296,0.4793660768465492,0.5610836076867821,0.7597402597402597,0.864963503649635,0.6574074074074074,1.0,0.3148148148148148,0.4788732394366197,1.0
pima,outliers→imputation→label_noise→balance,"('outliers', 'imputation', 'label_noise', 'balance')",random_forest,45,613,885,154,0.7467660903930664,False,0.8181818181818182,0.7727272727272727,0.9444444444444443,0.045454545454545525,0.7833333333333333,0.6844444444444444,0.8737588652482269,0.09888888888888892,0.8079710144927537,0.8305675406571523,1.0279670009927087,-0.022596526164398667,0.7833333333333333,0.6844444444444444,0.8737588652482269,0.09888888888888892,0.7926923076923077,0.696969696969697,0.8792436740034993,0.09572261072261068,0.782608695652174,0.9130434782608695,1.1666666666666665,-0.13043478260869557,0.6666666666666666,0.3888888888888889,0.5833333333333334,0.27777777777777773,0.72,0.5454545454545454,0.7575757575757576,0.17454545454545456,0.5907908398283784,0.49384753269759185,0.8359092582428189,0.09694330713078658,0.8652777777777777,0.814537037037037,0.9413590155163188,0.05074074074074075,0.9,0.98,1.0888888888888888,-0.07999999999999996,0.7745966692414834,0.6173419725817378,0.7969850595746355,0.15725469665974556,0.6844444444444444,0.696969696969697,0.814537037037037,0.49384753269759185,0.6173419725817378,0.7727272727272727,0.8305675406571523,0.6844444444444444,0.9130434782608695,0.3888888888888889,0.5454545454545454,0.98
pima,outliers→imputation→balance→label_noise,"('outliers', 'imputation', 'balance', 'label_noise')",random_forest,45,613,748,154,0.7837851047515869,False,0.8181818181818182,0.7922077922077922,0.9682539682539683,0.025974025974025983,0.7833333333333333,0.759074074074074,0.96903073286052,0.024259259259259314,0.8079710144927537,0.7749606918238994,0.9591441746340638,0.033010322668854286,0.7833333333333333,0.759074074074074,0.96903073286052,0.024259259259259314,0.7926923076923077,0.7654673519893394,0.9656550777158089,0.027224955702968345,0.782608695652174,0.7291666666666666,0.9317129629629629,0.05344202898550732,0.6666666666666666,0.6481481481481481,0.9722222222222222,0.01851851851851849,0.72,0.6862745098039216,0.9531590413943356,0.0337254901960784,0.5907908398283784,0.5337984137894888,0.9035319740985733,0.056992426038889654,0.8652777777777777,0.8559259259259259,0.9891920813269128,0.009351851851851833,0.9,0.87,0.9666666666666667,0.030000000000000027,0.7745966692414834,0.750925355071254,0.9694404648119527,0.023671314170229385,0.759074074074074,0.7654673519893394,0.8559259259259259,0.5337984137894888,0.750925355071254,0.7922077922077922,0.7749606918238994,0.759074074074074,0.7291666666666666,0.6481481481481481,0.6862745098039216,0.87
pima,outliers→label_noise→imputation→balance,"('outliers', 'label_noise', 'imputation', 'balance')",random_forest,45,613,865,154,0.7446849346160889,False,0.8181818181818182,0.7662337662337663,0.9365079365079365,0.051948051948051965,0.7833333333333333,0.6837037037037037,0.8728132387706856,0.09962962962962962,0.8079710144927537,0.7980769230769231,0.9877543980682995,0.00989409141583053,0.7833333333333333,0.6837037037037037,0.8728132387706856,0.09962962962962962,0.7926923076923077,0.6960526315789474,0.8780867744324421,0.09663967611336033,0.782608695652174,0.8461538461538461,1.0811965811965811,-0.0635451505016722,0.6666666666666666,0.4074074074074074,0.6111111111111112,0.25925925925925924,0.72,0.55,0.763888888888889,0.16999999999999993,0.5907908398283784,0.46800784077976626,0.7921717962243965,0.12278299904861217,0.8652777777777777,0.8092592592592592,0.9352594970572499,0.05601851851851847,0.9,0.96,1.0666666666666667,-0.05999999999999994,0.7745966692414834,0.6253887679764573,0.8073734277593311,0.14920790126502614,0.6837037037037037,0.6960526315789474,0.8092592592592592,0.46800784077976626,0.6253887679764573,0.7662337662337663,0.7980769230769231,0.6837037037037037,0.8461538461538461,0.4074074074074074,0.55,0.96
pima,outliers→label_noise→balance→imputation,"('outliers', 'label_noise', 'balance', 'imputation')",random_forest,45,613,865,154,0.7528219223022461,False,0.8181818181818182,0.7532467532467533,0.9206349206349206,0.06493506493506496,0.7833333333333333,0.6566666666666666,0.8382978723404255,0.1266666666666667,0.8079710144927537,0.8156716417910448,1.009530821230172,-0.0077006272982911295,0.7833333333333333,0.6566666666666666,0.8382978723404255,0.1266666666666667,0.7926923076923077,0.6620466620466621,0.8351874436299473,0.13064564564564562,0.782608695652174,0.9,1.15,-0.11739130434782608,0.6666666666666666,0.3333333333333333,0.5,0.3333333333333333,0.72,0.4864864864864865,0.6756756756756758,0.23351351351351346,0.5907908398283784,0.4447706100029408,0.7528393807394581,0.1460202298254376,0.8652777777777777,0.7951851851851852,0.9189941144997326,0.07009259259259248,0.9,0.98,1.0888888888888888,-0.07999999999999996,0.7745966692414834,0.5715476066494082,0.7378647873726217,0.20304906259207522,0.6566666666666666,0.6620466620466621,0.7951851851851852,0.4447706100029408,0.5715476066494082,0.7532467532467533,0.8156716417910448,0.6566666666666666,0.9,0.3333333333333333,0.4864864864864865,0.98
pima,outliers→balance→imputation→label_noise,"('outliers', 'balance', 'imputation', 'label_noise')",random_forest,45,613,748,154,0.8638157844543457,False,0.8181818181818182,0.7922077922077922,0.9682539682539683,0.025974025974025983,0.7833333333333333,0.7633333333333333,0.9744680851063829,0.020000000000000018,0.8079710144927537,0.7734615384615384,0.9572887202483614,0.034509476031215236,0.7833333333333333,0.7633333333333333,0.9744680851063829,0.020000000000000018,0.7926923076923077,0.7677224736048265,0.9684999667018674,0.024969834087481213,0.782608695652174,0.72,0.9199999999999999,0.06260869565217397,0.6666666666666666,0.6666666666666666,1.0,0.0,0.72,0.6923076923076923,0.9615384615384616,0.027692307692307683,0.5907908398283784,0.5366993141845384,0.9084421727670096,0.05409152564384001,0.8652777777777777,0.8466666666666667,0.9784911717495988,0.018611111111111023,0.9,0.86,0.9555555555555555,0.040000000000000036,0.7745966692414834,0.7571877794400365,0.9775252199076786,0.017408889801446947,0.7633333333333333,0.7677224736048265,0.8466666666666667,0.5366993141845384,0.7571877794400365,0.7922077922077922,0.7734615384615384,0.7633333333333333,0.72,0.6666666666666666,0.6923076923076923,0.86
pima,outliers→balance→label_noise→imputation,"('outliers', 'balance', 'label_noise', 'imputation')",random_forest,45,613,748,154,0.7917091846466064,False,0.8181818181818182,0.7922077922077922,0.9682539682539683,0.025974025974025983,0.7833333333333333,0.7633333333333333,0.9744680851063829,0.020000000000000018,0.8079710144927537,0.7734615384615384,0.9572887202483614,0.034509476031215236,0.7833333333333333,0.7633333333333333,0.9744680851063829,0.020000000000000018,0.7926923076923077,0.7677224736048265,0.9684999667018674,0.024969834087481213,0.782608695652174,0.72,0.9199999999999999,0.06260869565217397,0.6666666666666666,0.6666666666666666,1.0,0.0,0.72,0.6923076923076923,0.9615384615384616,0.027692307692307683,0.5907908398283784,0.5366993141845384,0.9084421727670096,0.05409152564384001,0.8652777777777777,0.8466666666666667,0.9784911717495988,0.018611111111111023,0.9,0.86,0.9555555555555555,0.040000000000000036,0.7745966692414834,0.7571877794400365,0.9775252199076786,0.017408889801446947,0.7633333333333333,0.7677224736048265,0.8466666666666667,0.5366993141845384,0.7571877794400365,0.7922077922077922,0.7734615384615384,0.7633333333333333,0.72,0.6666666666666666,0.6923076923076923,0.86
pima,balance→imputation→label_noise→outliers,"('balance', 'imputation', 'label_noise', 'outliers')",random_forest,45,613,743,154,0.7896931171417236,False,0.8181818181818182,0.7532467532467533,0.9206349206349206,0.06493506493506496,0.7833333333333333,0.7205555555555556,0.9198581560283688,0.06277777777777771,0.8079710144927537,0.7290384615384615,0.9023076923076923,0.07893255295429213,0.7833333333333333,0.7205555555555556,0.9198581560283688,0.06277777777777771,0.7926923076923077,0.7241704374057315,0.9135580481586133,0.06852187028657619,0.782608695652174,0.66,0.8433333333333334,0.12260869565217392,0.6666666666666666,0.6111111111111112,0.9166666666666667,0.05555555555555547,0.72,0.6346153846153846,0.8814102564102564,0.08538461538461539,0.5907908398283784,0.44951398255540453,0.7608682333090776,0.1412768572729739,0.8652777777777777,0.8368518518518518,0.9671482075976459,0.028425925925925855,0.9,0.83,0.9222222222222222,0.07000000000000006,0.7745966692414834,0.7121953539740499,0.9194402483959304,0.06240131526743353,0.7205555555555556,0.7241704374057315,0.8368518518518518,0.44951398255540453,0.7121953539740499,0.7532467532467533,0.7290384615384615,0.7205555555555556,0.66,0.6111111111111112,0.6346153846153846,0.83
pima,balance→imputation→outliers→label_noise,"('balance', 'imputation', 'outliers', 'label_noise')",random_forest,45,613,743,154,0.7722077369689941,False,0.8181818181818182,0.7922077922077922,0.9682539682539683,0.025974025974025983,0.7833333333333333,0.7505555555555556,0.9581560283687944,0.032777777777777684,0.8079710144927537,0.7795454545454545,0.9648185894822666,0.028425559947299117,0.7833333333333333,0.7505555555555556,0.9581560283687944,0.032777777777777684,0.7926923076923077,0.7605442176870748,0.9594444279409968,0.03214809000523289,0.782608695652174,0.75,0.9583333333333333,0.03260869565217395,0.6666666666666666,0.6111111111111112,0.9166666666666667,0.05555555555555547,0.72,0.673469387755102,0.935374149659864,0.04653061224489796,0.5907908398283784,0.5293077239816804,0.8959308240720886,0.06148311584669808,0.8652777777777777,0.8431481481481481,0.9744248261102194,0.02212962962962961,0.9,0.89,0.9888888888888889,0.010000000000000009,0.7745966692414834,0.7374882296612529,0.9520932105006744,0.03710843958023047,0.7505555555555556,0.7605442176870748,0.8431481481481481,0.5293077239816804,0.7374882296612529,0.7922077922077922,0.7795454545454545,0.7505555555555556,0.75,0.6111111111111112,0.673469387755102,0.89
pima,balance→label_noise→imputation→outliers,"('balance', 'label_noise', 'imputation', 'outliers')",random_forest,45,613,743,154,0.7711188793182373,False,0.8181818181818182,0.7532467532467533,0.9206349206349206,0.06493506493506496,0.7833333333333333,0.7205555555555556,0.9198581560283688,0.06277777777777771,0.8079710144927537,0.7290384615384615,0.9023076923076923,0.07893255295429213,0.7833333333333333,0.7205555555555556,0.9198581560283688,0.06277777777777771,0.7926923076923077,0.7241704374057315,0.9135580481586133,0.06852187028657619,0.782608695652174,0.66,0.8433333333333334,0.12260869565217392,0.6666666666666666,0.6111111111111112,0.9166666666666667,0.05555555555555547,0.72,0.6346153846153846,0.8814102564102564,0.08538461538461539,0.5907908398283784,0.44951398255540453,0.7608682333090776,0.1412768572729739,0.8652777777777777,0.8368518518518518,0.9671482075976459,0.028425925925925855,0.9,0.83,0.9222222222222222,0.07000000000000006,0.7745966692414834,0.7121953539740499,0.9194402483959304,0.06240131526743353,0.7205555555555556,0.7241704374057315,0.8368518518518518,0.44951398255540453,0.7121953539740499,0.7532467532467533,0.7290384615384615,0.7205555555555556,0.66,0.6111111111111112,0.6346153846153846,0.83
pima,balance→label_noise→outliers→imputation,"('balance', 'label_noise', 'outliers', 'imputation')",random_forest,45,613,743,154,0.7799398899078369,False,0.8181818181818182,0.7532467532467533,0.9206349206349206,0.06493506493506496,0.7833333333333333,0.7205555555555556,0.9198581560283688,0.06277777777777771,0.8079710144927537,0.7290384615384615,0.9023076923076923,0.07893255295429213,0.7833333333333333,0.7205555555555556,0.9198581560283688,0.06277777777777771,0.7926923076923077,0.7241704374057315,0.9135580481586133,0.06852187028657619,0.782608695652174,0.66,0.8433333333333334,0.12260869565217392,0.6666666666666666,0.6111111111111112,0.9166666666666667,0.05555555555555547,0.72,0.6346153846153846,0.8814102564102564,0.08538461538461539,0.5907908398283784,0.44951398255540453,0.7608682333090776,0.1412768572729739,0.8652777777777777,0.8368518518518518,0.9671482075976459,0.028425925925925855,0.9,0.83,0.9222222222222222,0.07000000000000006,0.7745966692414834,0.7121953539740499,0.9194402483959304,0.06240131526743353,0.7205555555555556,0.7241704374057315,0.8368518518518518,0.44951398255540453,0.7121953539740499,0.7532467532467533,0.7290384615384615,0.7205555555555556,0.66,0.6111111111111112,0.6346153846153846,0.83
pima,balance→outliers→imputation→label_noise,"('balance', 'outliers', 'imputation', 'label_noise')",random_forest,45,613,743,154,0.7945926189422607,False,0.8181818181818182,0.7922077922077922,0.9682539682539683,0.025974025974025983,0.7833333333333333,0.7505555555555556,0.9581560283687944,0.032777777777777684,0.8079710144927537,0.7795454545454545,0.9648185894822666,0.028425559947299117,0.7833333333333333,0.7505555555555556,0.9581560283687944,0.032777777777777684,0.7926923076923077,0.7605442176870748,0.9594444279409968,0.03214809000523289,0.782608695652174,0.75,0.9583333333333333,0.03260869565217395,0.6666666666666666,0.6111111111111112,0.9166666666666667,0.05555555555555547,0.72,0.673469387755102,0.935374149659864,0.04653061224489796,0.5907908398283784,0.5293077239816804,0.8959308240720886,0.06148311584669808,0.8652777777777777,0.8431481481481481,0.9744248261102194,0.02212962962962961,0.9,0.89,0.9888888888888889,0.010000000000000009,0.7745966692414834,0.7374882296612529,0.9520932105006744,0.03710843958023047,0.7505555555555556,0.7605442176870748,0.8431481481481481,0.5293077239816804,0.7374882296612529,0.7922077922077922,0.7795454545454545,0.7505555555555556,0.75,0.6111111111111112,0.673469387755102,0.89
pima,balance→outliers→label_noise→imputation,"('balance', 'outliers', 'label_noise', 'imputation')",random_forest,45,613,743,154,0.7808711528778076,False,0.8181818181818182,0.7922077922077922,0.9682539682539683,0.025974025974025983,0.7833333333333333,0.7505555555555556,0.9581560283687944,0.032777777777777684,0.8079710144927537,0.7795454545454545,0.9648185894822666,0.028425559947299117,0.7833333333333333,0.7505555555555556,0.9581560283687944,0.032777777777777684,0.7926923076923077,0.7605442176870748,0.9594444279409968,0.03214809000523289,0.782608695652174,0.75,0.9583333333333333,0.03260869565217395,0.6666666666666666,0.6111111111111112,0.9166666666666667,0.05555555555555547,0.72,0.673469387755102,0.935374149659864,0.04653061224489796,0.5907908398283784,0.5293077239816804,0.8959308240720886,0.06148311584669808,0.8652777777777777,0.8431481481481481,0.9744248261102194,0.02212962962962961,0.9,0.89,0.9888888888888889,0.010000000000000009,0.7745966692414834,0.7374882296612529,0.9520932105006744,0.03710843958023047,0.7505555555555556,0.7605442176870748,0.8431481481481481,0.5293077239816804,0.7374882296612529,0.7922077922077922,0.7795454545454545,0.7505555555555556,0.75,0.6111111111111112,0.673469387755102,0.89
pima,imputation→label_noise→outliers→balance,"('imputation', 'label_noise', 'outliers', 'balance')",random_forest,46,613,883,154,0.7382760047912598,False,0.7662337662337663,0.7467532467532467,0.9745762711864406,0.019480519480519543,0.722037037037037,0.6601851851851852,0.9143370094896127,0.061851851851851825,0.7477272727272728,0.7682170542635659,1.0274027473433707,-0.020489781536293106,0.722037037037037,0.6601851851851852,0.9143370094896127,0.061851851851851825,0.7306122448979593,0.6680117185340777,0.9143177153120057,0.06260052636388158,0.7045454545454546,0.8,1.135483870967742,-0.09545454545454546,0.5740740740740741,0.37037037037037035,0.6451612903225806,0.20370370370370372,0.6326530612244898,0.5063291139240507,0.8003266639444672,0.12632394730043917,0.4690613163740094,0.41455710587099653,0.8838015231689804,0.05450421050301285,0.8338888888888889,0.8485185185185184,1.0175438596491226,-0.014629629629629548,0.87,0.95,1.0919540229885056,-0.07999999999999996,0.7067138349038063,0.5931710140017394,0.8393369206964489,0.11354282090206691,0.6601851851851852,0.6680117185340777,0.8485185185185184,0.41455710587099653,0.5931710140017394,0.7467532467532467,0.7682170542635659,0.6601851851851852,0.8,0.37037037037037035,0.5063291139240507,0.95
pima,imputation→label_noise→balance→outliers,"('imputation', 'label_noise', 'balance', 'outliers')",random_forest,46,613,881,154,0.7633750438690186,False,0.7662337662337663,0.7402597402597403,0.9661016949152542,0.025974025974025983,0.722037037037037,0.6551851851851851,0.9074121569633238,0.06685185185185194,0.7477272727272728,0.7518028846153846,1.0054506663549216,-0.004075611888111785,0.722037037037037,0.6551851851851851,0.9074121569633238,0.06685185185185194,0.7306122448979593,0.6622807017543859,0.9064735862001371,0.06833154314357337,0.7045454545454546,0.7692307692307693,1.0918114143920596,-0.06468531468531469,0.5740740740740741,0.37037037037037035,0.6451612903225806,0.20370370370370372,0.6326530612244898,0.5,0.7903225806451613,0.13265306122448983,0.4690613163740094,0.39535339775548806,0.842860802957902,0.07370791861852133,0.8338888888888889,0.8407407407407408,1.008216744392627,-0.006851851851851887,0.87,0.94,1.0804597701149425,-0.06999999999999995,0.7067138349038063,0.5900408021045224,0.8349076712002322,0.11667303279928398,0.6551851851851851,0.6622807017543859,0.8407407407407408,0.39535339775548806,0.5900408021045224,0.7402597402597403,0.7518028846153846,0.6551851851851851,0.7692307692307693,0.37037037037037035,0.5,0.94
pima,imputation→outliers→label_noise→balance,"('imputation', 'outliers', 'label_noise', 'balance')",random_forest,46,613,878,154,0.7492411136627197,False,0.7662337662337663,0.7337662337662337,0.9576271186440677,0.032467532467532534,0.722037037037037,0.6501851851851852,0.9004873044370352,0.07185185185185183,0.7477272727272728,0.7365121026538349,0.9850009883516333,0.011215170073437863,0.722037037037037,0.6501851851851852,0.9004873044370352,0.07185185185185183,0.7306122448979593,0.6566052102028608,0.8987054553055914,0.0740070346950985,0.7045454545454546,0.7407407407407407,1.051373954599761,-0.036195286195286114,0.5740740740740741,0.37037037037037035,0.6451612903225806,0.20370370370370372,0.6326530612244898,0.49382716049382713,0.7805655117483074,0.1388259007306627,0.4690613163740094,0.3769382651607752,0.803601260651008,0.09212305121323416,0.8338888888888889,0.8387962962962963,1.0058849655785032,-0.00490740740740736,0.87,0.93,1.0689655172413794,-0.06000000000000005,0.7067138349038063,0.5868938953886337,0.8304547985373998,0.11981993951517267,0.6501851851851852,0.6566052102028608,0.8387962962962963,0.3769382651607752,0.5868938953886337,0.7337662337662337,0.7365121026538349,0.6501851851851852,0.7407407407407407,0.37037037037037035,0.49382716049382713,0.93
pima,imputation→outliers→balance→label_noise,"('imputation', 'outliers', 'balance', 'label_noise')",random_forest,46,613,741,154,0.789208173751831,False,0.7662337662337663,0.7532467532467533,0.9830508474576272,0.012987012987012991,0.722037037037037,0.7248148148148148,1.0038471402923828,-0.002777777777777768,0.7477272727272728,0.7288838612368025,0.974799084936757,0.018843411490470308,0.722037037037037,0.7248148148148148,1.0038471402923828,-0.002777777777777768,0.7306122448979593,0.7266953110405381,0.994638833547105,0.003916933857421201,0.7045454545454546,0.6538461538461539,0.9280397022332506,0.05069930069930073,0.5740740740740741,0.6296296296296297,1.0967741935483872,-0.05555555555555558,0.6326530612244898,0.6415094339622641,1.0139987827145465,-0.008856372737774287,0.4690613163740094,0.4536804288397352,0.967209217649468,0.01538088753427419,0.8338888888888889,0.8301851851851851,0.9955585165445258,0.0037037037037037646,0.87,0.82,0.9425287356321839,0.050000000000000044,0.7067138349038063,0.7185376095210997,1.0167306398054352,-0.011823774617293337,0.7248148148148148,0.7266953110405381,0.8301851851851851,0.4536804288397352,0.7185376095210997,0.7532467532467533,0.7288838612368025,0.7248148148148148,0.6538461538461539,0.6296296296296297,0.6415094339622641,0.82
pima,imputation→balance→label_noise→outliers,"('imputation', 'balance', 'label_noise', 'outliers')",random_forest,46,613,743,154,0.7950749397277832,False,0.7662337662337663,0.7597402597402597,0.9915254237288135,0.006493506493506551,0.722037037037037,0.7425925925925927,1.0284688381636318,-0.02055555555555566,0.7477272727272728,0.7369325375293905,0.9855632720757805,0.010794735197882321,0.722037037037037,0.7425925925925927,1.0284688381636318,-0.02055555555555566,0.7306122448979593,0.739424703891709,1.0120617455501044,-0.008812458993749717,0.7045454545454546,0.6491228070175439,0.921335597057159,0.05542264752791071,0.5740740740740741,0.6851851851851852,1.1935483870967742,-0.11111111111111116,0.6326530612244898,0.6666666666666666,1.053763440860215,-0.0340136054421768,0.4690613163740094,0.47949172484536823,1.0222367697084662,-0.010430408471358843,0.8338888888888889,0.8246296296296297,0.9888962913613147,0.00925925925925919,0.87,0.8,0.9195402298850576,0.06999999999999995,0.7067138349038063,0.7403702777314526,1.0476238629631855,-0.03365644282764624,0.7425925925925927,0.739424703891709,0.8246296296296297,0.47949172484536823,0.7403702777314526,0.7597402597402597,0.7369325375293905,0.7425925925925927,0.6491228070175439,0.6851851851851852,0.6666666666666666,0.8
pima,imputation→balance→outliers→label_noise,"('imputation', 'balance', 'outliers', 'label_noise')",random_forest,46,613,743,154,0.7747340202331543,False,0.7662337662337663,0.7532467532467533,0.9830508474576272,0.012987012987012991,0.722037037037037,0.7290740740740741,1.0097460887407028,-0.007037037037037064,0.7477272727272728,0.7290740740740741,0.9750534729258133,0.0186531986531987,0.722037037037037,0.7290740740740741,1.0097460887407028,-0.007037037037037064,0.7306122448979593,0.7290740740740741,0.9978946823918889,0.0015381708238851877,0.7045454545454546,0.6481481481481481,0.9199522102747909,0.056397306397306446,0.5740740740740741,0.6481481481481481,1.129032258064516,-0.07407407407407407,0.6326530612244898,0.6481481481481481,1.0244922341696534,-0.015495086923658308,0.4690613163740094,0.45814814814814814,0.9767340263524107,0.010913168225861247,0.8338888888888889,0.820925925925926,0.9844548079058406,0.012962962962962954,0.87,0.81,0.9310344827586208,0.05999999999999994,0.7067138349038063,0.724568837309472,1.025264826474065,-0.01785500240566562,0.7290740740740741,0.7290740740740741,0.820925925925926,0.45814814814814814,0.724568837309472,0.7532467532467533,0.7290740740740741,0.7290740740740741,0.6481481481481481,0.6481481481481481,0.6481481481481481,0.81
pima,label_noise→imputation→outliers→balance,"('label_noise', 'imputation', 'outliers', 'balance')",random_forest,46,613,883,154,0.7993230819702148,False,0.7662337662337663,0.7467532467532467,0.9745762711864406,0.019480519480519543,0.722037037037037,0.6601851851851852,0.9143370094896127,0.061851851851851825,0.7477272727272728,0.7682170542635659,1.0274027473433707,-0.020489781536293106,0.722037037037037,0.6601851851851852,0.9143370094896127,0.061851851851851825,0.7306122448979593,0.6680117185340777,0.9143177153120057,0.06260052636388158,0.7045454545454546,0.8,1.135483870967742,-0.09545454545454546,0.5740740740740741,0.37037037037037035,0.6451612903225806,0.20370370370370372,0.6326530612244898,0.5063291139240507,0.8003266639444672,0.12632394730043917,0.4690613163740094,0.41455710587099653,0.8838015231689804,0.05450421050301285,0.8338888888888889,0.8375925925925926,1.004441483455474,-0.0037037037037036535,0.87,0.95,1.0919540229885056,-0.07999999999999996,0.7067138349038063,0.5931710140017394,0.8393369206964489,0.11354282090206691,0.6601851851851852,0.6680117185340777,0.8375925925925926,0.41455710587099653,0.5931710140017394,0.7467532467532467,0.7682170542635659,0.6601851851851852,0.8,0.37037037037037035,0.5063291139240507,0.95
pima,label_noise→imputation→balance→outliers,"('label_noise', 'imputation', 'balance', 'outliers')",random_forest,46,613,887,154,0.7499299049377441,False,0.7662337662337663,0.7402597402597403,0.9661016949152542,0.025974025974025983,0.722037037037037,0.6509259259259259,0.9015132085150038,0.07111111111111112,0.7477272727272728,0.7612179487179487,1.0180422414464967,-0.013490675990675882,0.722037037037037,0.6509259259259259,0.9015132085150038,0.07111111111111112,0.7306122448979593,0.6566332218506131,0.8987437952703922,0.07397902304734616,0.7045454545454546,0.7916666666666666,1.1236559139784945,-0.08712121212121204,0.5740740740740741,0.35185185185185186,0.6129032258064516,0.2222222222222222,0.6326530612244898,0.48717948717948717,0.7700578990901571,0.14547357404500266,0.4690613163740094,0.397112380964016,0.8466108099338032,0.07194893540999336,0.8338888888888889,0.8459259259259259,1.0144348212302907,-0.012037037037036957,0.87,0.95,1.0919540229885056,-0.07999999999999996,0.7067138349038063,0.5781515884776753,0.818084435203352,0.128562246426131,0.6509259259259259,0.6566332218506131,0.8459259259259259,0.397112380964016,0.5781515884776753,0.7402597402597403,0.7612179487179487,0.6509259259259259,0.7916666666666666,0.35185185185185186,0.48717948717948717,0.95
pima,label_noise→outliers→imputation→balance,"('label_noise', 'outliers', 'imputation', 'balance')",random_forest,46,613,883,154,1.0065879821777344,False,0.7662337662337663,0.7337662337662337,0.9576271186440677,0.032467532467532534,0.722037037037037,0.6416666666666666,0.8886894075403949,0.08037037037037043,0.7477272727272728,0.7538997676734152,1.00825500843861,-0.0061724949461423595,0.722037037037037,0.6416666666666666,0.8886894075403949,0.08037037037037043,0.7306122448979593,0.645021645021645,0.882850854917894,0.08559059987631423,0.7045454545454546,0.782608695652174,1.1107994389901823,-0.07806324110671936,0.5740740740740741,0.3333333333333333,0.5806451612903225,0.24074074074074076,0.6326530612244898,0.4675324675324675,0.7390029325513195,0.1651205936920223,0.4690613163740094,0.37931060493339136,0.8086588931817719,0.08975071144061803,0.8338888888888889,0.8336111111111111,0.9996668887408394,0.0002777777777778212,0.87,0.95,1.0919540229885056,-0.07999999999999996,0.7067138349038063,0.5627314338711378,0.79626491810187,0.14398240103266857,0.6416666666666666,0.645021645021645,0.8336111111111111,0.37931060493339136,0.5627314338711378,0.7337662337662337,0.7538997676734152,0.6416666666666666,0.782608695652174,0.3333333333333333,0.4675324675324675,0.95
pima,label_noise→outliers→balance→imputation,"('label_noise', 'outliers', 'balance', 'imputation')",random_forest,46,613,883,154,0.728236198425293,False,0.7662337662337663,0.7142857142857143,0.9322033898305084,0.051948051948051965,0.722037037037037,0.6181481481481481,0.8561169530648884,0.10388888888888892,0.7477272727272728,0.7196969696969697,0.9625126646403241,0.028030303030303072,0.722037037037037,0.6181481481481481,0.8561169530648884,0.10388888888888892,0.7306122448979593,0.6156987295825771,0.8427161382554825,0.11491351531538219,0.7045454545454546,0.7272727272727273,1.032258064516129,-0.022727272727272707,0.5740740740740741,0.2962962962962963,0.5161290322580645,0.2777777777777778,0.6326530612244898,0.42105263157894735,0.66553480475382,0.2116004296455425,0.4690613163740094,0.32222222222222224,0.6869511745566672,0.14683909415178714,0.8338888888888889,0.8418518518518519,1.0095491894292694,-0.00796296296296295,0.87,0.94,1.0804597701149425,-0.06999999999999995,0.7067138349038063,0.5277485372016852,0.7467641230959051,0.1789652977021211,0.6181481481481481,0.6156987295825771,0.8418518518518519,0.32222222222222224,0.5277485372016852,0.7142857142857143,0.7196969696969697,0.6181481481481481,0.7272727272727273,0.2962962962962963,0.42105263157894735,0.94
pima,label_noise→balance→imputation→outliers,"('label_noise', 'balance', 'imputation', 'outliers')",random_forest,46,613,887,154,0.7385990619659424,False,0.7662337662337663,0.7532467532467533,0.9830508474576272,0.012987012987012991,0.722037037037037,0.6651851851851851,0.9212618620159014,0.05685185185185193,0.7477272727272728,0.785897435897436,1.0510482425376042,-0.038170163170163196,0.722037037037037,0.6651851851851851,0.9212618620159014,0.05685185185185193,0.7306122448979593,0.6738015607580825,0.9222423596968167,0.05681068413987678,0.7045454545454546,0.8333333333333334,1.1827956989247312,-0.12878787878787878,0.5740740740740741,0.37037037037037035,0.6451612903225806,0.20370370370370372,0.6326530612244898,0.5128205128205128,0.8105872622001653,0.11983254840397706,0.4690613163740094,0.43463097401215006,0.9265973527128252,0.03443034236185932,0.8338888888888889,0.832962962962963,0.9988896291361316,0.0009259259259258856,0.87,0.96,1.103448275862069,-0.08999999999999997,0.7067138349038063,0.5962847939999438,0.8437429190573389,0.11042904090386252,0.6651851851851851,0.6738015607580825,0.832962962962963,0.43463097401215006,0.5962847939999438,0.7532467532467533,0.785897435897436,0.6651851851851851,0.8333333333333334,0.37037037037037035,0.5128205128205128,0.96
pima,label_noise→balance→outliers→imputation,"('label_noise', 'balance', 'outliers', 'imputation')",random_forest,46,613,887,154,0.7343673706054688,False,0.7662337662337663,0.7532467532467533,0.9830508474576272,0.012987012987012991,0.722037037037037,0.6651851851851851,0.9212618620159014,0.05685185185185193,0.7477272727272728,0.785897435897436,1.0510482425376042,-0.038170163170163196,0.722037037037037,0.6651851851851851,0.9212618620159014,0.05685185185185193,0.7306122448979593,0.6738015607580825,0.9222423596968167,0.05681068413987678,0.7045454545454546,0.8333333333333334,1.1827956989247312,-0.12878787878787878,0.5740740740740741,0.37037037037037035,0.6451612903225806,0.20370370370370372,0.6326530612244898,0.5128205128205128,0.8105872622001653,0.11983254840397706,0.4690613163740094,0.43463097401215006,0.9265973527128252,0.03443034236185932,0.8338888888888889,0.832962962962963,0.9988896291361316,0.0009259259259258856,0.87,0.96,1.103448275862069,-0.08999999999999997,0.7067138349038063,0.5962847939999438,0.8437429190573389,0.11042904090386252,0.6651851851851851,0.6738015607580825,0.832962962962963,0.43463097401215006,0.5962847939999438,0.7532467532467533,0.785897435897436,0.6651851851851851,0.8333333333333334,0.37037037037037035,0.5128205128205128,0.96
pima,outliers→imputation→label_noise→balance,"('outliers', 'imputation', 'label_noise', 'balance')",random_forest,46,613,885,154,0.7294430732727051,False,0.7662337662337663,0.7272727272727273,0.9491525423728814,0.038961038961038974,0.722037037037037,0.6324074074074074,0.8758656065657862,0.08962962962962961,0.7477272727272728,0.7462121212121212,0.9979736575481255,0.0015151515151515804,0.722037037037037,0.6324074074074074,0.8758656065657862,0.08962962962962961,0.7306122448979593,0.6331669691470054,0.866625181234728,0.09744527575095385,0.7045454545454546,0.7727272727272727,1.096774193548387,-0.06818181818181812,0.5740740740740741,0.3148148148148148,0.5483870967741936,0.25925925925925924,0.6326530612244898,0.4473684210526316,0.7071307300509337,0.18528464017185825,0.4690613163740094,0.3611111111111111,0.769859074934196,0.10795020526289828,0.8338888888888889,0.8435185185185186,1.0115478569842327,-0.009629629629629655,0.87,0.95,1.0919540229885056,-0.07999999999999996,0.7067138349038063,0.5468766534366539,0.7738304055008227,0.15983718146715242,0.6324074074074074,0.6331669691470054,0.8435185185185186,0.3611111111111111,0.5468766534366539,0.7272727272727273,0.7462121212121212,0.6324074074074074,0.7727272727272727,0.3148148148148148,0.4473684210526316,0.95
pima,outliers→imputation→balance→label_noise,"('outliers', 'imputation', 'balance', 'label_noise')",random_forest,46,613,741,154,0.7955567836761475,False,0.7662337662337663,0.7987012987012987,1.042372881355932,-0.03246753246753242,0.722037037037037,0.7768518518518519,1.0759169017696846,-0.05481481481481487,0.7477272727272728,0.7792826452456566,1.042201714006349,-0.031555372518383806,0.722037037037037,0.7768518518518519,1.0759169017696846,-0.05481481481481487,0.7306122448979593,0.7780257590551913,1.0648955920029153,-0.04741351415723205,0.7045454545454546,0.7169811320754716,1.017650639074863,-0.012435677530017064,0.5740740740740741,0.7037037037037037,1.2258064516129032,-0.12962962962962965,0.6326530612244898,0.7102803738317757,1.1227012360566777,-0.07762731260728584,0.4690613163740094,0.5561291847272316,1.1856215068560418,-0.08706786835322222,0.8338888888888889,0.842037037037037,1.009771263602043,-0.008148148148148127,0.87,0.85,0.9770114942528736,0.020000000000000018,0.7067138349038063,0.7734003802353269,1.0943614544359352,-0.06668654533152052,0.7768518518518519,0.7780257590551913,0.842037037037037,0.5561291847272316,0.7734003802353269,0.7987012987012987,0.7792826452456566,0.7768518518518519,0.7169811320754716,0.7037037037037037,0.7102803738317757,0.85
pima,outliers→label_noise→imputation→balance,"('outliers', 'label_noise', 'imputation', 'balance')",random_forest,46,613,869,154,0.7317168712615967,False,0.7662337662337663,0.7532467532467533,0.9830508474576272,0.012987012987012991,0.722037037037037,0.677962962962963,0.9389587073608618,0.04407407407407404,0.7477272727272728,0.7583333333333333,1.0141843971631204,-0.010606060606060508,0.722037037037037,0.677962962962963,0.9389587073608618,0.04407407407407404,0.7306122448979593,0.6889880952380953,0.9430283985102421,0.04162414965986394,0.7045454545454546,0.7666666666666667,1.0881720430107527,-0.06212121212121213,0.5740740740740741,0.42592592592592593,0.7419354838709677,0.14814814814814814,0.6326530612244898,0.5476190476190477,0.8655913978494624,0.08503401360544216,0.4690613163740094,0.4288298750418341,0.9142298886568245,0.040231441332175266,0.8338888888888889,0.8462962962962962,1.0148789695758382,-0.012407407407407312,0.87,0.93,1.0689655172413794,-0.06000000000000005,0.7067138349038063,0.6293735862833069,0.8905635565617213,0.07734024862049949,0.677962962962963,0.6889880952380953,0.8462962962962962,0.4288298750418341,0.6293735862833069,0.7532467532467533,0.7583333333333333,0.677962962962963,0.7666666666666667,0.42592592592592593,0.5476190476190477,0.93
pima,outliers→label_noise→balance→imputation,"('outliers', 'label_noise', 'balance', 'imputation')",random_forest,46,613,869,154,0.7274038791656494,False,0.7662337662337663,0.7662337662337663,1.0,0.0,0.722037037037037,0.6837037037037037,0.9469094639651192,0.03833333333333333,0.7477272727272728,0.7980769230769231,1.0673369184007482,-0.05034965034965033,0.722037037037037,0.6837037037037037,0.9469094639651192,0.03833333333333333,0.7306122448979593,0.6960526315789474,0.9526977359600116,0.03455961331901192,0.7045454545454546,0.8461538461538461,1.2009925558312655,-0.14160839160839156,0.5740740740740741,0.4074074074074074,0.7096774193548386,0.16666666666666669,0.6326530612244898,0.55,0.8693548387096774,0.08265306122448979,0.4690613163740094,0.46800784077976626,0.9977540770098314,0.001053475594243125,0.8338888888888889,0.8490740740740741,1.018210082167444,-0.01518518518518519,0.87,0.96,1.103448275862069,-0.08999999999999997,0.7067138349038063,0.6253887679764573,0.8849250390882492,0.08132506692734909,0.6837037037037037,0.6960526315789474,0.8490740740740741,0.46800784077976626,0.6253887679764573,0.7662337662337663,0.7980769230769231,0.6837037037037037,0.8461538461538461,0.4074074074074074,0.55,0.96
pima,outliers→balance→imputation→label_noise,"('outliers', 'balance', 'imputation', 'label_noise')",random_forest,46,613,741,154,0.7905399799346924,False,0.7662337662337663,0.7792207792207793,1.0169491525423728,-0.012987012987012991,0.722037037037037,0.7533333333333333,1.043344447294178,-0.031296296296296267,0.7477272727272728,0.7579185520361991,1.013629674455707,-0.010191279308926271,0.722037037037037,0.7533333333333333,1.043344447294178,-0.031296296296296267,0.7306122448979593,0.7554642256678498,1.0340152809420289,-0.02485198076989048,0.7045454545454546,0.6923076923076923,0.9826302729528535,0.012237762237762295,0.5740740740740741,0.6666666666666666,1.161290322580645,-0.09259259259259256,0.6326530612244898,0.6792452830188679,1.0736457699330493,-0.04659222179437805,0.4690613163740094,0.5112313234371975,1.0899029734303725,-0.042170007063188075,0.8338888888888889,0.8314814814814815,0.9971130357539418,0.0024074074074074137,0.87,0.84,0.9655172413793103,0.030000000000000027,0.7067138349038063,0.7483314773547882,1.0588889595696773,-0.04161764245098187,0.7533333333333333,0.7554642256678498,0.8314814814814815,0.5112313234371975,0.7483314773547882,0.7792207792207793,0.7579185520361991,0.7533333333333333,0.6923076923076923,0.6666666666666666,0.6792452830188679,0.84
pima,outliers→balance→label_noise→imputation,"('outliers', 'balance', 'label_noise', 'imputation')",random_forest,46,613,741,154,0.8674681186676025,False,0.7662337662337663,0.7792207792207793,1.0169491525423728,-0.012987012987012991,0.722037037037037,0.7533333333333333,1.043344447294178,-0.031296296296296267,0.7477272727272728,0.7579185520361991,1.013629674455707,-0.010191279308926271,0.722037037037037,0.7533333333333333,1.043344447294178,-0.031296296296296267,0.7306122448979593,0.7554642256678498,1.0340152809420289,-0.02485198076989048,0.7045454545454546,0.6923076923076923,0.9826302729528535,0.012237762237762295,0.5740740740740741,0.6666666666666666,1.161290322580645,-0.09259259259259256,0.6326530612244898,0.6792452830188679,1.0736457699330493,-0.04659222179437805,0.4690613163740094,0.5112313234371975,1.0899029734303725,-0.042170007063188075,0.8338888888888889,0.8314814814814815,0.9971130357539418,0.0024074074074074137,0.87,0.84,0.9655172413793103,0.030000000000000027,0.7067138349038063,0.7483314773547882,1.0588889595696773,-0.04161764245098187,0.7533333333333333,0.7554642256678498,0.8314814814814815,0.5112313234371975,0.7483314773547882,0.7792207792207793,0.7579185520361991,0.7533333333333333,0.6923076923076923,0.6666666666666666,0.6792452830188679,0.84
pima,balance→imputation→label_noise→outliers,"('balance', 'imputation', 'label_noise', 'outliers')",random_forest,46,613,743,154,0.8618149757385254,False,0.7662337662337663,0.7662337662337663,1.0,0.0,0.722037037037037,0.7433333333333333,1.0294947422416003,-0.021296296296296258,0.7477272727272728,0.7433333333333333,0.9941236068895641,0.0043939393939395055,0.722037037037037,0.7433333333333333,1.0294947422416003,-0.021296296296296258,0.7306122448979593,0.7433333333333333,1.017411545623836,-0.012721088435374006,0.7045454545454546,0.6666666666666666,0.9462365591397849,0.037878787878787956,0.5740740740740741,0.6666666666666666,1.161290322580645,-0.09259259259259256,0.6326530612244898,0.6666666666666666,1.053763440860215,-0.0340136054421768,0.4690613163740094,0.4866666666666667,1.037533153295932,-0.017605350292657307,0.8338888888888889,0.825925925925926,0.9904508105707306,0.00796296296296295,0.87,0.82,0.9425287356321839,0.050000000000000044,0.7067138349038063,0.7393691004272944,1.0462071971860194,-0.032655265523488075,0.7433333333333333,0.7433333333333333,0.825925925925926,0.4866666666666667,0.7393691004272944,0.7662337662337663,0.7433333333333333,0.7433333333333333,0.6666666666666666,0.6666666666666666,0.6666666666666666,0.82
pima,balance→imputation→outliers→label_noise,"('balance', 'imputation', 'outliers', 'label_noise')",random_forest,46,613,743,154,0.7822000980377197,False,0.7662337662337663,0.7857142857142857,1.0254237288135593,-0.01948051948051943,0.722037037037037,0.7711111111111111,1.067966145165427,-0.04907407407407405,0.7477272727272728,0.7647856755290288,1.0228136694005248,-0.017058402801755967,0.722037037037037,0.7711111111111111,1.067966145165427,-0.04907407407407405,0.7306122448979593,0.7675950061736865,1.050618863198621,-0.036982761275727194,0.7045454545454546,0.6842105263157895,0.9711375212224108,0.020334928229665095,0.5740740740740741,0.7222222222222222,1.2580645161290323,-0.14814814814814814,0.6326530612244898,0.7027027027027027,1.110723626852659,-0.07004964147821291,0.4690613163740094,0.5358594543310069,1.1424081151551102,-0.06679813795699752,0.8338888888888889,0.8351851851851853,1.001554519209416,-0.001296296296296351,0.87,0.82,0.9425287356321839,0.050000000000000044,0.7067138349038063,0.7695597587076797,1.0889269753894482,-0.06284592380387333,0.7711111111111111,0.7675950061736865,0.8351851851851853,0.5358594543310069,0.7695597587076797,0.7857142857142857,0.7647856755290288,0.7711111111111111,0.6842105263157895,0.7222222222222222,0.7027027027027027,0.82
pima,balance→label_noise→imputation→outliers,"('balance', 'label_noise', 'imputation', 'outliers')",random_forest,46,613,743,154,0.779914140701294,False,0.7662337662337663,0.7662337662337663,1.0,0.0,0.722037037037037,0.7433333333333333,1.0294947422416003,-0.021296296296296258,0.7477272727272728,0.7433333333333333,0.9941236068895641,0.0043939393939395055,0.722037037037037,0.7433333333333333,1.0294947422416003,-0.021296296296296258,0.7306122448979593,0.7433333333333333,1.017411545623836,-0.012721088435374006,0.7045454545454546,0.6666666666666666,0.9462365591397849,0.037878787878787956,0.5740740740740741,0.6666666666666666,1.161290322580645,-0.09259259259259256,0.6326530612244898,0.6666666666666666,1.053763440860215,-0.0340136054421768,0.4690613163740094,0.4866666666666667,1.037533153295932,-0.017605350292657307,0.8338888888888889,0.825925925925926,0.9904508105707306,0.00796296296296295,0.87,0.82,0.9425287356321839,0.050000000000000044,0.7067138349038063,0.7393691004272944,1.0462071971860194,-0.032655265523488075,0.7433333333333333,0.7433333333333333,0.825925925925926,0.4866666666666667,0.7393691004272944,0.7662337662337663,0.7433333333333333,0.7433333333333333,0.6666666666666666,0.6666666666666666,0.6666666666666666,0.82
pima,balance→label_noise→outliers→imputation,"('balance', 'label_noise', 'outliers', 'imputation')",random_forest,46,613,743,154,0.7923939228057861,False,0.7662337662337663,0.7662337662337663,1.0,0.0,0.722037037037037,0.7433333333333333,1.0294947422416003,-0.021296296296296258,0.7477272727272728,0.7433333333333333,0.9941236068895641,0.0043939393939395055,0.722037037037037,0.7433333333333333,1.0294947422416003,-0.021296296296296258,0.7306122448979593,0.7433333333333333,1.017411545623836,-0.012721088435374006,0.7045454545454546,0.6666666666666666,0.9462365591397849,0.037878787878787956,0.5740740740740741,0.6666666666666666,1.161290322580645,-0.09259259259259256,0.6326530612244898,0.6666666666666666,1.053763440860215,-0.0340136054421768,0.4690613163740094,0.4866666666666667,1.037533153295932,-0.017605350292657307,0.8338888888888889,0.825925925925926,0.9904508105707306,0.00796296296296295,0.87,0.82,0.9425287356321839,0.050000000000000044,0.7067138349038063,0.7393691004272944,1.0462071971860194,-0.032655265523488075,0.7433333333333333,0.7433333333333333,0.825925925925926,0.4866666666666667,0.7393691004272944,0.7662337662337663,0.7433333333333333,0.7433333333333333,0.6666666666666666,0.6666666666666666,0.6666666666666666,0.82
pima,balance→outliers→imputation→label_noise,"('balance', 'outliers', 'imputation', 'label_noise')",random_forest,46,613,743,154,0.8124141693115234,False,0.7662337662337663,0.7857142857142857,1.0254237288135593,-0.01948051948051943,0.722037037037037,0.7711111111111111,1.067966145165427,-0.04907407407407405,0.7477272727272728,0.7647856755290288,1.0228136694005248,-0.017058402801755967,0.722037037037037,0.7711111111111111,1.067966145165427,-0.04907407407407405,0.7306122448979593,0.7675950061736865,1.050618863198621,-0.036982761275727194,0.7045454545454546,0.6842105263157895,0.9711375212224108,0.020334928229665095,0.5740740740740741,0.7222222222222222,1.2580645161290323,-0.14814814814814814,0.6326530612244898,0.7027027027027027,1.110723626852659,-0.07004964147821291,0.4690613163740094,0.5358594543310069,1.1424081151551102,-0.06679813795699752,0.8338888888888889,0.8351851851851853,1.001554519209416,-0.001296296296296351,0.87,0.82,0.9425287356321839,0.050000000000000044,0.7067138349038063,0.7695597587076797,1.0889269753894482,-0.06284592380387333,0.7711111111111111,0.7675950061736865,0.8351851851851853,0.5358594543310069,0.7695597587076797,0.7857142857142857,0.7647856755290288,0.7711111111111111,0.6842105263157895,0.7222222222222222,0.7027027027027027,0.82
pima,balance→outliers→label_noise→imputation,"('balance', 'outliers', 'label_noise', 'imputation')",random_forest,46,613,743,154,0.779634952545166,False,0.7662337662337663,0.7857142857142857,1.0254237288135593,-0.01948051948051943,0.722037037037037,0.7711111111111111,1.067966145165427,-0.04907407407407405,0.7477272727272728,0.7647856755290288,1.0228136694005248,-0.017058402801755967,0.722037037037037,0.7711111111111111,1.067966145165427,-0.04907407407407405,0.7306122448979593,0.7675950061736865,1.050618863198621,-0.036982761275727194,0.7045454545454546,0.6842105263157895,0.9711375212224108,0.020334928229665095,0.5740740740740741,0.7222222222222222,1.2580645161290323,-0.14814814814814814,0.6326530612244898,0.7027027027027027,1.110723626852659,-0.07004964147821291,0.4690613163740094,0.5358594543310069,1.1424081151551102,-0.06679813795699752,0.8338888888888889,0.8351851851851853,1.001554519209416,-0.001296296296296351,0.87,0.82,0.9425287356321839,0.050000000000000044,0.7067138349038063,0.7695597587076797,1.0889269753894482,-0.06284592380387333,0.7711111111111111,0.7675950061736865,0.8351851851851853,0.5358594543310069,0.7695597587076797,0.7857142857142857,0.7647856755290288,0.7711111111111111,0.6842105263157895,0.7222222222222222,0.7027027027027027,0.82
