dataset,cleaning_order,order_tuple,model,seed,n_train_clean,n_train_cleaned,n_test,total_time,failed,accuracy_baseline,accuracy_cleaned,accuracy_recovery,accuracy_gap,balanced_accuracy_baseline,balanced_accuracy_cleaned,balanced_accuracy_recovery,balanced_accuracy_gap,precision_macro_baseline,precision_macro_cleaned,precision_macro_recovery,precision_macro_gap,recall_macro_baseline,recall_macro_cleaned,recall_macro_recovery,recall_macro_gap,f1_macro_baseline,f1_macro_cleaned,f1_macro_recovery,f1_macro_gap,precision_minority_baseline,precision_minority_cleaned,precision_minority_recovery,precision_minority_gap,recall_minority_baseline,recall_minority_cleaned,recall_minority_recovery,recall_minority_gap,f1_minority_baseline,f1_minority_cleaned,f1_minority_recovery,f1_minority_gap,mcc_baseline,mcc_cleaned,mcc_recovery,mcc_gap,auc_baseline,auc_cleaned,auc_recovery,auc_gap,specificity_baseline,specificity_cleaned,specificity_recovery,specificity_gap,gmean_baseline,gmean_cleaned,gmean_recovery,gmean_gap,balanced_accuracy,f1_macro,auc,mcc,gmean,accuracy,precision_macro,recall_macro,precision_minority,recall_minority,f1_minority,specificity
spambase,imputation→label_noise→outliers→balance,"('imputation', 'label_noise', 'outliers', 'balance')",random_forest,42,3680,4176,921,2.3296308517456055,False,0.9326818675352877,0.8968512486427795,0.9615832363213038,0.03583061889250816,0.9237462602565242,0.8744408898367843,0.9466245520647111,0.049305370419739925,0.9350348204239273,0.9144734684955462,0.9780100682036003,0.020561351928381044,0.9237462602565242,0.8744408898367843,0.9466245520647111,0.049305370419739925,0.9286474733843155,0.8873092680866081,0.9554855782387944,0.041338205297707376,0.943952802359882,0.9620689655172414,1.0191918103448276,-0.01811616315735942,0.8815426997245179,0.768595041322314,0.871875,0.11294765840220389,0.9116809116809117,0.8545176110260337,0.9372990045941807,0.05716330065487796,0.8587068841834395,0.7878979993811652,0.917540098831736,0.07080888480227432,0.982340511666025,0.9527582768051976,0.9698859667197716,0.02958223486082734,0.9659498207885304,0.9802867383512545,1.0148423005565863,-0.014336917562724039,0.9227816712615912,0.8680112477213638,0.9406463898818587,0.05477042354022732,0.8744408898367843,0.8873092680866081,0.9527582768051976,0.7878979993811652,0.8680112477213638,0.8968512486427795,0.9144734684955462,0.8744408898367843,0.9620689655172414,0.768595041322314,0.8545176110260337,0.9802867383512545
spambase,imputation→label_noise→balance→outliers,"('imputation', 'label_noise', 'balance', 'outliers')",random_forest,42,3680,4258,921,2.4101808071136475,False,0.9326818675352877,0.9022801302931596,0.9674039580908033,0.030401737242128135,0.9237462602565242,0.8803652359370835,0.9530379432254548,0.043381024319440686,0.9350348204239273,0.9202503681885126,0.984188340463394,0.014784452235414691,0.9237462602565242,0.8803652359370835,0.9530379432254548,0.043381024319440686,0.9286474733843155,0.8933138726716708,0.96195154595761,0.035333600712644686,0.943952802359882,0.9690721649484536,1.026610824742268,-0.025119362588571614,0.8815426997245179,0.7768595041322314,0.88125,0.10468319559228656,0.9116809116809117,0.8623853211009175,0.9459288990825688,0.04929559057999422,0.8587068841834395,0.799621486576417,0.9311925888853121,0.05908539760702258,0.982340511666025,0.9530396832449619,0.9701724319896269,0.029300828421063074,0.9659498207885304,0.9838709677419355,1.018552875695733,-0.017921146953405076,0.9227816712615912,0.8742594078018827,0.9474173957168323,0.04852226345970845,0.8803652359370835,0.8933138726716708,0.9530396832449619,0.799621486576417,0.8742594078018827,0.9022801302931596,0.9202503681885126,0.8803652359370835,0.9690721649484536,0.7768595041322314,0.8623853211009175,0.9838709677419355
spambase,imputation→outliers→label_noise→balance,"('imputation', 'outliers', 'label_noise', 'balance')",random_forest,42,3680,4174,921,2.228494167327881,False,0.9326818675352877,0.9011943539630836,0.9662398137369034,0.03148751357220414,0.9237462602565242,0.8799505317100624,0.9525890058442026,0.04379572854646174,0.9350348204239273,0.9174966637372652,0.9812433116889587,0.017538156686662032,0.9237462602565242,0.8799505317100624,0.9525890058442026,0.04379572854646174,0.9286474733843155,0.8923491898348843,0.9609127418210189,0.03629828354943121,0.943952802359882,0.9625850340136054,1.0197385204081633,-0.018632231653723408,0.8815426997245179,0.7796143250688705,0.884375,0.10192837465564741,0.9116809116809117,0.8614916286149162,0.9449486301369863,0.05018928306599546,0.8587068841834395,0.7965628145329182,0.9276306376539472,0.06214406965052133,0.982340511666025,0.9504058177078705,0.9674912175779109,0.031934693958154514,0.9659498207885304,0.9802867383512545,1.0148423005565863,-0.014336917562724039,0.9227816712615912,0.8742114068654547,0.9473653780642034,0.04857026439613643,0.8799505317100624,0.8923491898348843,0.9504058177078705,0.7965628145329182,0.8742114068654547,0.9011943539630836,0.9174966637372652,0.8799505317100624,0.9625850340136054,0.7796143250688705,0.8614916286149162,0.9802867383512545
spambase,imputation→outliers→balance→label_noise,"('imputation', 'outliers', 'balance', 'label_noise')",random_forest,42,3680,4192,921,2.4271013736724854,False,0.9326818675352877,0.9229098805646037,0.989522700814901,0.009771986970684043,0.9237462602565242,0.9099055066797002,0.9850167149007126,0.013840753576824016,0.9350348204239273,0.9292449903840189,0.9938078990071371,0.005789830039908406,0.9237462602565242,0.9099055066797002,0.9850167149007126,0.013840753576824016,0.9286474733843155,0.9175901245770242,0.9880930610116296,0.011057348807291367,0.943952802359882,0.9506172839506173,1.0070601851851853,-0.006664481590735294,0.8815426997245179,0.8484848484848485,0.9625,0.03305785123966942,0.9116809116809117,0.8966521106259098,0.9835152838427947,0.015028801055001928,0.8587068841834395,0.8389276137381205,0.9769662141882938,0.01977927044531902,0.982340511666025,0.9588257946029208,0.9760625599943712,0.02351471706310415,0.9659498207885304,0.9713261648745519,1.0055658627087198,-0.005376344086021501,0.9227816712615912,0.9078301238849442,0.9837973078114938,0.014951547376646945,0.9099055066797002,0.9175901245770242,0.9588257946029208,0.8389276137381205,0.9078301238849442,0.9229098805646037,0.9292449903840189,0.9099055066797002,0.9506172839506173,0.8484848484848485,0.8966521106259098,0.9713261648745519
spambase,imputation→balance→label_noise→outliers,"('imputation', 'balance', 'label_noise', 'outliers')",random_forest,42,3680,4191,921,2.375352144241333,False,0.9326818675352877,0.9163952225841476,0.9825378346915017,0.016286644951140072,0.9237462602565242,0.9001969845078349,0.974506770136044,0.023549275748689258,0.9350348204239273,0.9266215106732348,0.9910021428433243,0.008413309750692433,0.9237462602565242,0.9001969845078349,0.974506770136044,0.023549275748689258,0.9286474733843155,0.9099723888412834,0.9798900173873584,0.018675084543032128,0.943952802359882,0.9583333333333334,1.0152343750000001,-0.014380530973451378,0.8815426997245179,0.8236914600550964,0.934375,0.05785123966942152,0.9116809116809117,0.8859259259259259,0.9717499999999999,0.025754985754985804,0.8587068841834395,0.8263961328505978,0.9623727817629334,0.03231075133284178,0.982340511666025,0.9585073610000296,0.9757384019258506,0.02383315066599534,0.9659498207885304,0.9767025089605734,1.0111317254174397,-0.010752688172043001,0.9227816712615912,0.8969400847577338,0.9719959907000236,0.025841586503857372,0.9001969845078349,0.9099723888412834,0.9585073610000296,0.8263961328505978,0.8969400847577338,0.9163952225841476,0.9266215106732348,0.9001969845078349,0.9583333333333334,0.8236914600550964,0.8859259259259259,0.9767025089605734
spambase,imputation→balance→outliers→label_noise,"('imputation', 'balance', 'outliers', 'label_noise')",random_forest,42,3680,4191,921,2.4750449657440186,False,0.9326818675352877,0.9196525515743756,0.9860302677532014,0.013029315960912058,0.9237462602565242,0.9057732752747416,0.9805433745660941,0.01797298498178257,0.9350348204239273,0.9267445482866044,0.9911337289732545,0.008290272137322918,0.9237462602565242,0.9057732752747416,0.9805433745660941,0.01797298498178257,0.9286474733843155,0.9139547919886071,0.9841784080430831,0.014692681395708451,0.943952802359882,0.9501557632398754,1.006571261682243,-0.006202960879993391,0.8815426997245179,0.8402203856749312,0.953125,0.04132231404958675,0.9116809116809117,0.8918128654970761,0.9782072368421053,0.01986804618383564,0.8587068841834395,0.8322536465859324,0.9691941009385734,0.026453237597507173,0.982340511666025,0.9586357218322028,0.9758690702945566,0.023704789833822182,0.9659498207885304,0.9713261648745519,1.0055658627087198,-0.005376344086021501,0.9227816712615912,0.9033980544959391,0.9789943630554002,0.019383616765652034,0.9057732752747416,0.9139547919886071,0.9586357218322028,0.8322536465859324,0.9033980544959391,0.9196525515743756,0.9267445482866044,0.9057732752747416,0.9501557632398754,0.8402203856749312,0.8918128654970761,0.9713261648745519
spambase,label_noise→imputation→outliers→balance,"('label_noise', 'imputation', 'outliers', 'balance')",random_forest,42,3680,4183,921,2.2550578117370605,False,0.9326818675352877,0.9011943539630836,0.9662398137369034,0.03148751357220414,0.9237462602565242,0.8794691785894132,0.9520679178123923,0.044277081667110973,0.9350348204239273,0.9184887949996733,0.9823043751282414,0.016546025424253985,0.9237462602565242,0.8794691785894132,0.9520679178123923,0.044277081667110973,0.9286474733843155,0.8922024219116768,0.9607546970005526,0.03644505147263877,0.943952802359882,0.9657534246575342,1.0230950342465752,-0.021800622297652228,0.8815426997245179,0.7768595041322314,0.88125,0.10468319559228656,0.9116809116809117,0.8610687022900764,0.9444847328244275,0.05061220939083533,0.8587068841834395,0.79700338590849,0.9281437014056029,0.061703498274949586,0.982340511666025,0.9523731943086782,0.9694939616136538,0.029967317357346812,0.9659498207885304,0.982078853046595,1.0166975881261597,-0.016129032258064613,0.9227816712615912,0.8734628159209346,0.9465541450631223,0.04931885534065661,0.8794691785894132,0.8922024219116768,0.9523731943086782,0.79700338590849,0.8734628159209346,0.9011943539630836,0.9184887949996733,0.8794691785894132,0.9657534246575342,0.7768595041322314,0.8610687022900764,0.982078853046595
spambase,label_noise→imputation→balance→outliers,"('label_noise', 'imputation', 'balance', 'outliers')",random_forest,42,3680,4266,921,2.285533905029297,False,0.9326818675352877,0.9044516829533116,0.969732246798603,0.028230184581976125,0.9237462602565242,0.8845641162356706,0.9575834342106319,0.039182144020853626,0.9350348204239273,0.9188398627794685,0.9826798347069938,0.016194957644458774,0.9237462602565242,0.8845641162356706,0.9575834342106319,0.039182144020853626,0.9286474733843155,0.8962466076091966,0.9651096172619317,0.032400865775118914,0.943952802359882,0.959866220735786,1.0168582775919732,-0.015913418375903987,0.8815426997245179,0.790633608815427,0.896875,0.09090909090909094,0.9116809116809117,0.8670694864048338,0.9510668429003021,0.044611425276077865,0.8587068841834395,0.8026724903073628,0.9347456100467146,0.05603439387607678,0.982340511666025,0.9562585779594577,0.9734491926202524,0.026081933706567306,0.9659498207885304,0.978494623655914,1.012987012987013,-0.012544802867383575,0.9227816712615912,0.8795628093021943,0.9531645856161082,0.04321886195939684,0.8845641162356706,0.8962466076091966,0.9562585779594577,0.8026724903073628,0.8795628093021943,0.9044516829533116,0.9188398627794685,0.8845641162356706,0.959866220735786,0.790633608815427,0.8670694864048338,0.978494623655914
spambase,label_noise→outliers→imputation→balance,"('label_noise', 'outliers', 'imputation', 'balance')",random_forest,42,3680,4174,921,2.6229848861694336,False,0.9326818675352877,0.9044516829533116,0.969732246798603,0.028230184581976125,0.9237462602565242,0.8836014099943719,0.956541258147011,0.04014485026215231,0.9350348204239273,0.9207505279688093,0.9847232507890543,0.014284292455117975,0.9237462602565242,0.8836014099943719,0.956541258147011,0.04014485026215231,0.9286474733843155,0.8959685369259838,0.9648101810483172,0.03267893645833175,0.943952802359882,0.9661016949152542,1.0234639830508474,-0.022148892555372224,0.8815426997245179,0.7851239669421488,0.890625,0.09641873278236912,0.9116809116809117,0.8662613981762918,0.95018047112462,0.045419513504619924,0.8587068841834395,0.8034936111375413,0.9357018395183805,0.05521327304589829,0.982340511666025,0.953582748304156,0.9707252597033827,0.02875776336186897,0.9659498207885304,0.982078853046595,1.0166975881261597,-0.016129032258064613,0.9227816712615912,0.878096603429223,0.9515756877016462,0.04468506783236814,0.8836014099943719,0.8959685369259838,0.953582748304156,0.8034936111375413,0.878096603429223,0.9044516829533116,0.9207505279688093,0.8836014099943719,0.9661016949152542,0.7851239669421488,0.8662613981762918,0.982078853046595
spambase,label_noise→outliers→balance→imputation,"('label_noise', 'outliers', 'balance', 'imputation')",random_forest,42,3680,4174,921,1.8913671970367432,False,0.9326818675352877,0.8968512486427795,0.9615832363213038,0.03583061889250816,0.9237462602565242,0.8782917148019787,0.9507932563191944,0.045454545454545525,0.9350348204239273,0.9071656304798342,0.9701944897287808,0.027869189944093042,0.9237462602565242,0.8782917148019787,0.9507932563191944,0.045454545454545525,0.9286474733843155,0.8885040465786627,0.9567721574050525,0.04014342680565286,0.943952802359882,0.9379084967320261,0.9935968137254902,0.0060443056278558505,0.8815426997245179,0.790633608815427,0.896875,0.09090909090909094,0.9116809116809117,0.8579970104633782,0.941115470852018,0.053683901217533525,0.8587068841834395,0.7849264540392183,0.9140796102800778,0.0737804301442212,0.982340511666025,0.952718781164529,0.969845761067862,0.02962173050149597,0.9659498207885304,0.9659498207885304,1.0,0.0,0.9227816712615912,0.8739063981598091,0.9470348462437905,0.04887527310178208,0.8782917148019787,0.8885040465786627,0.952718781164529,0.7849264540392183,0.8739063981598091,0.8968512486427795,0.9071656304798342,0.8782917148019787,0.9379084967320261,0.790633608815427,0.8579970104633782,0.9659498207885304
spambase,label_noise→balance→imputation→outliers,"('label_noise', 'balance', 'imputation', 'outliers')",random_forest,42,3680,4266,921,1.7408602237701416,False,0.9326818675352877,0.9022801302931596,0.9674039580908033,0.030401737242128135,0.9237462602565242,0.8846974140229272,0.9577277355117485,0.039048846233596946,0.9350348204239273,0.9120502569960023,0.9754184946636487,0.022984563427924987,0.9237462602565242,0.8846974140229272,0.9577277355117485,0.039048846233596946,0.9286474733843155,0.8945741758241759,0.9633086843644072,0.03407329756013966,0.943952802359882,0.941747572815534,0.9976638349514564,0.0022052295443479863,0.8815426997245179,0.8016528925619835,0.9093749999999999,0.07988980716253447,0.9116809116809117,0.8660714285714286,0.9499720982142857,0.045609483109483095,0.8587068841834395,0.7962780125404559,0.9272989738490935,0.06242887164298361,0.982340511666025,0.9547330588386307,0.9718962493152473,0.027607452827394297,0.9659498207885304,0.967741935483871,1.0018552875695734,-0.0017921146953405742,0.9227816712615912,0.8807911908245777,0.954495758049024,0.04199048043701348,0.8846974140229272,0.8945741758241759,0.9547330588386307,0.7962780125404559,0.8807911908245777,0.9022801302931596,0.9120502569960023,0.8846974140229272,0.941747572815534,0.8016528925619835,0.8660714285714286,0.967741935483871
spambase,label_noise→balance→outliers→imputation,"('label_noise', 'balance', 'outliers', 'imputation')",random_forest,42,3680,4266,921,1.7743849754333496,False,0.9326818675352877,0.9022801302931596,0.9674039580908033,0.030401737242128135,0.9237462602565242,0.8846974140229272,0.9577277355117485,0.039048846233596946,0.9350348204239273,0.9120502569960023,0.9754184946636487,0.022984563427924987,0.9237462602565242,0.8846974140229272,0.9577277355117485,0.039048846233596946,0.9286474733843155,0.8945741758241759,0.9633086843644072,0.03407329756013966,0.943952802359882,0.941747572815534,0.9976638349514564,0.0022052295443479863,0.8815426997245179,0.8016528925619835,0.9093749999999999,0.07988980716253447,0.9116809116809117,0.8660714285714286,0.9499720982142857,0.045609483109483095,0.8587068841834395,0.7962780125404559,0.9272989738490935,0.06242887164298361,0.982340511666025,0.9547330588386307,0.9718962493152473,0.027607452827394297,0.9659498207885304,0.967741935483871,1.0018552875695734,-0.0017921146953405742,0.9227816712615912,0.8807911908245777,0.954495758049024,0.04199048043701348,0.8846974140229272,0.8945741758241759,0.9547330588386307,0.7962780125404559,0.8807911908245777,0.9022801302931596,0.9120502569960023,0.8846974140229272,0.941747572815534,0.8016528925619835,0.8660714285714286,0.967741935483871
spambase,outliers→imputation→label_noise→balance,"('outliers', 'imputation', 'label_noise', 'balance')",random_forest,42,3680,4168,921,2.278710126876831,False,0.9326818675352877,0.9044516829533116,0.969732246798603,0.028230184581976125,0.9237462602565242,0.8831200568737225,0.9560201701152005,0.04062620338280165,0.9350348204239273,0.9217435490532815,0.9857852658742486,0.013291271370645785,0.9237462602565242,0.8831200568737225,0.9560201701152005,0.04062620338280165,0.9286474733843155,0.8958273351704849,0.964658130071444,0.032820138213830674,0.943952802359882,0.9692832764505119,1.026834470989761,-0.02533047409062994,0.8815426997245179,0.7823691460055097,0.8875,0.09917355371900827,0.9116809116809117,0.8658536585365854,0.949733231707317,0.04582725314432634,0.8587068841834395,0.8039363469813237,0.9362174238835895,0.05477053720211589,0.982340511666025,0.9543356339544022,0.9714916799429079,0.028004877711622744,0.9659498207885304,0.9838709677419355,1.018552875695733,-0.017921146953405076,0.9227816712615912,0.8773541410467455,0.9507710961004038,0.04542753021484569,0.8831200568737225,0.8958273351704849,0.9543356339544022,0.8039363469813237,0.8773541410467455,0.9044516829533116,0.9217435490532815,0.8831200568737225,0.9692832764505119,0.7823691460055097,0.8658536585365854,0.9838709677419355
spambase,outliers→imputation→balance→label_noise,"('outliers', 'imputation', 'balance', 'label_noise')",random_forest,42,3680,4188,921,2.3693602085113525,False,0.9326818675352877,0.9250814332247557,0.9918509895227008,0.007600434310532034,0.9237462602565242,0.9126603276163393,0.9879989417904584,0.01108593264018487,0.9350348204239273,0.930922307573336,0.9956017543296124,0.004112512850591221,0.9237462602565242,0.9126603276163393,0.9879989417904584,0.01108593264018487,0.9286474733843155,0.920005488301484,0.9906940089425569,0.008641985082831538,0.943952802359882,0.950920245398773,1.0073811349693251,-0.006967443038890964,0.8815426997245179,0.8539944903581267,0.9687499999999999,0.02754820936639124,0.9116809116809117,0.8998548621190131,0.9870283018867925,0.011826049561898588,0.8587068841834395,0.8433849432386182,0.9821569603935443,0.01532194094482131,0.982340511666025,0.9602402322343672,0.9775024249033807,0.02210027943165782,0.9659498207885304,0.9713261648745519,1.0055658627087198,-0.005376344086021501,0.9227816712615912,0.9107728548565536,0.986986286378424,0.012008816405037592,0.9126603276163393,0.920005488301484,0.9602402322343672,0.8433849432386182,0.9107728548565536,0.9250814332247557,0.930922307573336,0.9126603276163393,0.950920245398773,0.8539944903581267,0.8998548621190131,0.9713261648745519
spambase,outliers→label_noise→imputation→balance,"('outliers', 'label_noise', 'imputation', 'balance')",random_forest,42,3680,4134,921,2.266400098800659,False,0.9326818675352877,0.9077090119435396,0.9732246798603027,0.02497285559174811,0.9237462602565242,0.8877336413993306,0.9610145984816297,0.036012618857193535,0.9350348204239273,0.9230288601376755,0.9871598789435365,0.012005960286251782,0.9237462602565242,0.8877336413993306,0.9610145984816297,0.036012618857193535,0.9286474733843155,0.8997170274172123,0.9688466863947084,0.028930445967103258,0.943952802359882,0.9664429530201343,1.0238255033557047,-0.022490150660252284,0.8815426997245179,0.7933884297520661,0.9,0.0881542699724518,0.9116809116809117,0.8714069591527988,0.9558245083207261,0.040273952528112944,0.8587068841834395,0.8099938774044876,0.9432716708387937,0.04871300677895196,0.982340511666025,0.9601439616102372,0.9774044236268511,0.0221965500557878,0.9659498207885304,0.982078853046595,1.0166975881261597,-0.016129032258064613,0.9227816712615912,0.8827060660895835,0.9565708699900618,0.0400756051720077,0.8877336413993306,0.8997170274172123,0.9601439616102372,0.8099938774044876,0.8827060660895835,0.9077090119435396,0.9230288601376755,0.8877336413993306,0.9664429530201343,0.7933884297520661,0.8714069591527988,0.982078853046595
spambase,outliers→label_noise→balance→imputation,"('outliers', 'label_noise', 'balance', 'imputation')",random_forest,42,3680,4134,921,1.855605125427246,False,0.9326818675352877,0.9022801302931596,0.9674039580908033,0.030401737242128135,0.9237462602565242,0.8842160609022779,0.9572066474799381,0.03953019935424629,0.9350348204239273,0.9128664495114006,0.9762913953274212,0.022168370912526658,0.9237462602565242,0.8842160609022779,0.9572066474799381,0.03953019935424629,0.9286474733843155,0.8944399164586623,0.9631641091952913,0.03420755692565325,0.943952802359882,0.9446254071661238,1.0007125407166124,-0.0006726048062417611,0.8815426997245179,0.7988980716253443,0.9062499999999999,0.08264462809917361,0.9116809116809117,0.8656716417910447,0.9495335820895522,0.04600926988986698,0.8587068841834395,0.7965674382247357,0.9276360221360128,0.0621394459587038,0.982340511666025,0.9594675987637865,0.9767159018379008,0.022872912902238474,0.9659498207885304,0.9695340501792115,1.0037105751391466,-0.0035842293906810374,0.9227816712615912,0.8800902698378626,0.9537361840256726,0.042691401423728514,0.8842160609022779,0.8944399164586623,0.9594675987637865,0.7965674382247357,0.8800902698378626,0.9022801302931596,0.9128664495114006,0.8842160609022779,0.9446254071661238,0.7988980716253443,0.8656716417910447,0.9695340501792115
spambase,outliers→balance→imputation→label_noise,"('outliers', 'balance', 'imputation', 'label_noise')",random_forest,42,3680,4188,921,1.8848941326141357,False,0.9326818675352877,0.9120521172638436,0.9778812572759022,0.02062975027144409,0.9237462602565242,0.899982226961699,0.974274284706467,0.023764033294825126,0.9350348204239273,0.9154130133825565,0.9790148916245979,0.01962180704137073,0.9237462602565242,0.899982226961699,0.974274284706467,0.023764033294825126,0.9286474733843155,0.9063103997829847,0.9759466598019949,0.02233707360133086,0.943952802359882,0.9272727272727272,0.9823295454545454,0.016680075087154744,0.8815426997245179,0.8429752066115702,0.9562499999999999,0.038567493112947715,0.9116809116809117,0.8831168831168831,0.9686688311688311,0.02856402856402862,0.8587068841834395,0.8152492188321926,0.9493917352338782,0.043457665351246955,0.982340511666025,0.95646839855051,0.9736627851460218,0.02587211311551496,0.9659498207885304,0.956989247311828,0.9907235621521336,0.008960573476702427,0.9227816712615912,0.8981749320025243,0.9733341699067066,0.024606739259066868,0.899982226961699,0.9063103997829847,0.95646839855051,0.8152492188321926,0.8981749320025243,0.9120521172638436,0.9154130133825565,0.899982226961699,0.9272727272727272,0.8429752066115702,0.8831168831168831,0.956989247311828
spambase,outliers→balance→label_noise→imputation,"('outliers', 'balance', 'label_noise', 'imputation')",random_forest,42,3680,4188,921,1.6859469413757324,False,0.9326818675352877,0.9120521172638436,0.9778812572759022,0.02062975027144409,0.9237462602565242,0.899982226961699,0.974274284706467,0.023764033294825126,0.9350348204239273,0.9154130133825565,0.9790148916245979,0.01962180704137073,0.9237462602565242,0.899982226961699,0.974274284706467,0.023764033294825126,0.9286474733843155,0.9063103997829847,0.9759466598019949,0.02233707360133086,0.943952802359882,0.9272727272727272,0.9823295454545454,0.016680075087154744,0.8815426997245179,0.8429752066115702,0.9562499999999999,0.038567493112947715,0.9116809116809117,0.8831168831168831,0.9686688311688311,0.02856402856402862,0.8587068841834395,0.8152492188321926,0.9493917352338782,0.043457665351246955,0.982340511666025,0.95646839855051,0.9736627851460218,0.02587211311551496,0.9659498207885304,0.956989247311828,0.9907235621521336,0.008960573476702427,0.9227816712615912,0.8981749320025243,0.9733341699067066,0.024606739259066868,0.899982226961699,0.9063103997829847,0.95646839855051,0.8152492188321926,0.8981749320025243,0.9120521172638436,0.9154130133825565,0.899982226961699,0.9272727272727272,0.8429752066115702,0.8831168831168831,0.956989247311828
spambase,balance→imputation→label_noise→outliers,"('balance', 'imputation', 'label_noise', 'outliers')",random_forest,42,3680,4191,921,1.6663930416107178,False,0.9326818675352877,0.9044516829533116,0.969732246798603,0.028230184581976125,0.9237462602565242,0.8913030599247609,0.9648786666559778,0.03244320033176329,0.9350348204239273,0.9080560961294906,0.9711468239415886,0.026978724294436707,0.9237462602565242,0.8913030599247609,0.9648786666559778,0.03244320033176329,0.9286474733843155,0.8980374396135267,0.967038047646611,0.030610033770788858,0.943952802359882,0.9204892966360856,0.9751433486238532,0.023463505723796407,0.8815426997245179,0.8292011019283747,0.940625,0.052341597796143224,0.9116809116809117,0.8724637681159421,0.9569836956521739,0.039217143564969636,0.8587068841834395,0.7991835810035689,0.9306826295721706,0.059523303179870646,0.982340511666025,0.9617435350573179,0.9790327525291865,0.020596976608707074,0.9659498207885304,0.953405017921147,0.987012987012987,0.012544802867383464,0.9227816712615912,0.8891369362726176,0.9635398751007096,0.03364473498897358,0.8913030599247609,0.8980374396135267,0.9617435350573179,0.7991835810035689,0.8891369362726176,0.9044516829533116,0.9080560961294906,0.8913030599247609,0.9204892966360856,0.8292011019283747,0.8724637681159421,0.953405017921147
spambase,balance→imputation→outliers→label_noise,"('balance', 'imputation', 'outliers', 'label_noise')",random_forest,42,3680,4191,921,1.629310131072998,False,0.9326818675352877,0.9185667752442996,0.9848661233993015,0.014115092290988063,0.9237462602565242,0.9077653366509671,0.9826998773438941,0.01598092360555703,0.9350348204239273,0.9212758469432515,0.9852850683416926,0.013758973480675785,0.9237462602565242,0.9077653366509671,0.9826998773438941,0.01598092360555703,0.9286474733843155,0.9134468996886218,0.9836314918940149,0.01520057369569372,0.943952802359882,0.9311377245508982,0.9864240269461078,0.012815077808983832,0.8815426997245179,0.8567493112947658,0.9718749999999999,0.024793388429752095,0.9116809116809117,0.8923959827833573,0.978846843615495,0.0192849288975544,0.8587068841834395,0.8289310889374008,0.9653248439083458,0.029775795246038794,0.982340511666025,0.9614078221116344,0.9786910044879558,0.020932689554390538,0.9659498207885304,0.9587813620071685,0.992578849721707,0.007168458781361964,0.9227816712615912,0.9063306634898209,0.9821723726379621,0.01645100777177022,0.9077653366509671,0.9134468996886218,0.9614078221116344,0.8289310889374008,0.9063306634898209,0.9185667752442996,0.9212758469432515,0.9077653366509671,0.9311377245508982,0.8567493112947658,0.8923959827833573,0.9587813620071685
spambase,balance→label_noise→imputation→outliers,"('balance', 'label_noise', 'imputation', 'outliers')",random_forest,42,3680,4191,921,1.6147630214691162,False,0.9326818675352877,0.9044516829533116,0.969732246798603,0.028230184581976125,0.9237462602565242,0.8913030599247609,0.9648786666559778,0.03244320033176329,0.9350348204239273,0.9080560961294906,0.9711468239415886,0.026978724294436707,0.9237462602565242,0.8913030599247609,0.9648786666559778,0.03244320033176329,0.9286474733843155,0.8980374396135267,0.967038047646611,0.030610033770788858,0.943952802359882,0.9204892966360856,0.9751433486238532,0.023463505723796407,0.8815426997245179,0.8292011019283747,0.940625,0.052341597796143224,0.9116809116809117,0.8724637681159421,0.9569836956521739,0.039217143564969636,0.8587068841834395,0.7991835810035689,0.9306826295721706,0.059523303179870646,0.982340511666025,0.9617435350573179,0.9790327525291865,0.020596976608707074,0.9659498207885304,0.953405017921147,0.987012987012987,0.012544802867383464,0.9227816712615912,0.8891369362726176,0.9635398751007096,0.03364473498897358,0.8913030599247609,0.8980374396135267,0.9617435350573179,0.7991835810035689,0.8891369362726176,0.9044516829533116,0.9080560961294906,0.8913030599247609,0.9204892966360856,0.8292011019283747,0.8724637681159421,0.953405017921147
spambase,balance→label_noise→outliers→imputation,"('balance', 'label_noise', 'outliers', 'imputation')",random_forest,42,3680,4191,921,1.7063159942626953,False,0.9326818675352877,0.9044516829533116,0.969732246798603,0.028230184581976125,0.9237462602565242,0.8913030599247609,0.9648786666559778,0.03244320033176329,0.9350348204239273,0.9080560961294906,0.9711468239415886,0.026978724294436707,0.9237462602565242,0.8913030599247609,0.9648786666559778,0.03244320033176329,0.9286474733843155,0.8980374396135267,0.967038047646611,0.030610033770788858,0.943952802359882,0.9204892966360856,0.9751433486238532,0.023463505723796407,0.8815426997245179,0.8292011019283747,0.940625,0.052341597796143224,0.9116809116809117,0.8724637681159421,0.9569836956521739,0.039217143564969636,0.8587068841834395,0.7991835810035689,0.9306826295721706,0.059523303179870646,0.982340511666025,0.9617435350573179,0.9790327525291865,0.020596976608707074,0.9659498207885304,0.953405017921147,0.987012987012987,0.012544802867383464,0.9227816712615912,0.8891369362726176,0.9635398751007096,0.03364473498897358,0.8913030599247609,0.8980374396135267,0.9617435350573179,0.7991835810035689,0.8891369362726176,0.9044516829533116,0.9080560961294906,0.8913030599247609,0.9204892966360856,0.8292011019283747,0.8724637681159421,0.953405017921147
spambase,balance→outliers→imputation→label_noise,"('balance', 'outliers', 'imputation', 'label_noise')",random_forest,42,3680,4191,921,1.8128917217254639,False,0.9326818675352877,0.9185667752442996,0.9848661233993015,0.014115092290988063,0.9237462602565242,0.9077653366509671,0.9826998773438941,0.01598092360555703,0.9350348204239273,0.9212758469432515,0.9852850683416926,0.013758973480675785,0.9237462602565242,0.9077653366509671,0.9826998773438941,0.01598092360555703,0.9286474733843155,0.9134468996886218,0.9836314918940149,0.01520057369569372,0.943952802359882,0.9311377245508982,0.9864240269461078,0.012815077808983832,0.8815426997245179,0.8567493112947658,0.9718749999999999,0.024793388429752095,0.9116809116809117,0.8923959827833573,0.978846843615495,0.0192849288975544,0.8587068841834395,0.8289310889374008,0.9653248439083458,0.029775795246038794,0.982340511666025,0.9614078221116344,0.9786910044879558,0.020932689554390538,0.9659498207885304,0.9587813620071685,0.992578849721707,0.007168458781361964,0.9227816712615912,0.9063306634898209,0.9821723726379621,0.01645100777177022,0.9077653366509671,0.9134468996886218,0.9614078221116344,0.8289310889374008,0.9063306634898209,0.9185667752442996,0.9212758469432515,0.9077653366509671,0.9311377245508982,0.8567493112947658,0.8923959827833573,0.9587813620071685
spambase,balance→outliers→label_noise→imputation,"('balance', 'outliers', 'label_noise', 'imputation')",random_forest,42,3680,4191,921,1.7293810844421387,False,0.9326818675352877,0.9185667752442996,0.9848661233993015,0.014115092290988063,0.9237462602565242,0.9077653366509671,0.9826998773438941,0.01598092360555703,0.9350348204239273,0.9212758469432515,0.9852850683416926,0.013758973480675785,0.9237462602565242,0.9077653366509671,0.9826998773438941,0.01598092360555703,0.9286474733843155,0.9134468996886218,0.9836314918940149,0.01520057369569372,0.943952802359882,0.9311377245508982,0.9864240269461078,0.012815077808983832,0.8815426997245179,0.8567493112947658,0.9718749999999999,0.024793388429752095,0.9116809116809117,0.8923959827833573,0.978846843615495,0.0192849288975544,0.8587068841834395,0.8289310889374008,0.9653248439083458,0.029775795246038794,0.982340511666025,0.9614078221116344,0.9786910044879558,0.020932689554390538,0.9659498207885304,0.9587813620071685,0.992578849721707,0.007168458781361964,0.9227816712615912,0.9063306634898209,0.9821723726379621,0.01645100777177022,0.9077653366509671,0.9134468996886218,0.9614078221116344,0.8289310889374008,0.9063306634898209,0.9185667752442996,0.9212758469432515,0.9077653366509671,0.9311377245508982,0.8567493112947658,0.8923959827833573,0.9587813620071685
spambase,imputation→label_noise→outliers→balance,"('imputation', 'label_noise', 'outliers', 'balance')",random_forest,43,3680,4203,921,2.158872127532959,False,0.9348534201954397,0.9044516829533116,0.9674796747967479,0.030401737242128135,0.9293891999170592,0.8845641162356706,0.9517693086110869,0.0448250836813886,0.9337793759725492,0.9188398627794685,0.9840010246772468,0.014939513193080733,0.9293891999170592,0.8845641162356706,0.9517693086110869,0.0448250836813886,0.9314575746450082,0.8962466076091966,0.9621979916270142,0.03521096703581161,0.9291784702549575,0.959866220735786,1.0330267558528428,-0.030687750480828502,0.9035812672176309,0.790633608815427,0.875,0.11294765840220389,0.9162011173184358,0.8670694864048338,0.9463746223564954,0.049131630913601954,0.8631574113436646,0.8026724903073628,0.9299259668730112,0.060484921036301875,0.9819258074390038,0.9582481708581415,0.9758865319543675,0.023677636580862305,0.9551971326164874,0.978494623655914,1.024390243902439,-0.023297491039426577,0.929030804404382,0.8795628093021943,0.9467531164008038,0.04946799510218769,0.8845641162356706,0.8962466076091966,0.9582481708581415,0.8026724903073628,0.8795628093021943,0.9044516829533116,0.9188398627794685,0.8845641162356706,0.959866220735786,0.790633608815427,0.8670694864048338,0.978494623655914
spambase,imputation→label_noise→balance→outliers,"('imputation', 'label_noise', 'balance', 'outliers')",random_forest,43,3680,4286,921,2.168308973312378,False,0.9348534201954397,0.8990228013029316,0.9616724738675958,0.03583061889250816,0.9293891999170592,0.8791211232560207,0.9459127815714616,0.0502680766610385,0.9337793759725492,0.9121980676328503,0.9768882148235266,0.021581308339698957,0.9293891999170592,0.8791211232560207,0.9459127815714616,0.0502680766610385,0.9314575746450082,0.8904240498313243,0.955946973935638,0.04103352481368394,0.9291784702549575,0.95,1.022408536585366,-0.020821529745042477,0.9035812672176309,0.7851239669421488,0.8689024390243902,0.11845730027548207,0.9162011173184358,0.8597285067873304,0.9383622116764154,0.056472610531105416,0.8631574113436646,0.790627584656461,0.9159714951942572,0.07252982668720365,0.9819258074390038,0.957863088361622,0.9754943612897388,0.024062719077381778,0.9551971326164874,0.9731182795698925,1.0187617260787993,-0.017921146953405076,0.929030804404382,0.8740815087621022,0.9408530961710051,0.054949295642279794,0.8791211232560207,0.8904240498313243,0.957863088361622,0.790627584656461,0.8740815087621022,0.8990228013029316,0.9121980676328503,0.8791211232560207,0.95,0.7851239669421488,0.8597285067873304,0.9731182795698925
spambase,imputation→outliers→label_noise→balance,"('imputation', 'outliers', 'label_noise', 'balance')",random_forest,43,3680,4230,921,2.1348419189453125,False,0.9348534201954397,0.9066232356134636,0.9698025551684089,0.028230184581976125,0.9293891999170592,0.8873189371723096,0.9547334284188971,0.042070262744749565,0.9337793759725492,0.9203890258278855,0.9856600493765271,0.01339035014466372,0.9293891999170592,0.8873189371723096,0.9547334284188971,0.042070262744749565,0.9314575746450082,0.8987384171661178,0.9648731639856382,0.032719157478890426,0.9291784702549575,0.9601328903654485,1.0333137509115955,-0.030954420110490988,0.9035812672176309,0.7961432506887053,0.8810975609756098,0.1074380165289256,0.9162011173184358,0.8704819277108434,0.9500991771965913,0.04571918960759236,0.8631574113436646,0.8070306826448651,0.9349750949697253,0.05612672869879953,0.9819258074390038,0.9587862989622521,0.976434565319041,0.023139508476751725,0.9551971326164874,0.978494623655914,1.024390243902439,-0.023297491039426577,0.929030804404382,0.8826221674413354,0.9500461806615766,0.046408636963046646,0.8873189371723096,0.8987384171661178,0.9587862989622521,0.8070306826448651,0.8826221674413354,0.9066232356134636,0.9203890258278855,0.8873189371723096,0.9601328903654485,0.7961432506887053,0.8704819277108434,0.978494623655914
spambase,imputation→outliers→balance→label_noise,"('imputation', 'outliers', 'balance', 'label_noise')",random_forest,43,3680,4190,921,2.1731536388397217,False,0.9348534201954397,0.9239956568946797,0.9883855981416957,0.010857763300760048,0.9293891999170592,0.914652388992565,0.9841435526410148,0.014736810924494192,0.9337793759725492,0.9256986892923396,0.9913462570622814,0.00808068668020967,0.9293891999170592,0.914652388992565,0.9841435526410148,0.014736810924494192,0.9314575746450082,0.9194406957564852,0.9870988446327222,0.012016878888522986,0.9291784702549575,0.9321533923303835,1.0032016691848336,-0.0029749220754260453,0.9035812672176309,0.8705234159779615,0.9634146341463414,0.03305785123966942,0.9162011173184358,0.9002849002849003,0.9826280314085192,0.015916217033535518,0.8631574113436646,0.8402784740931359,0.9734938993167962,0.022878937250528697,0.9819258074390038,0.9651253492895723,0.9828902977983139,0.01680045814943154,0.9551971326164874,0.9587813620071685,1.00375234521576,-0.0035842293906810374,0.929030804404382,0.9135872297873273,0.9833766818669099,0.0154435746170547,0.914652388992565,0.9194406957564852,0.9651253492895723,0.8402784740931359,0.9135872297873273,0.9239956568946797,0.9256986892923396,0.914652388992565,0.9321533923303835,0.8705234159779615,0.9002849002849003,0.9587813620071685
spambase,imputation→balance→label_noise→outliers,"('imputation', 'balance', 'label_noise', 'outliers')",random_forest,43,3680,4191,921,2.2495620250701904,False,0.9348534201954397,0.9163952225841476,0.9802555168408826,0.018458197611292082,0.9293891999170592,0.9045291625936787,0.9732512091537119,0.02486003732338049,0.9337793759725492,0.9201353637901861,0.9853883984445977,0.013644012182363108,0.9293891999170592,0.9045291625936787,0.9732512091537119,0.02486003732338049,0.9314575746450082,0.9109370467072817,0.9779694443458177,0.020520527937726518,0.9291784702549575,0.9333333333333333,1.0044715447154473,-0.00415486307837587,0.9035812672176309,0.8484848484848485,0.9390243902439024,0.05509641873278237,0.9162011173184358,0.8888888888888888,0.9701897018970189,0.027312228429546948,0.8631574113436646,0.8245168449220053,0.9552334650507047,0.03864056642165936,0.9819258074390038,0.960963496154112,0.9786518379229034,0.020962311284891788,0.9551971326164874,0.9605734767025089,1.0056285178236397,-0.005376344086021501,0.929030804404382,0.9027912498681477,0.9717559908543001,0.026239554536234277,0.9045291625936787,0.9109370467072817,0.960963496154112,0.8245168449220053,0.9027912498681477,0.9163952225841476,0.9201353637901861,0.9045291625936787,0.9333333333333333,0.8484848484848485,0.8888888888888888,0.9605734767025089
spambase,imputation→balance→outliers→label_noise,"('imputation', 'balance', 'outliers', 'label_noise')",random_forest,43,3680,4191,921,2.2102510929107666,False,0.9348534201954397,0.9229098805646037,0.9872241579558653,0.011943539630836053,0.9293891999170592,0.9123122722829469,0.981625644417176,0.017076927634112282,0.9337793759725492,0.9259734364320762,0.9916404883837331,0.007805939540473039,0.9293891999170592,0.9123122722829469,0.981625644417176,0.017076927634112282,0.9314575746450082,0.918063065038562,0.9856198393023418,0.01339450960644617,0.9291784702549575,0.937125748502994,1.0085530159193807,-0.007947278248036538,0.9035812672176309,0.8622589531680441,0.9542682926829269,0.04132231404958675,0.9162011173184358,0.8981348637015782,0.9802813451376982,0.01806625361685754,0.8631574113436646,0.8381743864077086,0.9710562353892491,0.024983024935956055,0.9819258074390038,0.961896580664909,0.9796020976102728,0.0200292267740948,0.9551971326164874,0.9623655913978495,1.0075046904315197,-0.007168458781362075,0.929030804404382,0.9109381688147968,0.980525257608455,0.018092635589585182,0.9123122722829469,0.918063065038562,0.961896580664909,0.8381743864077086,0.9109381688147968,0.9229098805646037,0.9259734364320762,0.9123122722829469,0.937125748502994,0.8622589531680441,0.8981348637015782,0.9623655913978495
spambase,label_noise→imputation→outliers→balance,"('label_noise', 'imputation', 'outliers', 'balance')",random_forest,43,3680,4201,921,2.169935941696167,False,0.9348534201954397,0.9022801302931596,0.9651567944250871,0.032573289902280145,0.9293891999170592,0.8842160609022779,0.9513948096031107,0.04517313901478126,0.9337793759725492,0.9128664495114006,0.977603996190891,0.020912926461148618,0.9293891999170592,0.8842160609022779,0.9513948096031107,0.04517313901478126,0.9314575746450082,0.8944399164586623,0.9602583529363065,0.03701765818634595,0.9291784702549575,0.9446254071661238,1.0166242949074442,-0.015446936911166276,0.9035812672176309,0.7988980716253443,0.8841463414634145,0.10468319559228656,0.9162011173184358,0.8656716417910447,0.9448489261012012,0.050529475527391066,0.8631574113436646,0.7965674382247357,0.92285303671868,0.06658997311892889,0.9819258074390038,0.9577495383946997,0.9753787212219637,0.024176269044304144,0.9551971326164874,0.9695340501792115,1.0150093808630394,-0.014336917562724039,0.929030804404382,0.8800902698378626,0.9473208699490907,0.04894053456651937,0.8842160609022779,0.8944399164586623,0.9577495383946997,0.7965674382247357,0.8800902698378626,0.9022801302931596,0.9128664495114006,0.8842160609022779,0.9446254071661238,0.7988980716253443,0.8656716417910447,0.9695340501792115
spambase,label_noise→imputation→balance→outliers,"('label_noise', 'imputation', 'balance', 'outliers')",random_forest,43,3680,4295,921,2.196424961090088,False,0.9348534201954397,0.9153094462540716,0.9790940766550522,0.019543973941368087,0.9293891999170592,0.8983382209188662,0.9665899076501383,0.03105097899819298,0.9337793759725492,0.9266609556443937,0.992376764242901,0.0071184203281555725,0.9293891999170592,0.8983382209188662,0.9665899076501383,0.03105097899819298,0.9314575746450082,0.9086309523809524,0.9754936532962809,0.02282662226405585,0.9291784702549575,0.9611650485436893,1.03442457968269,-0.03198657828873186,0.9035812672176309,0.8181818181818182,0.9054878048780488,0.08539944903581265,0.9162011173184358,0.8839285714285714,0.9647756968641115,0.03227254588986439,0.8631574113436646,0.8245128646829739,0.955228853795586,0.038644546660690726,0.9819258074390038,0.9584703338369029,0.9761127842608843,0.023455473602100874,0.9551971326164874,0.978494623655914,1.024390243902439,-0.023297491039426577,0.929030804404382,0.8947550001335168,0.9631058473966964,0.034275804270865184,0.8983382209188662,0.9086309523809524,0.9584703338369029,0.8245128646829739,0.8947550001335168,0.9153094462540716,0.9266609556443937,0.8983382209188662,0.9611650485436893,0.8181818181818182,0.8839285714285714,0.978494623655914
spambase,label_noise→outliers→imputation→balance,"('label_noise', 'outliers', 'imputation', 'balance')",random_forest,43,3680,4201,921,2.1977009773254395,False,0.9348534201954397,0.9109663409337676,0.9744483159117305,0.023887079261672106,0.9293891999170592,0.8928285790455879,0.9606616680345177,0.03656062087147127,0.9337793759725492,0.9235096870342772,0.9890020178186352,0.01026968893827207,0.9293891999170592,0.8928285790455879,0.9606616680345177,0.03656062087147127,0.9314575746450082,0.9036994154790929,0.970199223323194,0.027758159165915286,0.9291784702549575,0.9606557377049181,1.033876449420232,-0.0314772674499606,0.9035812672176309,0.8071625344352618,0.8932926829268293,0.09641873278236912,0.9162011173184358,0.8772455089820359,0.9574813787060026,0.03895560833639988,0.8631574113436646,0.8157615057594143,0.9450900786329693,0.04739590558425033,0.9819258074390038,0.9590677054020161,0.9767211515739619,0.022858102036987682,0.9551971326164874,0.978494623655914,1.024390243902439,-0.023297491039426577,0.929030804404382,0.8887092890036569,0.9565983009287017,0.04032151540072515,0.8928285790455879,0.9036994154790929,0.9590677054020161,0.8157615057594143,0.8887092890036569,0.9109663409337676,0.9235096870342772,0.8928285790455879,0.9606557377049181,0.8071625344352618,0.8772455089820359,0.978494623655914
spambase,label_noise→outliers→balance→imputation,"('label_noise', 'outliers', 'balance', 'imputation')",random_forest,43,3680,4201,921,1.5795650482177734,False,0.9348534201954397,0.9163952225841476,0.9802555168408826,0.018458197611292082,0.9293891999170592,0.9011596907491336,0.969625740033944,0.02822950916792555,0.9337793759725492,0.9250261533633225,0.9906260270525786,0.00875322260922673,0.9293891999170592,0.9011596907491336,0.969625740033944,0.02822950916792555,0.9314575746450082,0.910194927799594,0.977172715726191,0.021262646845414235,0.9291784702549575,0.9525316455696202,1.0251331429453534,-0.023353175314662744,0.9035812672176309,0.8292011019283747,0.9176829268292683,0.07438016528925617,0.9162011173184358,0.8865979381443299,0.9676892129746039,0.02960317917410593,0.8631574113436646,0.8258410506714335,0.9567676067171326,0.0373163606722311,0.9819258074390038,0.9619755719462463,0.979682542874812,0.01995023549275754,0.9551971326164874,0.9731182795698925,1.0187617260787993,-0.017921146953405076,0.929030804404382,0.8982821103228089,0.9669023955548098,0.030748694081573102,0.9011596907491336,0.910194927799594,0.9619755719462463,0.8258410506714335,0.8982821103228089,0.9163952225841476,0.9250261533633225,0.9011596907491336,0.9525316455696202,0.8292011019283747,0.8865979381443299,0.9731182795698925
spambase,label_noise→balance→imputation→outliers,"('label_noise', 'balance', 'imputation', 'outliers')",random_forest,43,3680,4295,921,1.6075401306152344,False,0.9348534201954397,0.9174809989142236,0.9814169570267132,0.017372421281216077,0.9293891999170592,0.9020557480968039,0.9705898757778824,0.02733345182025526,0.9337793759725492,0.9266226622662266,0.9923357552217634,0.007156713706322648,0.9293891999170592,0.9020557480968039,0.9705898757778824,0.02733345182025526,0.9314575746450082,0.9113067542499164,0.9783663572624104,0.020150820395091862,0.9291784702549575,0.9555555555555556,1.0283875338753388,-0.026377085300598124,0.9035812672176309,0.8292011019283747,0.9176829268292683,0.07438016528925617,0.9162011173184358,0.887905604719764,0.9691164832002301,0.0282955125986718,0.8631574113436646,0.8283141762217952,0.9596328147520282,0.03484323512186949,0.9819258074390038,0.9608548831422733,0.978541225684162,0.02107092429673052,0.9551971326164874,0.974910394265233,1.020637898686679,-0.01971326164874554,0.929030804404382,0.8991088772813655,0.9677923197151681,0.029921927123016556,0.9020557480968039,0.9113067542499164,0.9608548831422733,0.8283141762217952,0.8991088772813655,0.9174809989142236,0.9266226622662266,0.9020557480968039,0.9555555555555556,0.8292011019283747,0.887905604719764,0.974910394265233
spambase,label_noise→balance→outliers→imputation,"('label_noise', 'balance', 'outliers', 'imputation')",random_forest,43,3680,4295,921,1.642608880996704,False,0.9348534201954397,0.9174809989142236,0.9814169570267132,0.017372421281216077,0.9293891999170592,0.9020557480968039,0.9705898757778824,0.02733345182025526,0.9337793759725492,0.9266226622662266,0.9923357552217634,0.007156713706322648,0.9293891999170592,0.9020557480968039,0.9705898757778824,0.02733345182025526,0.9314575746450082,0.9113067542499164,0.9783663572624104,0.020150820395091862,0.9291784702549575,0.9555555555555556,1.0283875338753388,-0.026377085300598124,0.9035812672176309,0.8292011019283747,0.9176829268292683,0.07438016528925617,0.9162011173184358,0.887905604719764,0.9691164832002301,0.0282955125986718,0.8631574113436646,0.8283141762217952,0.9596328147520282,0.03484323512186949,0.9819258074390038,0.9608548831422733,0.978541225684162,0.02107092429673052,0.9551971326164874,0.974910394265233,1.020637898686679,-0.01971326164874554,0.929030804404382,0.8991088772813655,0.9677923197151681,0.029921927123016556,0.9020557480968039,0.9113067542499164,0.9608548831422733,0.8283141762217952,0.8991088772813655,0.9174809989142236,0.9266226622662266,0.9020557480968039,0.9555555555555556,0.8292011019283747,0.887905604719764,0.974910394265233
spambase,outliers→imputation→label_noise→balance,"('outliers', 'imputation', 'label_noise', 'balance')",random_forest,43,3680,4235,921,2.2883191108703613,False,0.9348534201954397,0.9109663409337676,0.9744483159117305,0.023887079261672106,0.9293891999170592,0.8928285790455879,0.9606616680345177,0.03656062087147127,0.9337793759725492,0.9235096870342772,0.9890020178186352,0.01026968893827207,0.9293891999170592,0.8928285790455879,0.9606616680345177,0.03656062087147127,0.9314575746450082,0.9036994154790929,0.970199223323194,0.027758159165915286,0.9291784702549575,0.9606557377049181,1.033876449420232,-0.0314772674499606,0.9035812672176309,0.8071625344352618,0.8932926829268293,0.09641873278236912,0.9162011173184358,0.8772455089820359,0.9574813787060026,0.03895560833639988,0.8631574113436646,0.8157615057594143,0.9450900786329693,0.04739590558425033,0.9819258074390038,0.9575175015057713,0.9751424132573797,0.02440830593323251,0.9551971326164874,0.978494623655914,1.024390243902439,-0.023297491039426577,0.929030804404382,0.8887092890036569,0.9565983009287017,0.04032151540072515,0.8928285790455879,0.9036994154790929,0.9575175015057713,0.8157615057594143,0.8887092890036569,0.9109663409337676,0.9235096870342772,0.8928285790455879,0.9606557377049181,0.8071625344352618,0.8772455089820359,0.978494623655914
spambase,outliers→imputation→balance→label_noise,"('outliers', 'imputation', 'balance', 'label_noise')",random_forest,43,3680,4190,921,2.41811203956604,False,0.9348534201954397,0.9250814332247557,0.9895470383275261,0.009771986970684043,0.9293891999170592,0.9141043869782872,0.9835539159050525,0.01528481293877193,0.9337793759725492,0.928940720436926,0.9948182026074589,0.0048386555356232375,0.9293891999170592,0.9141043869782872,0.9835539159050525,0.01528481293877193,0.9314575746450082,0.9202812466678794,0.9880012484933752,0.011176327977128864,0.9291784702549575,0.9427710843373494,1.0146286364972084,-0.013592614082391874,0.9035812672176309,0.8622589531680441,0.9542682926829269,0.04132231404958675,0.9162011173184358,0.9007194244604316,0.9831022986488857,0.015481692858004159,0.8631574113436646,0.8429145486621004,0.9765478898570163,0.020242862681564278,0.9819258074390038,0.9653672600886677,0.9831366614209651,0.016558547350336128,0.9551971326164874,0.9659498207885304,1.0112570356472796,-0.010752688172043001,0.929030804404382,0.9126329389661422,0.9823494922229702,0.016397865438239845,0.9141043869782872,0.9202812466678794,0.9653672600886677,0.8429145486621004,0.9126329389661422,0.9250814332247557,0.928940720436926,0.9141043869782872,0.9427710843373494,0.8622589531680441,0.9007194244604316,0.9659498207885304
spambase,outliers→label_noise→imputation→balance,"('outliers', 'label_noise', 'imputation', 'balance')",random_forest,43,3680,4273,921,2.4182288646698,False,0.9348534201954397,0.9022801302931596,0.9651567944250871,0.032573289902280145,0.9293891999170592,0.8822906484196806,0.9493231129632432,0.047098551497378516,0.9337793759725492,0.9163637634558927,0.9813493283694364,0.017415612516656576,0.9293891999170592,0.8822906484196806,0.9493231129632432,0.047098551497378516,0.9314575746450082,0.893888575963951,0.9596664413885138,0.03756899868105723,0.9291784702549575,0.9565217391304348,1.0294273594909862,-0.027343268875477333,0.9035812672176309,0.7878787878787878,0.871951219512195,0.11570247933884303,0.9162011173184358,0.8640483383685801,0.9430771498047307,0.052152778949855705,0.8631574113436646,0.7979272475859231,0.9244284264950021,0.06523016375774149,0.9819258074390038,0.9571817885600877,0.974800520883088,0.024744018878916085,0.9551971326164874,0.9767025089605734,1.022514071294559,-0.021505376344086002,0.929030804404382,0.8772247083148237,0.944236406538993,0.05180609608955833,0.8822906484196806,0.893888575963951,0.9571817885600877,0.7979272475859231,0.8772247083148237,0.9022801302931596,0.9163637634558927,0.8822906484196806,0.9565217391304348,0.7878787878787878,0.8640483383685801,0.9767025089605734
spambase,outliers→label_noise→balance→imputation,"('outliers', 'label_noise', 'balance', 'imputation')",random_forest,43,3680,4273,921,1.6367738246917725,False,0.9348534201954397,0.9044516829533116,0.9674796747967479,0.030401737242128135,0.9293891999170592,0.8864895287182677,0.9538410052509542,0.042899671198791456,0.9337793759725492,0.9153094462540716,0.9802202423894394,0.018469929718477607,0.9293891999170592,0.8864895287182677,0.9538410052509542,0.042899671198791456,0.9314575746450082,0.8967856960929143,0.9627767495848558,0.03467187855209397,0.9291784702549575,0.9478827361563518,1.0201298959243663,-0.01870426590139429,0.9035812672176309,0.8016528925619835,0.8871951219512195,0.10192837465564741,0.9162011173184358,0.8686567164179104,0.9481070258463778,0.04754440090052536,0.8631574113436646,0.801280855018965,0.9283137055750036,0.06187655632469968,0.9819258074390038,0.957379266763431,0.9750016340444361,0.024546540675572825,0.9551971326164874,0.9713261648745519,1.0168855534709194,-0.016129032258064502,0.929030804404382,0.8824207781397844,0.9498294071158597,0.04661002626459765,0.8864895287182677,0.8967856960929143,0.957379266763431,0.801280855018965,0.8824207781397844,0.9044516829533116,0.9153094462540716,0.8864895287182677,0.9478827361563518,0.8016528925619835,0.8686567164179104,0.9713261648745519
spambase,outliers→balance→imputation→label_noise,"('outliers', 'balance', 'imputation', 'label_noise')",random_forest,43,3680,4190,921,1.5834739208221436,False,0.9348534201954397,0.9218241042345277,0.9860627177700348,0.013029315960912058,0.9293891999170592,0.9133416274178738,0.9827332053131052,0.016047572499185314,0.9337793759725492,0.9223067378211789,0.9877137593241215,0.01147263815137034,0.9293891999170592,0.9133416274178738,0.9827332053131052,0.016047572499185314,0.9314575746450082,0.9173183577384989,0.9848203318203752,0.014139216906509322,0.9291784702549575,0.924198250728863,0.994640190571002,0.004980219526094509,0.9035812672176309,0.8732782369146006,0.9664634146341464,0.030303030303030276,0.9162011173184358,0.8980169971671388,0.9801526981275478,0.018184120151297,0.8631574113436646,0.8356002735292501,0.968074029774573,0.02755713781441449,0.9819258074390038,0.9636985692704167,0.981437255207574,0.018227238168587068,0.9551971326164874,0.953405017921147,0.9981238273921201,0.0017921146953404632,0.929030804404382,0.9124625214855197,0.982166056453333,0.016568282918862365,0.9133416274178738,0.9173183577384989,0.9636985692704167,0.8356002735292501,0.9124625214855197,0.9218241042345277,0.9223067378211789,0.9133416274178738,0.924198250728863,0.8732782369146006,0.8980169971671388,0.953405017921147
spambase,outliers→balance→label_noise→imputation,"('outliers', 'balance', 'label_noise', 'imputation')",random_forest,43,3680,4190,921,1.5707409381866455,False,0.9348534201954397,0.9218241042345277,0.9860627177700348,0.013029315960912058,0.9293891999170592,0.9133416274178738,0.9827332053131052,0.016047572499185314,0.9337793759725492,0.9223067378211789,0.9877137593241215,0.01147263815137034,0.9293891999170592,0.9133416274178738,0.9827332053131052,0.016047572499185314,0.9314575746450082,0.9173183577384989,0.9848203318203752,0.014139216906509322,0.9291784702549575,0.924198250728863,0.994640190571002,0.004980219526094509,0.9035812672176309,0.8732782369146006,0.9664634146341464,0.030303030303030276,0.9162011173184358,0.8980169971671388,0.9801526981275478,0.018184120151297,0.8631574113436646,0.8356002735292501,0.968074029774573,0.02755713781441449,0.9819258074390038,0.9636985692704167,0.981437255207574,0.018227238168587068,0.9551971326164874,0.953405017921147,0.9981238273921201,0.0017921146953404632,0.929030804404382,0.9124625214855197,0.982166056453333,0.016568282918862365,0.9133416274178738,0.9173183577384989,0.9636985692704167,0.8356002735292501,0.9124625214855197,0.9218241042345277,0.9223067378211789,0.9133416274178738,0.924198250728863,0.8732782369146006,0.8980169971671388,0.953405017921147
spambase,balance→imputation→label_noise→outliers,"('balance', 'imputation', 'label_noise', 'outliers')",random_forest,43,3680,4191,921,1.629328966140747,False,0.9348534201954397,0.9239956568946797,0.9883855981416957,0.010857763300760048,0.9293891999170592,0.9151337421132143,0.9846614768009817,0.014255457803844851,0.9337793759725492,0.9251542117504297,0.9907631669278021,0.008625164222119563,0.9293891999170592,0.9151337421132143,0.9846614768009817,0.014255457803844851,0.9314575746450082,0.919528379134047,0.9871929802970278,0.011929195510961277,0.9291784702549575,0.9296187683284457,1.00047385737787,-0.00044029807348822114,0.9035812672176309,0.8732782369146006,0.9664634146341464,0.030303030303030276,0.9162011173184358,0.9005681818181818,0.9829372228381373,0.01563293550025402,0.8631574113436646,0.8402282044757836,0.9734356600933456,0.022929206867881025,0.9819258074390038,0.9596552030569626,0.9773194632289725,0.022270604382041204,0.9551971326164874,0.956989247311828,1.00187617260788,-0.0017921146953405742,0.929030804404382,0.914176067636155,0.9840105013764848,0.014854736768227017,0.9151337421132143,0.919528379134047,0.9596552030569626,0.8402282044757836,0.914176067636155,0.9239956568946797,0.9251542117504297,0.9151337421132143,0.9296187683284457,0.8732782369146006,0.9005681818181818,0.956989247311828
spambase,balance→imputation→outliers→label_noise,"('balance', 'imputation', 'outliers', 'label_noise')",random_forest,43,3680,4191,921,1.5991706848144531,False,0.9348534201954397,0.9207383279044516,0.9849012775842044,0.014115092290988063,0.9293891999170592,0.9114828638289049,0.980733221249233,0.017906336088154284,0.9337793759725492,0.9219272046167866,0.9873073108480058,0.011852171355762664,0.9293891999170592,0.9114828638289049,0.980733221249233,0.017906336088154284,0.9314575746450082,0.9160340045234459,0.9834414679300445,0.015423570121562369,0.9291784702549575,0.9264705882352942,0.997085724533716,0.0027078820196633213,0.9035812672176309,0.8677685950413223,0.9603658536585366,0.03581267217630857,0.9162011173184358,0.8961593172119487,0.9781251084203587,0.02004180010648704,0.8631574113436646,0.8333446213495102,0.965460772736985,0.029812789994154487,0.9819258074390038,0.9631949998518914,0.9809244166461365,0.01873080758711243,0.9551971326164874,0.9551971326164874,1.0,0.0,0.929030804404382,0.9104340029667768,0.9799825782423566,0.018596801437605226,0.9114828638289049,0.9160340045234459,0.9631949998518914,0.8333446213495102,0.9104340029667768,0.9207383279044516,0.9219272046167866,0.9114828638289049,0.9264705882352942,0.8677685950413223,0.8961593172119487,0.9551971326164874
spambase,balance→label_noise→imputation→outliers,"('balance', 'label_noise', 'imputation', 'outliers')",random_forest,43,3680,4191,921,2.2435619831085205,False,0.9348534201954397,0.9239956568946797,0.9883855981416957,0.010857763300760048,0.9293891999170592,0.9151337421132143,0.9846614768009817,0.014255457803844851,0.9337793759725492,0.9251542117504297,0.9907631669278021,0.008625164222119563,0.9293891999170592,0.9151337421132143,0.9846614768009817,0.014255457803844851,0.9314575746450082,0.919528379134047,0.9871929802970278,0.011929195510961277,0.9291784702549575,0.9296187683284457,1.00047385737787,-0.00044029807348822114,0.9035812672176309,0.8732782369146006,0.9664634146341464,0.030303030303030276,0.9162011173184358,0.9005681818181818,0.9829372228381373,0.01563293550025402,0.8631574113436646,0.8402282044757836,0.9734356600933456,0.022929206867881025,0.9819258074390038,0.9596552030569626,0.9773194632289725,0.022270604382041204,0.9551971326164874,0.956989247311828,1.00187617260788,-0.0017921146953405742,0.929030804404382,0.914176067636155,0.9840105013764848,0.014854736768227017,0.9151337421132143,0.919528379134047,0.9596552030569626,0.8402282044757836,0.914176067636155,0.9239956568946797,0.9251542117504297,0.9151337421132143,0.9296187683284457,0.8732782369146006,0.9005681818181818,0.956989247311828
spambase,balance→label_noise→outliers→imputation,"('balance', 'label_noise', 'outliers', 'imputation')",random_forest,43,3680,4191,921,1.7418241500854492,False,0.9348534201954397,0.9239956568946797,0.9883855981416957,0.010857763300760048,0.9293891999170592,0.9151337421132143,0.9846614768009817,0.014255457803844851,0.9337793759725492,0.9251542117504297,0.9907631669278021,0.008625164222119563,0.9293891999170592,0.9151337421132143,0.9846614768009817,0.014255457803844851,0.9314575746450082,0.919528379134047,0.9871929802970278,0.011929195510961277,0.9291784702549575,0.9296187683284457,1.00047385737787,-0.00044029807348822114,0.9035812672176309,0.8732782369146006,0.9664634146341464,0.030303030303030276,0.9162011173184358,0.9005681818181818,0.9829372228381373,0.01563293550025402,0.8631574113436646,0.8402282044757836,0.9734356600933456,0.022929206867881025,0.9819258074390038,0.9596552030569626,0.9773194632289725,0.022270604382041204,0.9551971326164874,0.956989247311828,1.00187617260788,-0.0017921146953405742,0.929030804404382,0.914176067636155,0.9840105013764848,0.014854736768227017,0.9151337421132143,0.919528379134047,0.9596552030569626,0.8402282044757836,0.914176067636155,0.9239956568946797,0.9251542117504297,0.9151337421132143,0.9296187683284457,0.8732782369146006,0.9005681818181818,0.956989247311828
spambase,balance→outliers→imputation→label_noise,"('balance', 'outliers', 'imputation', 'label_noise')",random_forest,43,3680,4191,921,1.7924230098724365,False,0.9348534201954397,0.9207383279044516,0.9849012775842044,0.014115092290988063,0.9293891999170592,0.9114828638289049,0.980733221249233,0.017906336088154284,0.9337793759725492,0.9219272046167866,0.9873073108480058,0.011852171355762664,0.9293891999170592,0.9114828638289049,0.980733221249233,0.017906336088154284,0.9314575746450082,0.9160340045234459,0.9834414679300445,0.015423570121562369,0.9291784702549575,0.9264705882352942,0.997085724533716,0.0027078820196633213,0.9035812672176309,0.8677685950413223,0.9603658536585366,0.03581267217630857,0.9162011173184358,0.8961593172119487,0.9781251084203587,0.02004180010648704,0.8631574113436646,0.8333446213495102,0.965460772736985,0.029812789994154487,0.9819258074390038,0.9631949998518914,0.9809244166461365,0.01873080758711243,0.9551971326164874,0.9551971326164874,1.0,0.0,0.929030804404382,0.9104340029667768,0.9799825782423566,0.018596801437605226,0.9114828638289049,0.9160340045234459,0.9631949998518914,0.8333446213495102,0.9104340029667768,0.9207383279044516,0.9219272046167866,0.9114828638289049,0.9264705882352942,0.8677685950413223,0.8961593172119487,0.9551971326164874
spambase,balance→outliers→label_noise→imputation,"('balance', 'outliers', 'label_noise', 'imputation')",random_forest,43,3680,4191,921,1.782008171081543,False,0.9348534201954397,0.9207383279044516,0.9849012775842044,0.014115092290988063,0.9293891999170592,0.9114828638289049,0.980733221249233,0.017906336088154284,0.9337793759725492,0.9219272046167866,0.9873073108480058,0.011852171355762664,0.9293891999170592,0.9114828638289049,0.980733221249233,0.017906336088154284,0.9314575746450082,0.9160340045234459,0.9834414679300445,0.015423570121562369,0.9291784702549575,0.9264705882352942,0.997085724533716,0.0027078820196633213,0.9035812672176309,0.8677685950413223,0.9603658536585366,0.03581267217630857,0.9162011173184358,0.8961593172119487,0.9781251084203587,0.02004180010648704,0.8631574113436646,0.8333446213495102,0.965460772736985,0.029812789994154487,0.9819258074390038,0.9631949998518914,0.9809244166461365,0.01873080758711243,0.9551971326164874,0.9551971326164874,1.0,0.0,0.929030804404382,0.9104340029667768,0.9799825782423566,0.018596801437605226,0.9114828638289049,0.9160340045234459,0.9631949998518914,0.8333446213495102,0.9104340029667768,0.9207383279044516,0.9219272046167866,0.9114828638289049,0.9264705882352942,0.8677685950413223,0.8961593172119487,0.9551971326164874
spambase,imputation→label_noise→outliers→balance,"('imputation', 'label_noise', 'outliers', 'balance')",random_forest,44,3680,4149,921,2.386842727661133,False,0.9402823018458197,0.9120521172638436,0.9699769053117783,0.028230184581976125,0.9305000148108653,0.893724636393258,0.9604778314537886,0.03677537841760725,0.9447637943873752,0.9251818007336006,0.9792731328506588,0.019581993653774665,0.9305000148108653,0.893724636393258,0.9604778314537886,0.03677537841760725,0.9365277264383227,0.904812274713707,0.9661350637794444,0.03171545172461576,0.9610778443113772,0.9638157894736842,1.0028488276766683,-0.002737945162306965,0.8842975206611571,0.8071625344352618,0.9127725856697819,0.07713498622589532,0.921090387374462,0.8785607196401799,0.9538268249053043,0.04252966773428213,0.8751475762889402,0.8183020222261891,0.9350446077862611,0.05684555406275116,0.9830316853777264,0.9643008777906138,0.9809458760427285,0.018730807587112652,0.9767025089605734,0.9802867383512545,1.0036697247706423,-0.0035842293906810374,0.9293522513543326,0.8895227530540604,0.9571427322178117,0.03982949830027227,0.893724636393258,0.904812274713707,0.9643008777906138,0.8183020222261891,0.8895227530540604,0.9120521172638436,0.9251818007336006,0.893724636393258,0.9638157894736842,0.8071625344352618,0.8785607196401799,0.9802867383512545
spambase,imputation→label_noise→balance→outliers,"('imputation', 'label_noise', 'balance', 'outliers')",random_forest,44,3680,4232,921,2.3358311653137207,False,0.9402823018458197,0.9098805646036916,0.9676674364896074,0.030401737242128135,0.9305000148108653,0.8924138748185668,0.9590691677742317,0.038086139992298484,0.9447637943873752,0.920992139997034,0.9748385209810503,0.023771654390341235,0.9305000148108653,0.8924138748185668,0.9590691677742317,0.038086139992298484,0.9365277264383227,0.9027122168755353,0.9638926765239615,0.03381550956278745,0.9610778443113772,0.9545454545454546,0.9932030586236195,0.00653238976592263,0.8842975206611571,0.8099173553719008,0.9158878504672896,0.07438016528925628,0.921090387374462,0.8763040238450075,0.9513767984734738,0.04478636352945453,0.8751475762889402,0.8129038243836639,0.928876279165143,0.06224375190527631,0.9830316853777264,0.9627062412986166,0.9793237141981849,0.020325444079109856,0.9767025089605734,0.974910394265233,0.998165137614679,0.0017921146953404632,0.9293522513543326,0.8885926222110302,0.956141894438945,0.040759629143302445,0.8924138748185668,0.9027122168755353,0.9627062412986166,0.8129038243836639,0.8885926222110302,0.9098805646036916,0.920992139997034,0.8924138748185668,0.9545454545454546,0.8099173553719008,0.8763040238450075,0.974910394265233
spambase,imputation→outliers→label_noise→balance,"('imputation', 'outliers', 'label_noise', 'balance')",random_forest,44,3680,4165,921,2.121088981628418,False,0.9402823018458197,0.9196525515743756,0.9780600461893765,0.02062975027144409,0.9305000148108653,0.9024038034301964,0.9698052542359392,0.028096211380668867,0.9447637943873752,0.9324104234527687,0.9869243815141996,0.012353370934606533,0.9305000148108653,0.9024038034301964,0.9698052542359392,0.028096211380668867,0.9365277264383227,0.9132061535326779,0.9750978297307455,0.02332157290564485,0.9610778443113772,0.9706840390879479,1.0099952307021016,-0.009606194776570653,0.8842975206611571,0.8209366391184573,0.9283489096573208,0.06336088154269981,0.921090387374462,0.8895522388059701,0.9657599851211233,0.03153814856849191,0.8751475762889402,0.8342747725785694,0.9532961013459104,0.04087280371037083,0.9830316853777264,0.9628296651757062,0.9794492685205181,0.02020202020202022,0.9767025089605734,0.9838709677419355,1.0073394495412844,-0.007168458781362075,0.9293522513543326,0.8987189358104616,0.9670379928609099,0.030633315543871054,0.9024038034301964,0.9132061535326779,0.9628296651757062,0.8342747725785694,0.8987189358104616,0.9196525515743756,0.9324104234527687,0.9024038034301964,0.9706840390879479,0.8209366391184573,0.8895522388059701,0.9838709677419355
spambase,imputation→outliers→balance→label_noise,"('imputation', 'outliers', 'balance', 'label_noise')",random_forest,44,3680,4195,921,2.241547107696533,False,0.9402823018458197,0.9250814332247557,0.9838337182448037,0.015200868621064068,0.9305000148108653,0.9145857400989366,0.98289707204877,0.015914274711928744,0.9447637943873752,0.9283222311764886,0.9825971705218148,0.016441563210886634,0.9305000148108653,0.9145857400989366,0.98289707204877,0.015914274711928744,0.9365277264383227,0.9203711477135321,0.9827484245594788,0.016156578724790593,0.9610778443113772,0.9401197604790419,0.9781931464174455,0.020958083832335328,0.8842975206611571,0.8650137741046832,0.9781931464174454,0.019283746556473913,0.921090387374462,0.9010043041606887,0.9781931464174455,0.020086083213773365,0.8751475762889402,0.8427960351428626,0.9630330449142483,0.032351541146077634,0.9830316853777264,0.9692477067843638,0.9859780932818394,0.013783978593362667,0.9767025089605734,0.96415770609319,0.9871559633027523,0.012544802867383464,0.9293522513543326,0.9132413132243767,0.9826643362551953,0.0161109381299559,0.9145857400989366,0.9203711477135321,0.9692477067843638,0.8427960351428626,0.9132413132243767,0.9250814332247557,0.9283222311764886,0.9145857400989366,0.9401197604790419,0.8650137741046832,0.9010043041606887,0.96415770609319
spambase,imputation→balance→label_noise→outliers,"('imputation', 'balance', 'label_noise', 'outliers')",random_forest,44,3680,4193,921,2.395120859146118,False,0.9402823018458197,0.9272529858849077,0.9861431870669746,0.013029315960912058,0.9305000148108653,0.9168592079149264,0.9853403474703742,0.01364080689593894,0.9447637943873752,0.930671025920901,0.9850832890186985,0.014092768466474226,0.9305000148108653,0.9168592079149264,0.9853403474703742,0.01364080689593894,0.9365277264383227,0.9226792303885022,0.9852129353366961,0.013848496049820525,0.9610778443113772,0.9431137724550899,0.9813084112149534,0.017964071856287345,0.8842975206611571,0.8677685950413223,0.9813084112149532,0.016528925619834767,0.921090387374462,0.9038737446197992,0.9813084112149533,0.017216642754662836,0.8751475762889402,0.8474176838780165,0.9683140384979272,0.027729892410923718,0.9830316853777264,0.9697907718435577,0.9865305323001048,0.013240913534168786,0.9767025089605734,0.9659498207885304,0.9889908256880734,0.010752688172043001,0.9293522513543326,0.9155440562125233,0.9851421297772864,0.01380819514180931,0.9168592079149264,0.9226792303885022,0.9697907718435577,0.8474176838780165,0.9155440562125233,0.9272529858849077,0.930671025920901,0.9168592079149264,0.9431137724550899,0.8677685950413223,0.9038737446197992,0.9659498207885304
spambase,imputation→balance→outliers→label_noise,"('imputation', 'balance', 'outliers', 'label_noise')",random_forest,44,3680,4193,921,2.2386951446533203,False,0.9402823018458197,0.9196525515743756,0.9780600461893765,0.02062975027144409,0.9305000148108653,0.9086613939986374,0.9765302305592474,0.02183862081222787,0.9447637943873752,0.9227492798921371,0.9766983931581403,0.02201451449523817,0.9305000148108653,0.9086613939986374,0.9765302305592474,0.02183862081222787,0.9365277264383227,0.914552867545285,0.9765358160012949,0.02197485889303774,0.9610778443113772,0.933933933933934,0.9717568035325046,0.027143910377443237,0.8842975206611571,0.8567493112947658,0.968847352024922,0.02754820936639124,0.921090387374462,0.8936781609195402,0.9702393740824291,0.027412226454921806,0.8751475762889402,0.8312913088265529,0.949887003460194,0.043856267462387355,0.9830316853777264,0.9695439240893786,0.9862794236554387,0.013487761288347833,0.9767025089605734,0.9605734767025089,0.9834862385321101,0.016129032258064502,0.9293522513543326,0.9071773060504178,0.9761393537578463,0.02217494530391484,0.9086613939986374,0.914552867545285,0.9695439240893786,0.8312913088265529,0.9071773060504178,0.9196525515743756,0.9227492798921371,0.9086613939986374,0.933933933933934,0.8567493112947658,0.8936781609195402,0.9605734767025089
spambase,label_noise→imputation→outliers→balance,"('label_noise', 'imputation', 'outliers', 'balance')",random_forest,44,3680,4150,921,2.278512954711914,False,0.9402823018458197,0.9229098805646037,0.9815242494226328,0.017372421281216077,0.9305000148108653,0.9074987410764537,0.9752807379169286,0.02300127373441163,0.9447637943873752,0.9330606826934176,0.9876126585676936,0.011703111693957657,0.9305000148108653,0.9074987410764537,0.9752807379169286,0.02300127373441163,0.9365277264383227,0.9170906739528721,0.9792456198180368,0.01943705248545058,0.9610778443113772,0.964968152866242,1.0040478599916662,-0.0038903085548648297,0.8842975206611571,0.8347107438016529,0.9439252336448598,0.04958677685950419,0.921090387374462,0.8951255539143279,0.9718107649194494,0.025964833460134118,0.8751475762889402,0.8401706564913517,0.9600331181331633,0.034976919797588546,0.9830316853777264,0.9631258824807212,0.9797505988941175,0.019905802897005276,0.9767025089605734,0.9802867383512545,1.0036697247706423,-0.0035842293906810374,0.9293522513543326,0.9045749678761136,0.9733391903424009,0.02477728347821906,0.9074987410764537,0.9170906739528721,0.9631258824807212,0.8401706564913517,0.9045749678761136,0.9229098805646037,0.9330606826934176,0.9074987410764537,0.964968152866242,0.8347107438016529,0.8951255539143279,0.9802867383512545
spambase,label_noise→imputation→balance→outliers,"('label_noise', 'imputation', 'balance', 'outliers')",random_forest,44,3680,4241,921,2.455752372741699,False,0.9402823018458197,0.9185667752442996,0.976905311778291,0.021715526601520097,0.9305000148108653,0.9010263929618769,0.9683249635896253,0.029473621848988385,0.9447637943873752,0.931635581061693,0.986104237478538,0.013128213325682259,0.9305000148108653,0.9010263929618769,0.9683249635896253,0.029473621848988385,0.9365277264383227,0.9119768788778916,0.9737852421585,0.024550847560431133,0.9610778443113772,0.9705882352941176,1.0098955470038482,-0.009510390982740424,0.8842975206611571,0.8181818181818182,0.9252336448598131,0.06611570247933884,0.921090387374462,0.8878923766816144,0.9639579229705376,0.03319801069284767,0.8751475762889402,0.8320991771349723,0.9508101258344169,0.043048399153967964,0.9830316853777264,0.9666113727697306,0.9832962529568043,0.016420312607995813,0.9767025089605734,0.9838709677419355,1.0073394495412844,-0.007168458781362075,0.9293522513543326,0.8972097509743203,0.9654140824072127,0.03214250038001232,0.9010263929618769,0.9119768788778916,0.9666113727697306,0.8320991771349723,0.8972097509743203,0.9185667752442996,0.931635581061693,0.9010263929618769,0.9705882352941176,0.8181818181818182,0.8878923766816144,0.9838709677419355
spambase,label_noise→outliers→imputation→balance,"('label_noise', 'outliers', 'imputation', 'balance')",random_forest,44,3680,4150,921,2.258665084838867,False,0.9402823018458197,0.9142236699239956,0.9722863741339491,0.026058631921824116,0.9305000148108653,0.8969608104505465,0.9639557186174403,0.033539204360318764,0.9447637943873752,0.9258702146140971,0.9800017952788618,0.018893579773278102,0.9305000148108653,0.8969608104505465,0.9639557186174403,0.033539204360318764,0.9365277264383227,0.9074007847369554,0.9688990076010466,0.029126941701367315,0.9610778443113772,0.961038961038961,0.9999595420156168,3.888327241619027e-05,0.8842975206611571,0.8154269972451791,0.9221183800623053,0.06887052341597799,0.921090387374462,0.8822652757078987,0.9578487494834974,0.03882511166656333,0.8751475762889402,0.8223230157060185,0.9396392539793985,0.05282456058292173,0.9830316853777264,0.9620940588682524,0.9787009647594128,0.02093762650947406,0.9767025089605734,0.978494623655914,1.0018348623853213,-0.0017921146953405742,0.9293522513543326,0.8932474084979444,0.9611505295179807,0.036104842856388264,0.8969608104505465,0.9074007847369554,0.9620940588682524,0.8223230157060185,0.8932474084979444,0.9142236699239956,0.9258702146140971,0.8969608104505465,0.961038961038961,0.8154269972451791,0.8822652757078987,0.978494623655914
spambase,label_noise→outliers→balance→imputation,"('label_noise', 'outliers', 'balance', 'imputation')",random_forest,44,3680,4150,921,1.5989799499511719,False,0.9402823018458197,0.9185667752442996,0.976905311778291,0.021715526601520097,0.9305000148108653,0.9029518054444741,0.97039418707372,0.02754820936639124,0.9447637943873752,0.9282285228596312,0.982497983489655,0.016535271527744033,0.9305000148108653,0.9029518054444741,0.97039418707372,0.02754820936639124,0.9365277264383227,0.9124197260065551,0.9742581028289979,0.02410800043176764,0.9610778443113772,0.9585987261146497,0.9974204813778599,0.0024791181967275255,0.8842975206611571,0.8292011019283747,0.9376947040498442,0.05509641873278237,0.921090387374462,0.8892171344165436,0.9653961724117303,0.03187325295791843,0.8751475762889402,0.8307958989525855,0.9493209162225783,0.0443516773363547,0.9830316853777264,0.9651944666607423,0.9818548893364202,0.017837218716984182,0.9767025089605734,0.9767025089605734,1.0,0.0,0.9293522513543326,0.8999348846923958,0.9683463760710029,0.02941736666193684,0.9029518054444741,0.9124197260065551,0.9651944666607423,0.8307958989525855,0.8999348846923958,0.9185667752442996,0.9282285228596312,0.9029518054444741,0.9585987261146497,0.8292011019283747,0.8892171344165436,0.9767025089605734
spambase,label_noise→balance→imputation→outliers,"('label_noise', 'balance', 'imputation', 'outliers')",random_forest,44,3680,4241,921,1.6502611637115479,False,0.9402823018458197,0.9207383279044516,0.9792147806004619,0.019543973941368087,0.9305000148108653,0.9066693326224118,0.9743893801083954,0.023830682188453522,0.9447637943873752,0.9283095881863561,0.9825837883513638,0.016454206201019117,0.9305000148108653,0.9066693326224118,0.9743893801083954,0.023830682188453522,0.9365277264383227,0.9150666311266971,0.9770843994194987,0.021461095311625655,0.9610778443113772,0.953125,0.99172507788162,0.007952844311377216,0.8842975206611571,0.8402203856749312,0.9501557632398754,0.0440771349862259,0.921090387374462,0.8931185944363104,0.9696318696606048,0.027971792938151663,0.8751475762889402,0.8346984470658261,0.9537802191092861,0.040449129223114166,0.9830316853777264,0.9646217798710468,0.9812723172807948,0.018409905506679647,0.9767025089605734,0.9731182795698925,0.9963302752293579,0.0035842293906809264,0.9293522513543326,0.9042310634829687,0.9729691429328813,0.02512118787136397,0.9066693326224118,0.9150666311266971,0.9646217798710468,0.8346984470658261,0.9042310634829687,0.9207383279044516,0.9283095881863561,0.9066693326224118,0.953125,0.8402203856749312,0.8931185944363104,0.9731182795698925
spambase,label_noise→balance→outliers→imputation,"('label_noise', 'balance', 'outliers', 'imputation')",random_forest,44,3680,4241,921,1.5860049724578857,False,0.9402823018458197,0.9207383279044516,0.9792147806004619,0.019543973941368087,0.9305000148108653,0.9066693326224118,0.9743893801083954,0.023830682188453522,0.9447637943873752,0.9283095881863561,0.9825837883513638,0.016454206201019117,0.9305000148108653,0.9066693326224118,0.9743893801083954,0.023830682188453522,0.9365277264383227,0.9150666311266971,0.9770843994194987,0.021461095311625655,0.9610778443113772,0.953125,0.99172507788162,0.007952844311377216,0.8842975206611571,0.8402203856749312,0.9501557632398754,0.0440771349862259,0.921090387374462,0.8931185944363104,0.9696318696606048,0.027971792938151663,0.8751475762889402,0.8346984470658261,0.9537802191092861,0.040449129223114166,0.9830316853777264,0.9646217798710468,0.9812723172807948,0.018409905506679647,0.9767025089605734,0.9731182795698925,0.9963302752293579,0.0035842293906809264,0.9293522513543326,0.9042310634829687,0.9729691429328813,0.02512118787136397,0.9066693326224118,0.9150666311266971,0.9646217798710468,0.8346984470658261,0.9042310634829687,0.9207383279044516,0.9283095881863561,0.9066693326224118,0.953125,0.8402203856749312,0.8931185944363104,0.9731182795698925
spambase,outliers→imputation→label_noise→balance,"('outliers', 'imputation', 'label_noise', 'balance')",random_forest,44,3680,4188,921,2.0917470455169678,False,0.9402823018458197,0.9142236699239956,0.9722863741339491,0.026058631921824116,0.9305000148108653,0.8955167510885986,0.9624038010043692,0.03498326372226668,0.9447637943873752,0.9285565267628839,0.9828451643460778,0.016207267624491317,0.9305000148108653,0.8955167510885986,0.9624038010043692,0.03498326372226668,0.9365277264383227,0.9070416057135191,0.9685154855618197,0.02948612072480361,0.9610778443113772,0.9701986754966887,1.0094902106414145,-0.009120831185311484,0.8842975206611571,0.8071625344352618,0.9127725856697819,0.07713498622589532,0.921090387374462,0.881203007518797,0.9566954770102827,0.03988737985566504,0.8751475762889402,0.8234106754786943,0.9408820841055904,0.051736900810245956,0.9830316853777264,0.9648044472091393,0.9814581376778476,0.01822723816858718,0.9767025089605734,0.9838709677419355,1.0073394495412844,-0.007168458781362075,0.9293522513543326,0.8911474535001793,0.9588909395781008,0.038204797854153316,0.8955167510885986,0.9070416057135191,0.9648044472091393,0.8234106754786943,0.8911474535001793,0.9142236699239956,0.9285565267628839,0.8955167510885986,0.9701986754966887,0.8071625344352618,0.881203007518797,0.9838709677419355
spambase,outliers→imputation→balance→label_noise,"('outliers', 'imputation', 'balance', 'label_noise')",random_forest,44,3680,4195,921,2.2153873443603516,False,0.9402823018458197,0.9207383279044516,0.9792147806004619,0.019543973941368087,0.9305000148108653,0.9095574513463076,0.9774932153345376,0.020942563464557695,0.9447637943873752,0.924230879374885,0.9782666152804843,0.020532915012490216,0.9305000148108653,0.9095574513463076,0.9774932153345376,0.020942563464557695,0.9365277264383227,0.9156598696631186,0.9777178441319981,0.020867856775204086,0.9610778443113772,0.9367469879518072,0.9746837818563976,0.024330856359569997,0.8842975206611571,0.8567493112947658,0.968847352024922,0.02754820936639124,0.921090387374462,0.8949640287769784,0.9716354019588068,0.02612635859748358,0.8751475762889402,0.8336592055250892,0.9525927147741386,0.041488370763851035,0.9830316853777264,0.9678702963160442,0.984576907044602,0.015161389061682295,0.9767025089605734,0.9623655913978495,0.9853211009174313,0.014336917562723928,0.9293522513543326,0.9080231592001867,0.9770495071991666,0.021329092154145912,0.9095574513463076,0.9156598696631186,0.9678702963160442,0.8336592055250892,0.9080231592001867,0.9207383279044516,0.924230879374885,0.9095574513463076,0.9367469879518072,0.8567493112947658,0.8949640287769784,0.9623655913978495
spambase,outliers→label_noise→imputation→balance,"('outliers', 'label_noise', 'imputation', 'balance')",random_forest,44,3680,4174,921,2.113891839981079,False,0.9402823018458197,0.9142236699239956,0.9722863741339491,0.026058631921824116,0.9305000148108653,0.895998104209248,0.962921106875393,0.034501910601617336,0.9447637943873752,0.9276369103471807,0.9818717819819711,0.01712688404019458,0.9305000148108653,0.895998104209248,0.962921106875393,0.034501910601617336,0.9365277264383227,0.9071625889183068,0.968644668287939,0.029365137520015905,0.9610778443113772,0.9671052631578947,1.0062715199212986,-0.006027418846517474,0.8842975206611571,0.8099173553719008,0.9158878504672896,0.07438016528925628,0.921090387374462,0.881559220389805,0.9570822065602712,0.039531166984656974,0.8751475762889402,0.8230271096079003,0.9404437970312886,0.05212046668103998,0.9830316853777264,0.9646760863769662,0.9813275611826213,0.018355599000760225,0.9767025089605734,0.982078853046595,1.0055045871559634,-0.005376344086021612,0.9293522513543326,0.891853523526239,0.9596506838247315,0.0374987278280936,0.895998104209248,0.9071625889183068,0.9646760863769662,0.8230271096079003,0.891853523526239,0.9142236699239956,0.9276369103471807,0.895998104209248,0.9671052631578947,0.8099173553719008,0.881559220389805,0.982078853046595
spambase,outliers→label_noise→balance→imputation,"('outliers', 'label_noise', 'balance', 'imputation')",random_forest,44,3680,4174,921,1.566936731338501,False,0.9402823018458197,0.9196525515743756,0.9780600461893765,0.02062975027144409,0.9305000148108653,0.9043292159127936,0.971874477720034,0.026170798898071723,0.9447637943873752,0.929035046361779,0.9833516608923446,0.015728748025596206,0.9305000148108653,0.9043292159127936,0.971874477720034,0.026170798898071723,0.9365277264383227,0.9136407870328134,0.9755619201018747,0.022886939405509343,0.9610778443113772,0.9587301587301588,0.9975572368095733,0.0023476855812184505,0.8842975206611571,0.8319559228650137,0.9408099688473519,0.052341597796143335,0.921090387374462,0.8908554572271387,0.9671748499802424,0.03023493014732337,0.8751475762889402,0.8329979685318978,0.951837142787074,0.04214960775704246,0.9830316853777264,0.9628691608163749,0.9794894459036646,0.02016252456135159,0.9767025089605734,0.9767025089605734,1.0,0.0,0.9293522513543326,0.901428553578634,0.9699535910791568,0.027923697775698586,0.9043292159127936,0.9136407870328134,0.9628691608163749,0.8329979685318978,0.901428553578634,0.9196525515743756,0.929035046361779,0.9043292159127936,0.9587301587301588,0.8319559228650137,0.8908554572271387,0.9767025089605734
spambase,outliers→balance→imputation→label_noise,"('outliers', 'balance', 'imputation', 'label_noise')",random_forest,44,3680,4195,921,1.6394140720367432,False,0.9402823018458197,0.9283387622149837,0.9872979214780601,0.011943539630836053,0.9305000148108653,0.9187179715038953,0.987337943987712,0.01178204330696997,0.9447637943873752,0.9309428478517133,0.9853710031885546,0.013820946535661904,0.9305000148108653,0.9187179715038953,0.987337943987712,0.01178204330696997,0.9365277264383227,0.9239604703527646,0.9865810101177119,0.012567256085558087,0.9610778443113772,0.9406528189910979,0.9787477929689306,0.020425025320279344,0.8842975206611571,0.8732782369146006,0.9875389408099688,0.011019283746556474,0.921090387374462,0.9057142857142857,0.9833066310636404,0.015376101660176333,0.8751475762889402,0.8495728693563165,0.9707766922682078,0.02557470693262376,0.9830316853777264,0.969302013290283,0.9860333371836658,0.013729672087443467,0.9767025089605734,0.96415770609319,0.9871559633027523,0.012544802867383464,0.9293522513543326,0.9175935601804792,0.987347433487445,0.01175869117385342,0.9187179715038953,0.9239604703527646,0.969302013290283,0.8495728693563165,0.9175935601804792,0.9283387622149837,0.9309428478517133,0.9187179715038953,0.9406528189910979,0.8732782369146006,0.9057142857142857,0.96415770609319
spambase,outliers→balance→label_noise→imputation,"('outliers', 'balance', 'label_noise', 'imputation')",random_forest,44,3680,4195,921,1.5897831916809082,False,0.9402823018458197,0.9283387622149837,0.9872979214780601,0.011943539630836053,0.9305000148108653,0.9187179715038953,0.987337943987712,0.01178204330696997,0.9447637943873752,0.9309428478517133,0.9853710031885546,0.013820946535661904,0.9305000148108653,0.9187179715038953,0.987337943987712,0.01178204330696997,0.9365277264383227,0.9239604703527646,0.9865810101177119,0.012567256085558087,0.9610778443113772,0.9406528189910979,0.9787477929689306,0.020425025320279344,0.8842975206611571,0.8732782369146006,0.9875389408099688,0.011019283746556474,0.921090387374462,0.9057142857142857,0.9833066310636404,0.015376101660176333,0.8751475762889402,0.8495728693563165,0.9707766922682078,0.02557470693262376,0.9830316853777264,0.969302013290283,0.9860333371836658,0.013729672087443467,0.9767025089605734,0.96415770609319,0.9871559633027523,0.012544802867383464,0.9293522513543326,0.9175935601804792,0.987347433487445,0.01175869117385342,0.9187179715038953,0.9239604703527646,0.969302013290283,0.8495728693563165,0.9175935601804792,0.9283387622149837,0.9309428478517133,0.9187179715038953,0.9406528189910979,0.8732782369146006,0.9057142857142857,0.96415770609319
spambase,balance→imputation→label_noise→outliers,"('balance', 'imputation', 'label_noise', 'outliers')",random_forest,44,3680,4193,921,1.7153351306915283,False,0.9402823018458197,0.9261672095548317,0.9849884526558892,0.014115092290988063,0.9305000148108653,0.9174072099292041,0.9859292803081551,0.013092804881661202,0.9447637943873752,0.927482556375771,0.9817084036091687,0.017281238011604194,0.9305000148108653,0.9174072099292041,0.9859292803081551,0.013092804881661202,0.9365277264383227,0.9218275683016457,0.9843035526640704,0.014700158136677022,0.9610778443113772,0.9325513196480938,0.9703181955216926,0.028526524663283426,0.8842975206611571,0.8760330578512396,0.9906542056074765,0.008264462809917439,0.921090387374462,0.9034090909090909,0.980803950722175,0.017681296465371088,0.8751475762889402,0.8448296897013369,0.9653568296261914,0.03031788658760337,0.9830316853777264,0.966759481422238,0.983446918143604,0.01627220395548845,0.9767025089605734,0.9587813620071685,0.981651376146789,0.017921146953404965,0.9293522513543326,0.916473768511634,0.9861425171952497,0.012878482842698658,0.9174072099292041,0.9218275683016457,0.966759481422238,0.8448296897013369,0.916473768511634,0.9261672095548317,0.927482556375771,0.9174072099292041,0.9325513196480938,0.8760330578512396,0.9034090909090909,0.9587813620071685
spambase,balance→imputation→outliers→label_noise,"('balance', 'imputation', 'outliers', 'label_noise')",random_forest,44,3680,4193,921,1.7825217247009277,False,0.9402823018458197,0.9272529858849077,0.9861431870669746,0.013029315960912058,0.9305000148108653,0.917821914156225,0.9863749592124217,0.012678100654640256,0.9447637943873752,0.9294837963197905,0.9838266472970708,0.015279998067584732,0.9305000148108653,0.917821914156225,0.9863749592124217,0.012678100654640256,0.9365277264383227,0.9228509166196781,0.9853962574384654,0.013676809818644609,0.9610778443113772,0.9378698224852071,0.9758520894394367,0.0232080218261701,0.8842975206611571,0.8732782369146006,0.9875389408099688,0.011019283746556474,0.921090387374462,0.9044222539229672,0.981903911190511,0.01666813345149487,0.8751475762889402,0.8472254525860684,0.9680943826396966,0.027922123702871837,0.9830316853777264,0.968428172240489,0.9851444125815476,0.0146035131372374,0.9767025089605734,0.9623655913978495,0.9853211009174313,0.014336917562723928,0.9293522513543326,0.9167403814184204,0.9864293975534755,0.012611869935912234,0.917821914156225,0.9228509166196781,0.968428172240489,0.8472254525860684,0.9167403814184204,0.9272529858849077,0.9294837963197905,0.917821914156225,0.9378698224852071,0.8732782369146006,0.9044222539229672,0.9623655913978495
spambase,balance→label_noise→imputation→outliers,"('balance', 'label_noise', 'imputation', 'outliers')",random_forest,44,3680,4193,921,1.7551708221435547,False,0.9402823018458197,0.9261672095548317,0.9849884526558892,0.014115092290988063,0.9305000148108653,0.9174072099292041,0.9859292803081551,0.013092804881661202,0.9447637943873752,0.927482556375771,0.9817084036091687,0.017281238011604194,0.9305000148108653,0.9174072099292041,0.9859292803081551,0.013092804881661202,0.9365277264383227,0.9218275683016457,0.9843035526640704,0.014700158136677022,0.9610778443113772,0.9325513196480938,0.9703181955216926,0.028526524663283426,0.8842975206611571,0.8760330578512396,0.9906542056074765,0.008264462809917439,0.921090387374462,0.9034090909090909,0.980803950722175,0.017681296465371088,0.8751475762889402,0.8448296897013369,0.9653568296261914,0.03031788658760337,0.9830316853777264,0.966759481422238,0.983446918143604,0.01627220395548845,0.9767025089605734,0.9587813620071685,0.981651376146789,0.017921146953404965,0.9293522513543326,0.916473768511634,0.9861425171952497,0.012878482842698658,0.9174072099292041,0.9218275683016457,0.966759481422238,0.8448296897013369,0.916473768511634,0.9261672095548317,0.927482556375771,0.9174072099292041,0.9325513196480938,0.8760330578512396,0.9034090909090909,0.9587813620071685
spambase,balance→label_noise→outliers→imputation,"('balance', 'label_noise', 'outliers', 'imputation')",random_forest,44,3680,4193,921,1.6721782684326172,False,0.9402823018458197,0.9261672095548317,0.9849884526558892,0.014115092290988063,0.9305000148108653,0.9174072099292041,0.9859292803081551,0.013092804881661202,0.9447637943873752,0.927482556375771,0.9817084036091687,0.017281238011604194,0.9305000148108653,0.9174072099292041,0.9859292803081551,0.013092804881661202,0.9365277264383227,0.9218275683016457,0.9843035526640704,0.014700158136677022,0.9610778443113772,0.9325513196480938,0.9703181955216926,0.028526524663283426,0.8842975206611571,0.8760330578512396,0.9906542056074765,0.008264462809917439,0.921090387374462,0.9034090909090909,0.980803950722175,0.017681296465371088,0.8751475762889402,0.8448296897013369,0.9653568296261914,0.03031788658760337,0.9830316853777264,0.966759481422238,0.983446918143604,0.01627220395548845,0.9767025089605734,0.9587813620071685,0.981651376146789,0.017921146953404965,0.9293522513543326,0.916473768511634,0.9861425171952497,0.012878482842698658,0.9174072099292041,0.9218275683016457,0.966759481422238,0.8448296897013369,0.916473768511634,0.9261672095548317,0.927482556375771,0.9174072099292041,0.9325513196480938,0.8760330578512396,0.9034090909090909,0.9587813620071685
spambase,balance→outliers→imputation→label_noise,"('balance', 'outliers', 'imputation', 'label_noise')",random_forest,44,3680,4193,921,1.7700450420379639,False,0.9402823018458197,0.9272529858849077,0.9861431870669746,0.013029315960912058,0.9305000148108653,0.917821914156225,0.9863749592124217,0.012678100654640256,0.9447637943873752,0.9294837963197905,0.9838266472970708,0.015279998067584732,0.9305000148108653,0.917821914156225,0.9863749592124217,0.012678100654640256,0.9365277264383227,0.9228509166196781,0.9853962574384654,0.013676809818644609,0.9610778443113772,0.9378698224852071,0.9758520894394367,0.0232080218261701,0.8842975206611571,0.8732782369146006,0.9875389408099688,0.011019283746556474,0.921090387374462,0.9044222539229672,0.981903911190511,0.01666813345149487,0.8751475762889402,0.8472254525860684,0.9680943826396966,0.027922123702871837,0.9830316853777264,0.968428172240489,0.9851444125815476,0.0146035131372374,0.9767025089605734,0.9623655913978495,0.9853211009174313,0.014336917562723928,0.9293522513543326,0.9167403814184204,0.9864293975534755,0.012611869935912234,0.917821914156225,0.9228509166196781,0.968428172240489,0.8472254525860684,0.9167403814184204,0.9272529858849077,0.9294837963197905,0.917821914156225,0.9378698224852071,0.8732782369146006,0.9044222539229672,0.9623655913978495
spambase,balance→outliers→label_noise→imputation,"('balance', 'outliers', 'label_noise', 'imputation')",random_forest,44,3680,4193,921,1.849721908569336,False,0.9402823018458197,0.9272529858849077,0.9861431870669746,0.013029315960912058,0.9305000148108653,0.917821914156225,0.9863749592124217,0.012678100654640256,0.9447637943873752,0.9294837963197905,0.9838266472970708,0.015279998067584732,0.9305000148108653,0.917821914156225,0.9863749592124217,0.012678100654640256,0.9365277264383227,0.9228509166196781,0.9853962574384654,0.013676809818644609,0.9610778443113772,0.9378698224852071,0.9758520894394367,0.0232080218261701,0.8842975206611571,0.8732782369146006,0.9875389408099688,0.011019283746556474,0.921090387374462,0.9044222539229672,0.981903911190511,0.01666813345149487,0.8751475762889402,0.8472254525860684,0.9680943826396966,0.027922123702871837,0.9830316853777264,0.968428172240489,0.9851444125815476,0.0146035131372374,0.9767025089605734,0.9623655913978495,0.9853211009174313,0.014336917562723928,0.9293522513543326,0.9167403814184204,0.9864293975534755,0.012611869935912234,0.917821914156225,0.9228509166196781,0.968428172240489,0.8472254525860684,0.9167403814184204,0.9272529858849077,0.9294837963197905,0.917821914156225,0.9378698224852071,0.8732782369146006,0.9044222539229672,0.9623655913978495
spambase,imputation→label_noise→outliers→balance,"('imputation', 'label_noise', 'outliers', 'balance')",random_forest,45,3680,4185,921,2.337224006652832,False,0.9370249728555917,0.8990228013029316,0.9594438006952491,0.03800217155266017,0.9321440208536982,0.8796024763766699,0.9436336625010924,0.0525415444770283,0.9356367889314687,0.9113128416908279,0.9740027887654785,0.024323947240640797,0.9321440208536982,0.8796024763766699,0.9436336625010924,0.0525415444770283,0.933809316111381,0.8905679662197123,0.953693597669665,0.04324134989166861,0.9295774647887324,0.9470198675496688,1.0187637969094923,-0.01744240276093645,0.9090909090909091,0.7878787878787878,0.8666666666666667,0.12121212121212122,0.9192200557103064,0.8601503759398497,0.9357393483709273,0.05906967977045674,0.8677737806609249,0.7902793766039032,0.9106974585035291,0.07749440405702168,0.9686256504438323,0.9449356714752609,0.9755426888006564,0.02368997896857139,0.9551971326164874,0.9713261648745519,1.0168855534709194,-0.016129032258064502,0.9318589108075064,0.874806996666301,0.9387762315952243,0.05705191414120536,0.8796024763766699,0.8905679662197123,0.9449356714752609,0.7902793766039032,0.874806996666301,0.8990228013029316,0.9113128416908279,0.8796024763766699,0.9470198675496688,0.7878787878787878,0.8601503759398497,0.9713261648745519
spambase,imputation→label_noise→balance→outliers,"('imputation', 'label_noise', 'balance', 'outliers')",random_forest,45,3680,4279,921,2.2955129146575928,False,0.9370249728555917,0.9033659066232356,0.9640787949015064,0.03365906623235615,0.9321440208536982,0.8846307651292988,0.9490279885281196,0.04751325572439935,0.9356367889314687,0.91536136227928,0.9783298103579873,0.020275426652188733,0.9321440208536982,0.8846307651292988,0.9490279885281196,0.04751325572439935,0.933809316111381,0.8954110178953076,0.9588799366706111,0.03839829821607332,0.9295774647887324,0.9506578947368421,1.0226774322169059,-0.02108042994810977,0.9090909090909091,0.7961432506887053,0.8757575757575758,0.11294765840220378,0.9192200557103064,0.8665667166416792,0.942719549316251,0.052653339068627236,0.8677737806609249,0.7994016726993443,0.9212097559464101,0.06837210796158066,0.9686256504438323,0.9414551181413352,0.9719493983149762,0.027170532302497108,0.9551971326164874,0.9731182795698925,1.0187617260787993,-0.017921146953405076,0.9318589108075064,0.8801940413348494,0.9445571975827471,0.05166486947265703,0.8846307651292988,0.8954110178953076,0.9414551181413352,0.7994016726993443,0.8801940413348494,0.9033659066232356,0.91536136227928,0.8846307651292988,0.9506578947368421,0.7961432506887053,0.8665667166416792,0.9731182795698925
spambase,imputation→outliers→label_noise→balance,"('imputation', 'outliers', 'label_noise', 'balance')",random_forest,45,3680,4224,921,2.2633719444274902,False,0.9370249728555917,0.8979370249728555,0.9582850521436848,0.039087947882736174,0.9321440208536982,0.877743712787701,0.9416395891096582,0.05440030806599716,0.9356367889314687,0.9114115648087409,0.9741083031264793,0.024225224122727873,0.9321440208536982,0.877743712787701,0.9416395891096582,0.05440030806599716,0.933809316111381,0.88917251267346,0.9521992309695517,0.04463680343792098,0.9295774647887324,0.9498327759197325,1.0217898043985,-0.020255311131000098,0.9090909090909091,0.7823691460055097,0.8606060606060607,0.1267217630853994,0.9192200557103064,0.8580060422960725,0.9334065732857273,0.061214013414233936,0.8677737806609249,0.7884367621430438,0.9085740773851736,0.07933701851788111,0.9686256504438323,0.9445900846194102,0.975185908185057,0.024035565824422123,0.9551971326164874,0.9731182795698925,1.0187617260787993,-0.017921146953405076,0.9318589108075064,0.8725466849111556,0.9363506371957602,0.05931222589635077,0.877743712787701,0.88917251267346,0.9445900846194102,0.7884367621430438,0.8725466849111556,0.8979370249728555,0.9114115648087409,0.877743712787701,0.9498327759197325,0.7823691460055097,0.8580060422960725,0.9731182795698925
spambase,imputation→outliers→balance→label_noise,"('imputation', 'outliers', 'balance', 'label_noise')",random_forest,45,3680,4186,921,2.3128740787506104,False,0.9370249728555917,0.9207383279044516,0.9826187717265353,0.016286644951140072,0.9321440208536982,0.9114828638289049,0.9778348017446157,0.02066115702479332,0.9356367889314687,0.9219272046167866,0.9853473222976418,0.013709584314682166,0.9321440208536982,0.9114828638289049,0.9778348017446157,0.02066115702479332,0.933809316111381,0.9160340045234459,0.9809647309346238,0.017775311587935105,0.9295774647887324,0.9264705882352942,0.9966577540106952,0.0031068765534382203,0.9090909090909091,0.8677685950413223,0.9545454545454546,0.04132231404958675,0.9192200557103064,0.8961593172119487,0.974912711754817,0.023060738498357658,0.8677737806609249,0.8333446213495102,0.9603247296948838,0.03442915931141477,0.9686256504438323,0.9535012885452768,0.9843857512015861,0.015124361898555483,0.9551971326164874,0.9551971326164874,1.0,0.0,0.9318589108075064,0.9104340029667768,0.9770084209183945,0.02142490784072959,0.9114828638289049,0.9160340045234459,0.9535012885452768,0.8333446213495102,0.9104340029667768,0.9207383279044516,0.9219272046167866,0.9114828638289049,0.9264705882352942,0.8677685950413223,0.8961593172119487,0.9551971326164874
spambase,imputation→balance→label_noise→outliers,"('imputation', 'balance', 'label_noise', 'outliers')",random_forest,45,3680,4189,921,2.4391837120056152,False,0.9370249728555917,0.9196525515743756,0.981460023174971,0.017372421281216077,0.9321440208536982,0.9096241002399361,0.9758407283531816,0.022519920613762068,0.9356367889314687,0.9215834722165765,0.984979944267752,0.014053316714892183,0.9321440208536982,0.9096241002399361,0.9758407283531816,0.022519920613762068,0.933809316111381,0.9147435576682512,0.9795828140561669,0.019065758443129743,0.9295774647887324,0.9287833827893175,0.9991457602733567,0.0007940819994148862,0.9090909090909091,0.8622589531680441,0.9484848484848486,0.04683195592286493,0.9192200557103064,0.8942857142857142,0.9728744588744588,0.024934341424592166,0.8677737806609249,0.8311215325877276,0.9577628998593599,0.036652248073197335,0.9686256504438323,0.9504749350790407,0.9812613723821222,0.018150715364791625,0.9551971326164874,0.956989247311828,1.00187617260788,-0.0017921146953405742,0.9318589108075064,0.908390085029648,0.9748150438809225,0.02346882577785836,0.9096241002399361,0.9147435576682512,0.9504749350790407,0.8311215325877276,0.908390085029648,0.9196525515743756,0.9215834722165765,0.9096241002399361,0.9287833827893175,0.8622589531680441,0.8942857142857142,0.956989247311828
spambase,imputation→balance→outliers→label_noise,"('imputation', 'balance', 'outliers', 'label_noise')",random_forest,45,3680,4189,921,2.460538148880005,False,0.9370249728555917,0.9142236699239956,0.9756662804171494,0.0228013029315961,0.9321440208536982,0.9041811072602861,0.9700015094579457,0.027962913593412075,0.9356367889314687,0.9154622590761923,0.978437647927123,0.020174529855276457,0.9321440208536982,0.9041811072602861,0.9700015094579457,0.027962913593412075,0.933809316111381,0.9090331703426056,0.9734676605370038,0.024776145768775404,0.9295774647887324,0.9201183431952663,0.9898242782858168,0.009459121593466069,0.9090909090909091,0.8567493112947658,0.9424242424242425,0.052341597796143224,0.9192200557103064,0.8873038516405135,0.9652790386028617,0.0319162040697929,0.8677737806609249,0.8195657286594535,0.9444462911004818,0.04820805200147138,0.9686256504438323,0.9525830148997304,0.9834377341372789,0.016042635544101902,0.9551971326164874,0.9516129032258065,0.9962476547842403,0.0035842293906809264,0.9318589108075064,0.9029361546964007,0.9689623012929687,0.02892275611110573,0.9041811072602861,0.9090331703426056,0.9525830148997304,0.8195657286594535,0.9029361546964007,0.9142236699239956,0.9154622590761923,0.9041811072602861,0.9201183431952663,0.8567493112947658,0.8873038516405135,0.9516129032258065
spambase,label_noise→imputation→outliers→balance,"('label_noise', 'imputation', 'outliers', 'balance')",random_forest,45,3680,4185,921,2.5612521171569824,False,0.9370249728555917,0.9066232356134636,0.9675550405561993,0.030401737242128135,0.9321440208536982,0.8902070558962054,0.9550102087024224,0.04193696495749277,0.9356367889314687,0.9153249537581974,0.9782908972653073,0.020311835173271287,0.9321440208536982,0.8902070558962054,0.9550102087024224,0.04193696495749277,0.933809316111381,0.8995123164208796,0.9632719452475342,0.03429699969050137,0.9295774647887324,0.9424920127795527,1.0138929228386098,-0.012914547990820369,0.9090909090909091,0.8126721763085399,0.8939393939393939,0.09641873278236912,0.9192200557103064,0.8727810650887574,0.9494800071723148,0.04643899062154899,0.8677737806609249,0.8051403044096449,0.9278228063037623,0.06263347625128002,0.9686256504438323,0.9459625581326462,0.9766028369155806,0.022663092311186128,0.9551971326164874,0.967741935483871,1.0131332082551596,-0.012544802867383575,0.9318589108075064,0.8868240777148059,0.9516720475917589,0.04503483309270051,0.8902070558962054,0.8995123164208796,0.9459625581326462,0.8051403044096449,0.8868240777148059,0.9066232356134636,0.9153249537581974,0.8902070558962054,0.9424920127795527,0.8126721763085399,0.8727810650887574,0.967741935483871
spambase,label_noise→imputation→balance→outliers,"('label_noise', 'imputation', 'balance', 'outliers')",random_forest,45,3680,4281,921,2.4609711170196533,False,0.9370249728555917,0.9022801302931596,0.962920046349942,0.034744842562432154,0.9321440208536982,0.8842160609022779,0.9485830956599113,0.047927959951420296,0.9356367889314687,0.9128664495114006,0.975663270523947,0.02277033942006812,0.9321440208536982,0.8842160609022779,0.9485830956599113,0.047927959951420296,0.933809316111381,0.8944399164586623,0.9578400011935383,0.039369399652718684,0.9295774647887324,0.9446254071661238,1.0161879380120422,-0.015047942377391377,0.9090909090909091,0.7988980716253443,0.8787878787878788,0.11019283746556474,0.9192200557103064,0.8656716417910447,0.941745816372682,0.053548413919261684,0.8677737806609249,0.7965674382247357,0.9179436576408703,0.07120634243618917,0.9686256504438323,0.9442864618817699,0.9748724509299233,0.024339188562062408,0.9551971326164874,0.9695340501792115,1.0150093808630394,-0.014336917562724039,0.9318589108075064,0.8800902698378626,0.9444458379168329,0.05176864096964373,0.8842160609022779,0.8944399164586623,0.9442864618817699,0.7965674382247357,0.8800902698378626,0.9022801302931596,0.9128664495114006,0.8842160609022779,0.9446254071661238,0.7988980716253443,0.8656716417910447,0.9695340501792115
spambase,label_noise→outliers→imputation→balance,"('label_noise', 'outliers', 'imputation', 'balance')",random_forest,45,3680,4185,921,2.3607900142669678,False,0.9370249728555917,0.9022801302931596,0.962920046349942,0.034744842562432154,0.9321440208536982,0.8851787671435765,0.9496158826753951,0.046965253710121724,0.9356367889314687,0.9112566548943124,0.9739427368338099,0.02438013403715633,0.9321440208536982,0.8851787671435765,0.9496158826753951,0.046965253710121724,0.933809316111381,0.8947070241047113,0.9581260420815874,0.0391022920066697,0.9295774647887324,0.9389067524115756,1.010036051836695,-0.009329287622843241,0.9090909090909091,0.8044077134986226,0.8848484848484849,0.10468319559228645,0.9192200557103064,0.8664688427299704,0.9426130743638163,0.052751212980336026,0.8677737806609249,0.7960083700861005,0.9172994020167726,0.07176541057482444,0.9686256504438323,0.9466586687994313,0.9773214950127167,0.02196698164440103,0.9551971326164874,0.9659498207885304,1.0112570356472796,-0.010752688172043001,0.9318589108075064,0.8814859537706237,0.9459435795991564,0.050372957036882715,0.8851787671435765,0.8947070241047113,0.9466586687994313,0.7960083700861005,0.8814859537706237,0.9022801302931596,0.9112566548943124,0.8851787671435765,0.9389067524115756,0.8044077134986226,0.8664688427299704,0.9659498207885304
spambase,label_noise→outliers→balance→imputation,"('label_noise', 'outliers', 'balance', 'imputation')",random_forest,45,3680,4185,921,1.9046761989593506,False,0.9370249728555917,0.9142236699239956,0.9756662804171494,0.0228013029315961,0.9321440208536982,0.9003302822950916,0.9658703613960102,0.031813738558606586,0.9356367889314687,0.9204134219558477,0.9837294053037327,0.015223366975620989,0.9321440208536982,0.9003302822950916,0.9658703613960102,0.031813738558606586,0.933809316111381,0.908195749137273,0.9725708808723719,0.025613566974107993,0.9295774647887324,0.9409937888198758,1.012281197063806,-0.011416324031143454,0.9090909090909091,0.8347107438016529,0.9181818181818182,0.07438016528925617,0.9192200557103064,0.8846715328467153,0.962415394824154,0.03454852286359111,0.8677737806609249,0.8204979558590747,0.9455205655489575,0.04727582480185022,0.9686256504438323,0.9429559524867444,0.9734988455598653,0.025669697957087956,0.9551971326164874,0.9659498207885304,1.0112570356472796,-0.010752688172043001,0.9318589108075064,0.8979357958036128,0.9635962970247316,0.033923115003893556,0.9003302822950916,0.908195749137273,0.9429559524867444,0.8204979558590747,0.8979357958036128,0.9142236699239956,0.9204134219558477,0.9003302822950916,0.9409937888198758,0.8347107438016529,0.8846715328467153,0.9659498207885304
spambase,label_noise→balance→imputation→outliers,"('label_noise', 'balance', 'imputation', 'outliers')",random_forest,45,3680,4281,921,1.8861291408538818,False,0.9370249728555917,0.9153094462540716,0.9768250289687138,0.021715526601520097,0.9321440208536982,0.9007449865221127,0.9663152542642188,0.03139903433158553,0.9356367889314687,0.9226897801476791,0.9861623560157616,0.012947008783789626,0.9321440208536982,0.9007449865221127,0.9663152542642188,0.03139903433158553,0.933809316111381,0.9091945596116897,0.9736404894714551,0.024614756499691248,0.9295774647887324,0.9467084639498433,1.0184288021278618,-0.017130999161110938,0.9090909090909091,0.8319559228650137,0.9151515151515152,0.07713498622589532,0.9192200557103064,0.8856304985337243,0.9634586332533547,0.033589557176582074,0.8677737806609249,0.8231422969288272,0.9485678356194343,0.04463148373209769,0.9686256504438323,0.9457798907945536,0.9764142528759067,0.022845759649278707,0.9551971326164874,0.9695340501792115,1.0150093808630394,-0.014336917562724039,0.9318589108075064,0.8981144667946844,0.9637880331223312,0.03374444401282195,0.9007449865221127,0.9091945596116897,0.9457798907945536,0.8231422969288272,0.8981144667946844,0.9153094462540716,0.9226897801476791,0.9007449865221127,0.9467084639498433,0.8319559228650137,0.8856304985337243,0.9695340501792115
spambase,label_noise→balance→outliers→imputation,"('label_noise', 'balance', 'outliers', 'imputation')",random_forest,45,3680,4281,921,1.825272798538208,False,0.9370249728555917,0.9153094462540716,0.9768250289687138,0.021715526601520097,0.9321440208536982,0.9007449865221127,0.9663152542642188,0.03139903433158553,0.9356367889314687,0.9226897801476791,0.9861623560157616,0.012947008783789626,0.9321440208536982,0.9007449865221127,0.9663152542642188,0.03139903433158553,0.933809316111381,0.9091945596116897,0.9736404894714551,0.024614756499691248,0.9295774647887324,0.9467084639498433,1.0184288021278618,-0.017130999161110938,0.9090909090909091,0.8319559228650137,0.9151515151515152,0.07713498622589532,0.9192200557103064,0.8856304985337243,0.9634586332533547,0.033589557176582074,0.8677737806609249,0.8231422969288272,0.9485678356194343,0.04463148373209769,0.9686256504438323,0.9457798907945536,0.9764142528759067,0.022845759649278707,0.9551971326164874,0.9695340501792115,1.0150093808630394,-0.014336917562724039,0.9318589108075064,0.8981144667946844,0.9637880331223312,0.03374444401282195,0.9007449865221127,0.9091945596116897,0.9457798907945536,0.8231422969288272,0.8981144667946844,0.9153094462540716,0.9226897801476791,0.9007449865221127,0.9467084639498433,0.8319559228650137,0.8856304985337243,0.9695340501792115
spambase,outliers→imputation→label_noise→balance,"('outliers', 'imputation', 'label_noise', 'balance')",random_forest,45,3680,4233,921,2.523800849914551,False,0.9370249728555917,0.9044516829533116,0.9652375434530707,0.032573289902280145,0.9321440208536982,0.8850454693563198,0.9494728813963281,0.047098551497378405,0.9356367889314687,0.917921444646876,0.9810660028611912,0.01771534428459276,0.9321440208536982,0.8850454693563198,0.9494728813963281,0.047098551497378405,0.933809316111381,0.8963834966350972,0.9599213470774373,0.03742581947628376,0.9295774647887324,0.9568106312292359,1.0292962851102387,-0.027233166440503553,0.9090909090909091,0.7933884297520661,0.8727272727272728,0.11570247933884292,0.9192200557103064,0.8674698795180723,0.9437020810514787,0.0517501761922341,0.8677737806609249,0.8022936091185761,0.9245423484764923,0.06548017154234886,0.9686256504438323,0.945419493073452,0.9760421816624957,0.023206157370380343,0.9551971326164874,0.9767025089605734,1.022514071294559,-0.021505376344086002,0.9318589108075064,0.8802865839708865,0.9446565072904335,0.05157232683661983,0.8850454693563198,0.8963834966350972,0.945419493073452,0.8022936091185761,0.8802865839708865,0.9044516829533116,0.917921444646876,0.8850454693563198,0.9568106312292359,0.7933884297520661,0.8674698795180723,0.9767025089605734
spambase,outliers→imputation→balance→label_noise,"('outliers', 'imputation', 'balance', 'label_noise')",random_forest,45,3680,4186,921,2.5707530975341797,False,0.9370249728555917,0.9163952225841476,0.9779837775202781,0.02062975027144409,0.9321440208536982,0.9054918688349773,0.9714076887021046,0.026652152018720843,0.9356367889314687,0.9189270521988391,0.9821407869695753,0.016709736732629654,0.9321440208536982,0.9054918688349773,0.9714076887021046,0.026652152018720843,0.933809316111381,0.9111388170136518,0.9757225605842799,0.022670499097729113,0.9295774647887324,0.9281437125748503,0.9984576301941571,0.001433752213882089,0.9090909090909091,0.8539944903581267,0.9393939393939393,0.05509641873278237,0.9192200557103064,0.8895265423242468,0.9676970566497108,0.029693513386059633,0.8677737806609249,0.8243094402022467,0.9499128212590447,0.0434643404586782,0.9686256504438323,0.9514030826347541,0.9822195831783036,0.01722256780907816,0.9551971326164874,0.956989247311828,1.00187617260788,-0.0017921146953405742,0.9318589108075064,0.9040262963743211,0.9701321583016609,0.0278326144331853,0.9054918688349773,0.9111388170136518,0.9514030826347541,0.8243094402022467,0.9040262963743211,0.9163952225841476,0.9189270521988391,0.9054918688349773,0.9281437125748503,0.8539944903581267,0.8895265423242468,0.956989247311828
spambase,outliers→label_noise→imputation→balance,"('outliers', 'label_noise', 'imputation', 'balance')",random_forest,45,3680,4190,921,2.607405185699463,False,0.9370249728555917,0.9087947882736156,0.9698725376593279,0.028230184581976125,0.9321440208536982,0.8915178174708966,0.9564163879465811,0.04062620338280154,0.9356367889314687,0.919355606320198,0.9825988216753806,0.01628118261127076,0.9321440208536982,0.8915178174708966,0.9564163879465811,0.04062620338280154,0.933809316111381,0.9016025641025641,0.9655103547874914,0.03220675200881684,0.9295774647887324,0.9514563106796117,1.0235363342159458,-0.021878845890879295,0.9090909090909091,0.8099173553719008,0.8909090909090909,0.09917355371900827,0.9192200557103064,0.875,0.9518939393939394,0.044220055710306405,0.8677737806609249,0.8103954386117149,0.9338786866716475,0.057378342049209996,0.9686256504438323,0.9461156037402372,0.9767608397596318,0.022510046703595132,0.9551971326164874,0.9731182795698925,1.0187617260787993,-0.017921146953405076,0.9318589108075064,0.8877755253741236,0.952693068744514,0.04408338543338275,0.8915178174708966,0.9016025641025641,0.9461156037402372,0.8103954386117149,0.8877755253741236,0.9087947882736156,0.919355606320198,0.8915178174708966,0.9514563106796117,0.8099173553719008,0.875,0.9731182795698925
spambase,outliers→label_noise→balance→imputation,"('outliers', 'label_noise', 'balance', 'imputation')",random_forest,45,3680,4190,921,2.3066771030426025,False,0.9370249728555917,0.9109663409337676,0.9721900347624566,0.026058631921824116,0.9321440208536982,0.894753991528185,0.9598881412217076,0.03739002932551316,0.9356367889314687,0.9201645787792164,0.9834634440038189,0.015472210152252308,0.9321440208536982,0.894753991528185,0.9598881412217076,0.03739002932551316,0.933809316111381,0.9041861621687457,0.9682770845915378,0.02962315394263526,0.9295774647887324,0.9488817891373802,1.0207667731629393,-0.019304324348647817,0.9090909090909091,0.8181818181818182,0.9000000000000001,0.09090909090909083,0.9192200557103064,0.878698224852071,0.9559171597633137,0.04052183085823535,0.8677737806609249,0.8145223006691819,0.938634375480687,0.05325147999174307,0.9686256504438323,0.9458490081657237,0.9764856089990265,0.022776642278108605,0.9551971326164874,0.9713261648745519,1.0168855534709194,-0.016129032258064502,0.9318589108075064,0.8914714844708346,0.9566592905124727,0.040387426336671806,0.894753991528185,0.9041861621687457,0.9458490081657237,0.8145223006691819,0.8914714844708346,0.9109663409337676,0.9201645787792164,0.894753991528185,0.9488817891373802,0.8181818181818182,0.878698224852071,0.9713261648745519
spambase,outliers→balance→imputation→label_noise,"('outliers', 'balance', 'imputation', 'label_noise')",random_forest,45,3680,4186,921,1.848616123199463,False,0.9370249728555917,0.9272529858849077,0.9895712630359212,0.009771986970684043,0.9321440208536982,0.9197473266388223,0.9867008810467696,0.01239669421487588,0.9356367889314687,0.9273510932395075,0.9911443246033284,0.008285695691961248,0.9321440208536982,0.9197473266388223,0.9867008810467696,0.01239669421487588,0.933809316111381,0.9231828327505269,0.9886202855577567,0.010626483360854033,0.9295774647887324,0.9277456647398844,0.9980294272201787,0.0018318000488479758,0.9090909090909091,0.8842975206611571,0.9727272727272728,0.024793388429751984,0.9192200557103064,0.9055007052186178,0.9850750096166175,0.013719350491688598,0.8677737806609249,0.8470642925385565,0.9761349229673714,0.02070948812236839,0.9686256504438323,0.9510328110034856,0.9818373182330186,0.01759283944034673,0.9551971326164874,0.9551971326164874,1.0,0.0,0.9318589108075064,0.9190639020848367,0.9862693712811287,0.012795008722669698,0.9197473266388223,0.9231828327505269,0.9510328110034856,0.8470642925385565,0.9190639020848367,0.9272529858849077,0.9273510932395075,0.9197473266388223,0.9277456647398844,0.8842975206611571,0.9055007052186178,0.9551971326164874
spambase,outliers→balance→label_noise→imputation,"('outliers', 'balance', 'label_noise', 'imputation')",random_forest,45,3680,4186,921,1.9378671646118164,False,0.9370249728555917,0.9272529858849077,0.9895712630359212,0.009771986970684043,0.9321440208536982,0.9197473266388223,0.9867008810467696,0.01239669421487588,0.9356367889314687,0.9273510932395075,0.9911443246033284,0.008285695691961248,0.9321440208536982,0.9197473266388223,0.9867008810467696,0.01239669421487588,0.933809316111381,0.9231828327505269,0.9886202855577567,0.010626483360854033,0.9295774647887324,0.9277456647398844,0.9980294272201787,0.0018318000488479758,0.9090909090909091,0.8842975206611571,0.9727272727272728,0.024793388429751984,0.9192200557103064,0.9055007052186178,0.9850750096166175,0.013719350491688598,0.8677737806609249,0.8470642925385565,0.9761349229673714,0.02070948812236839,0.9686256504438323,0.9510328110034856,0.9818373182330186,0.01759283944034673,0.9551971326164874,0.9551971326164874,1.0,0.0,0.9318589108075064,0.9190639020848367,0.9862693712811287,0.012795008722669698,0.9197473266388223,0.9231828327505269,0.9510328110034856,0.8470642925385565,0.9190639020848367,0.9272529858849077,0.9273510932395075,0.9197473266388223,0.9277456647398844,0.8842975206611571,0.9055007052186178,0.9551971326164874
spambase,balance→imputation→label_noise→outliers,"('balance', 'imputation', 'label_noise', 'outliers')",random_forest,45,3680,4189,921,1.7996621131896973,False,0.9370249728555917,0.9250814332247557,0.9872537659327926,0.011943539630836053,0.9321440208536982,0.916992505702183,0.9837455212793847,0.015151515151515138,0.9356367889314687,0.9255345411309499,0.9892028104067434,0.010102247800518827,0.9321440208536982,0.916992505702183,0.9837455212793847,0.015151515151515138,0.933809316111381,0.920805787312526,0.986074749336401,0.013003528798854913,0.9295774647887324,0.9273255813953488,0.997577519379845,0.002251883393383558,0.9090909090909091,0.8787878787878788,0.9666666666666667,0.030303030303030276,0.9192200557103064,0.9024045261669024,0.9817067421027816,0.01681552954340404,0.8677737806609249,0.8424837436271955,0.9708564171938132,0.02529003703372945,0.9686256504438323,0.9516795521194349,0.9825050076707833,0.01694609832439742,0.9551971326164874,0.9551971326164874,1.0,0.0,0.9318589108075064,0.9161963010164945,0.983192080250175,0.01566260979101186,0.916992505702183,0.920805787312526,0.9516795521194349,0.8424837436271955,0.9161963010164945,0.9250814332247557,0.9255345411309499,0.916992505702183,0.9273255813953488,0.8787878787878788,0.9024045261669024,0.9551971326164874
spambase,balance→imputation→outliers→label_noise,"('balance', 'imputation', 'outliers', 'label_noise')",random_forest,45,3680,4189,921,1.8587720394134521,False,0.9370249728555917,0.9272529858849077,0.9895712630359212,0.009771986970684043,0.9321440208536982,0.9207100328801209,0.9877336680622534,0.011433987973577309,0.9356367889314687,0.9264023017262948,0.9901302649549297,0.009234487205173947,0.9321440208536982,0.9207100328801209,0.9877336680622534,0.011433987973577309,0.933809316111381,0.9233431514192332,0.9887919680050617,0.010466164692147784,0.9295774647887324,0.9228571428571428,0.9927705627705627,0.006720321931589557,0.9090909090909091,0.8898071625344353,0.9787878787878788,0.019283746556473802,0.9192200557103064,0.906030855539972,0.9856517489056059,0.013189200170334425,0.8677737806609249,0.8470932094626391,0.9761682460807529,0.020680571198285813,0.9686256504438323,0.950647728506966,0.9814397626899218,0.017977921936866315,0.9551971326164874,0.9516129032258065,0.9962476547842403,0.0035842293906809264,0.9318589108075064,0.9201912721008122,0.9874791789064038,0.011667638706694183,0.9207100328801209,0.9233431514192332,0.950647728506966,0.8470932094626391,0.9201912721008122,0.9272529858849077,0.9264023017262948,0.9207100328801209,0.9228571428571428,0.8898071625344353,0.906030855539972,0.9516129032258065
spambase,balance→label_noise→imputation→outliers,"('balance', 'label_noise', 'imputation', 'outliers')",random_forest,45,3680,4189,921,2.0110011100769043,False,0.9370249728555917,0.9250814332247557,0.9872537659327926,0.011943539630836053,0.9321440208536982,0.916992505702183,0.9837455212793847,0.015151515151515138,0.9356367889314687,0.9255345411309499,0.9892028104067434,0.010102247800518827,0.9321440208536982,0.916992505702183,0.9837455212793847,0.015151515151515138,0.933809316111381,0.920805787312526,0.986074749336401,0.013003528798854913,0.9295774647887324,0.9273255813953488,0.997577519379845,0.002251883393383558,0.9090909090909091,0.8787878787878788,0.9666666666666667,0.030303030303030276,0.9192200557103064,0.9024045261669024,0.9817067421027816,0.01681552954340404,0.8677737806609249,0.8424837436271955,0.9708564171938132,0.02529003703372945,0.9686256504438323,0.9516795521194349,0.9825050076707833,0.01694609832439742,0.9551971326164874,0.9551971326164874,1.0,0.0,0.9318589108075064,0.9161963010164945,0.983192080250175,0.01566260979101186,0.916992505702183,0.920805787312526,0.9516795521194349,0.8424837436271955,0.9161963010164945,0.9250814332247557,0.9255345411309499,0.916992505702183,0.9273255813953488,0.8787878787878788,0.9024045261669024,0.9551971326164874
spambase,balance→label_noise→outliers→imputation,"('balance', 'label_noise', 'outliers', 'imputation')",random_forest,45,3680,4189,921,1.8108038902282715,False,0.9370249728555917,0.9250814332247557,0.9872537659327926,0.011943539630836053,0.9321440208536982,0.916992505702183,0.9837455212793847,0.015151515151515138,0.9356367889314687,0.9255345411309499,0.9892028104067434,0.010102247800518827,0.9321440208536982,0.916992505702183,0.9837455212793847,0.015151515151515138,0.933809316111381,0.920805787312526,0.986074749336401,0.013003528798854913,0.9295774647887324,0.9273255813953488,0.997577519379845,0.002251883393383558,0.9090909090909091,0.8787878787878788,0.9666666666666667,0.030303030303030276,0.9192200557103064,0.9024045261669024,0.9817067421027816,0.01681552954340404,0.8677737806609249,0.8424837436271955,0.9708564171938132,0.02529003703372945,0.9686256504438323,0.9516795521194349,0.9825050076707833,0.01694609832439742,0.9551971326164874,0.9551971326164874,1.0,0.0,0.9318589108075064,0.9161963010164945,0.983192080250175,0.01566260979101186,0.916992505702183,0.920805787312526,0.9516795521194349,0.8424837436271955,0.9161963010164945,0.9250814332247557,0.9255345411309499,0.916992505702183,0.9273255813953488,0.8787878787878788,0.9024045261669024,0.9551971326164874
spambase,balance→outliers→imputation→label_noise,"('balance', 'outliers', 'imputation', 'label_noise')",random_forest,45,3680,4189,921,1.8571536540985107,False,0.9370249728555917,0.9272529858849077,0.9895712630359212,0.009771986970684043,0.9321440208536982,0.9207100328801209,0.9877336680622534,0.011433987973577309,0.9356367889314687,0.9264023017262948,0.9901302649549297,0.009234487205173947,0.9321440208536982,0.9207100328801209,0.9877336680622534,0.011433987973577309,0.933809316111381,0.9233431514192332,0.9887919680050617,0.010466164692147784,0.9295774647887324,0.9228571428571428,0.9927705627705627,0.006720321931589557,0.9090909090909091,0.8898071625344353,0.9787878787878788,0.019283746556473802,0.9192200557103064,0.906030855539972,0.9856517489056059,0.013189200170334425,0.8677737806609249,0.8470932094626391,0.9761682460807529,0.020680571198285813,0.9686256504438323,0.950647728506966,0.9814397626899218,0.017977921936866315,0.9551971326164874,0.9516129032258065,0.9962476547842403,0.0035842293906809264,0.9318589108075064,0.9201912721008122,0.9874791789064038,0.011667638706694183,0.9207100328801209,0.9233431514192332,0.950647728506966,0.8470932094626391,0.9201912721008122,0.9272529858849077,0.9264023017262948,0.9207100328801209,0.9228571428571428,0.8898071625344353,0.906030855539972,0.9516129032258065
spambase,balance→outliers→label_noise→imputation,"('balance', 'outliers', 'label_noise', 'imputation')",random_forest,45,3680,4189,921,1.8561201095581055,False,0.9370249728555917,0.9272529858849077,0.9895712630359212,0.009771986970684043,0.9321440208536982,0.9207100328801209,0.9877336680622534,0.011433987973577309,0.9356367889314687,0.9264023017262948,0.9901302649549297,0.009234487205173947,0.9321440208536982,0.9207100328801209,0.9877336680622534,0.011433987973577309,0.933809316111381,0.9233431514192332,0.9887919680050617,0.010466164692147784,0.9295774647887324,0.9228571428571428,0.9927705627705627,0.006720321931589557,0.9090909090909091,0.8898071625344353,0.9787878787878788,0.019283746556473802,0.9192200557103064,0.906030855539972,0.9856517489056059,0.013189200170334425,0.8677737806609249,0.8470932094626391,0.9761682460807529,0.020680571198285813,0.9686256504438323,0.950647728506966,0.9814397626899218,0.017977921936866315,0.9551971326164874,0.9516129032258065,0.9962476547842403,0.0035842293906809264,0.9318589108075064,0.9201912721008122,0.9874791789064038,0.011667638706694183,0.9207100328801209,0.9233431514192332,0.950647728506966,0.8470932094626391,0.9201912721008122,0.9272529858849077,0.9264023017262948,0.9207100328801209,0.9228571428571428,0.8898071625344353,0.906030855539972,0.9516129032258065
spambase,imputation→label_noise→outliers→balance,"('imputation', 'label_noise', 'outliers', 'balance')",random_forest,46,3680,4143,921,2.4883620738983154,False,0.9218241042345277,0.9033659066232356,0.9799764428739693,0.018458197611292082,0.9114162149352765,0.8851121182499482,0.9711393145587208,0.026304096685328293,0.9245020630635219,0.9145066156543918,0.9891882908557195,0.009995447409130054,0.9114162149352765,0.8851121182499482,0.9711393145587208,0.026304096685328293,0.9169555372993768,0.8955458962684313,0.9766513858523594,0.02140964103094556,0.9343283582089552,0.9477124183006536,1.0143247927499008,-0.013384060091698347,0.8622589531680441,0.7988980716253443,0.926517571884984,0.06336088154269981,0.8968481375358166,0.866965620328849,0.9666805159577263,0.02988251720696755,0.835815845788557,0.7990782709679445,0.9560458502842187,0.03673757482061257,0.9768654284783317,0.9435706033946504,0.9659166717205411,0.03329482508368131,0.9605734767025089,0.9713261648745519,1.0111940298507462,-0.010752688172043001,0.9100896002386215,0.8809032864267908,0.9679302853211617,0.029186313811830678,0.8851121182499482,0.8955458962684313,0.9435706033946504,0.7990782709679445,0.8809032864267908,0.9033659066232356,0.9145066156543918,0.8851121182499482,0.9477124183006536,0.7988980716253443,0.866965620328849,0.9713261648745519
spambase,imputation→label_noise→balance→outliers,"('imputation', 'label_noise', 'balance', 'outliers')",random_forest,46,3680,4235,921,2.440493106842041,False,0.9218241042345277,0.8990228013029316,0.9752650176678445,0.0228013029315961,0.9114162149352765,0.8800838294973192,0.9656223085298277,0.031332385437957244,0.9245020630635219,0.9104511430521198,0.9848016347688381,0.014050920011402068,0.9114162149352765,0.8800838294973192,0.9656223085298277,0.031332385437957244,0.9169555372993768,0.8907103894861079,0.9713779493708427,0.02624514781326892,0.9343283582089552,0.944078947368421,1.0104359340844122,-0.009750589159465806,0.8622589531680441,0.790633608815427,0.9169329073482427,0.07162534435261714,0.8968481375358166,0.8605697151424287,0.9595489795038583,0.036278422393387855,0.835815845788557,0.7899514979359218,0.9451262522914193,0.04586434785263527,0.9768654284783317,0.9458761614186835,0.968276831018659,0.030989267059648218,0.9605734767025089,0.9695340501792115,1.0093283582089552,-0.008960573476702538,0.9100896002386215,0.875526244588149,0.9620220298733112,0.03456335565047253,0.8800838294973192,0.8907103894861079,0.9458761614186835,0.7899514979359218,0.875526244588149,0.8990228013029316,0.9104511430521198,0.8800838294973192,0.944078947368421,0.790633608815427,0.8605697151424287,0.9695340501792115
spambase,imputation→outliers→label_noise→balance,"('imputation', 'outliers', 'label_noise', 'balance')",random_forest,46,3680,4120,921,2.435551881790161,False,0.9218241042345277,0.9033659066232356,0.9799764428739693,0.018458197611292082,0.9114162149352765,0.8855934713705975,0.9716674521019876,0.02582274356467895,0.9245020630635219,0.9136750280714392,0.9882887930436789,0.010827034992082707,0.9114162149352765,0.8855934713705975,0.9716674521019876,0.02582274356467895,0.9169555372993768,0.8956793650834054,0.9767969423265231,0.021276172215971445,0.9343283582089552,0.9448051948051948,1.0112132276669017,-0.010476836596239547,0.8622589531680441,0.8016528925619835,0.9297124600638977,0.06060606060606066,0.8968481375358166,0.8673621460506706,0.967122648471834,0.029485991485145968,0.835815845788557,0.798775037400132,0.9556830507879656,0.03704080838842505,0.9768654284783317,0.941539046377756,0.9638370024460751,0.035326382100575704,0.9605734767025089,0.9695340501792115,1.0093283582089552,-0.008960573476702538,0.9100896002386215,0.8816063610044451,0.9687028186821295,0.028483239234176394,0.8855934713705975,0.8956793650834054,0.941539046377756,0.798775037400132,0.8816063610044451,0.9033659066232356,0.9136750280714392,0.8855934713705975,0.9448051948051948,0.8016528925619835,0.8673621460506706,0.9695340501792115
spambase,imputation→outliers→balance→label_noise,"('imputation', 'outliers', 'balance', 'label_noise')",random_forest,46,3680,4183,921,2.4930548667907715,False,0.9218241042345277,0.9055374592833876,0.9823321554770318,0.016286644951140072,0.9114162149352765,0.8926804703930804,0.9794432617774673,0.018735744542196064,0.9245020630635219,0.9089324641138485,0.9831589354186183,0.015569598949673358,0.9114162149352765,0.8926804703930804,0.9794432617774673,0.018735744542196064,0.9169555372993768,0.8992545335899947,0.9806958974679238,0.0177010037093821,0.9343283582089552,0.9207317073170732,0.9854476739655577,0.013596650891882,0.8622589531680441,0.8319559228650137,0.9648562300319488,0.030303030303030387,0.8968481375358166,0.874095513748191,0.9746304610163536,0.022752623787625548,0.835815845788557,0.8014481701700429,0.9588812825316925,0.03436767561851417,0.9768654284783317,0.9504403763934555,0.9729491378090444,0.02642505208487622,0.9605734767025089,0.953405017921147,0.9925373134328359,0.007168458781361964,0.9100896002386215,0.8906126832404324,0.9785989016981599,0.019476916998189098,0.8926804703930804,0.8992545335899947,0.9504403763934555,0.8014481701700429,0.8906126832404324,0.9055374592833876,0.9089324641138485,0.8926804703930804,0.9207317073170732,0.8319559228650137,0.874095513748191,0.953405017921147
spambase,imputation→balance→label_noise→outliers,"('imputation', 'balance', 'label_noise', 'outliers')",random_forest,46,3680,4189,921,2.4597420692443848,False,0.9218241042345277,0.9109663409337676,0.9882214369846879,0.010857763300760048,0.9114162149352765,0.8981234633727302,0.985415278612867,0.013292751562546279,0.9245020630635219,0.9151685046180459,0.9899042318904651,0.009333558445476009,0.9114162149352765,0.8981234633727302,0.985415278612867,0.013292751562546279,0.9169555372993768,0.9049894323671497,0.9869501797573852,0.011966104932227162,0.9343283582089552,0.9296636085626911,0.9950073765766823,0.004664749646264066,0.8622589531680441,0.837465564738292,0.9712460063897763,0.024793388429752095,0.8968481375358166,0.881159420289855,0.9825068296522665,0.015688717245961548,0.835815845788557,0.8131133326709475,0.9728379005590752,0.022702513117609513,0.9768654284783317,0.9494011473483615,0.9718852972688864,0.027464281129970236,0.9605734767025089,0.9587813620071685,0.998134328358209,0.0017921146953404632,0.9100896002386215,0.896072750837722,0.9845983852609409,0.014016849400899534,0.8981234633727302,0.9049894323671497,0.9494011473483615,0.8131133326709475,0.896072750837722,0.9109663409337676,0.9151685046180459,0.8981234633727302,0.9296636085626911,0.837465564738292,0.881159420289855,0.9587813620071685
spambase,imputation→balance→outliers→label_noise,"('imputation', 'balance', 'outliers', 'label_noise')",random_forest,46,3680,4189,921,2.5781240463256836,False,0.9218241042345277,0.9163952225841476,0.9941107184923439,0.005428881650380024,0.9114162149352765,0.9040478094730294,0.9919154329915336,0.007368405462247041,0.9245020630635219,0.9207702669353843,0.9959634528929319,0.0037317961281375656,0.9114162149352765,0.9040478094730294,0.9919154329915336,0.007368405462247041,0.9169555372993768,0.9108344722578114,0.9933245781364785,0.006121065041565399,0.9343283582089552,0.9359756097560976,1.001763032806047,-0.0016472515471424032,0.8622589531680441,0.8457300275482094,0.9808306709265175,0.016528925619834767,0.8968481375358166,0.8885672937771346,0.9907667269272205,0.008280843758681988,0.835815845788557,0.8246485424630882,0.9866390385134024,0.011167303325468891,0.9768654284783317,0.9494801386296988,0.971966159257687,0.027385289848632866,0.9605734767025089,0.9623655913978495,1.001865671641791,-0.0017921146953405742,0.9100896002386215,0.9021648841117416,0.9912923781078236,0.00792471612687995,0.9040478094730294,0.9108344722578114,0.9494801386296988,0.8246485424630882,0.9021648841117416,0.9163952225841476,0.9207702669353843,0.9040478094730294,0.9359756097560976,0.8457300275482094,0.8885672937771346,0.9623655913978495
spambase,label_noise→imputation→outliers→balance,"('label_noise', 'imputation', 'outliers', 'balance')",random_forest,46,3680,4125,921,2.460628032684326,False,0.9218241042345277,0.9022801302931596,0.9787985865724381,0.019543973941368087,0.9114162149352765,0.8837347077816287,0.9696280286656809,0.02768150715364781,0.9245020630635219,0.9137055567383436,0.9883218147838395,0.010796506325178257,0.9114162149352765,0.8837347077816287,0.9696280286656809,0.02768150715364781,0.9169555372993768,0.8943042365014435,0.975297274647966,0.022651300797933316,0.9343283582089552,0.9475409836065574,1.014141308332897,-0.013212625397602151,0.8622589531680441,0.7961432506887053,0.9233226837060703,0.06611570247933884,0.8968481375358166,0.8652694610778443,0.9647892712976602,0.0315786764579723,0.835815845788557,0.7968768560389348,0.9534119986527834,0.03893898974962229,0.9768654284783317,0.9424054819949248,0.9647239573857319,0.03445994648340689,0.9605734767025089,0.9713261648745519,1.0111940298507462,-0.010752688172043001,0.9100896002386215,0.8793831760854987,0.9662599988560777,0.030706424153122858,0.8837347077816287,0.8943042365014435,0.9424054819949248,0.7968768560389348,0.8793831760854987,0.9022801302931596,0.9137055567383436,0.8837347077816287,0.9475409836065574,0.7961432506887053,0.8652694610778443,0.9713261648745519
spambase,label_noise→imputation→balance→outliers,"('label_noise', 'imputation', 'balance', 'outliers')",random_forest,46,3680,4230,921,2.682530164718628,False,0.9218241042345277,0.9044516829533116,0.9811542991755006,0.017372421281216077,0.9114162149352765,0.8864895287182677,0.9726506004517608,0.024926686217008776,0.9245020630635219,0.9153094462540716,0.9900566832928542,0.009192616809450271,0.9114162149352765,0.8864895287182677,0.9726506004517608,0.024926686217008776,0.9169555372993768,0.8967856960929143,0.9780034686677754,0.02016984120646259,0.9343283582089552,0.9478827361563518,1.0145070818286832,-0.013554377947396556,0.8622589531680441,0.8016528925619835,0.9297124600638977,0.06060606060606066,0.8968481375358166,0.8686567164179104,0.9685661151113443,0.02819142111790618,0.835815845788557,0.801280855018965,0.9586811006950822,0.0345349907695921,0.9768654284783317,0.9395445165239887,0.9617952372288597,0.03732091195434295,0.9605734767025089,0.9713261648745519,1.0111940298507462,-0.010752688172043001,0.9100896002386215,0.8824207781397844,0.9695976944560376,0.027668822098837142,0.8864895287182677,0.8967856960929143,0.9395445165239887,0.801280855018965,0.8824207781397844,0.9044516829533116,0.9153094462540716,0.8864895287182677,0.9478827361563518,0.8016528925619835,0.8686567164179104,0.9713261648745519
spambase,label_noise→outliers→imputation→balance,"('label_noise', 'outliers', 'imputation', 'balance')",random_forest,46,3680,4125,921,2.4390931129455566,False,0.9218241042345277,0.9055374592833876,0.9823321554770318,0.016286644951140072,0.9114162149352765,0.8878669391865872,0.9741618863448007,0.023549275748689258,0.9245020630635219,0.9161140653799708,0.9909270103132536,0.00838799768355114,0.9114162149352765,0.8878669391865872,0.9741618863448007,0.023549275748689258,0.9169555372993768,0.8980236490141154,0.9793535373143394,0.01893188828526149,0.9343283582089552,0.948051948051948,1.014688187212149,-0.013723589842992823,0.8622589531680441,0.8044077134986226,0.9329073482428115,0.05785123966942152,0.8968481375358166,0.8703427719821163,0.9704460939992288,0.02650536555370031,0.835815845788557,0.8034846330613094,0.9613177796399103,0.032331212727247705,0.9768654284783317,0.9431410883023786,0.9654769846564376,0.03372434017595305,0.9605734767025089,0.9713261648745519,1.0111940298507462,-0.010752688172043001,0.9100896002386215,0.8839356647110266,0.9712622410796283,0.02615393552759493,0.8878669391865872,0.8980236490141154,0.9431410883023786,0.8034846330613094,0.8839356647110266,0.9055374592833876,0.9161140653799708,0.8878669391865872,0.948051948051948,0.8044077134986226,0.8703427719821163,0.9713261648745519
spambase,label_noise→outliers→balance→imputation,"('label_noise', 'outliers', 'balance', 'imputation')",random_forest,46,3680,4125,921,1.8305799961090088,False,0.9218241042345277,0.9098805646036916,0.9870435806831567,0.011943539630836053,0.9114162149352765,0.8938579341805148,0.9807351674602273,0.017558280754761624,0.9245020630635219,0.9185642031920587,0.9935772345907082,0.005937859871463225,0.9114162149352765,0.8938579341805148,0.9807351674602273,0.017558280754761624,0.9169555372993768,0.9030778301139208,0.9848654524445878,0.013877707185456,0.9343283582089552,0.945859872611465,1.0123420361816,-0.011531514402509768,0.8622589531680441,0.8181818181818182,0.9488817891373802,0.0440771349862259,0.8968481375358166,0.8774002954209749,0.978315345373547,0.01944784211484174,0.835815845788557,0.812046383875053,0.9715613648230388,0.023769461913504042,0.9768654284783317,0.9463723254045836,0.9687847453858129,0.030493103073748085,0.9605734767025089,0.9695340501792115,1.0093283582089552,-0.008960573476702538,0.9100896002386215,0.8906487141206737,0.9786384921739019,0.01944088611794781,0.8938579341805148,0.9030778301139208,0.9463723254045836,0.812046383875053,0.8906487141206737,0.9098805646036916,0.9185642031920587,0.8938579341805148,0.945859872611465,0.8181818181818182,0.8774002954209749,0.9695340501792115
spambase,label_noise→balance→imputation→outliers,"('label_noise', 'balance', 'imputation', 'outliers')",random_forest,46,3680,4230,921,1.988999843597412,False,0.9218241042345277,0.9066232356134636,0.983510011778563,0.015200868621064068,0.9114162149352765,0.8906884090168548,0.9772575848676407,0.020727805918421716,0.9245020630635219,0.9145607417884646,0.9892468371113042,0.009941321275057313,0.9114162149352765,0.8906884090168548,0.9772575848676407,0.020727805918421716,0.9169555372993768,0.8996365903354318,0.9811125553427018,0.017318946963945092,0.9343283582089552,0.9396825396825397,1.0057305137177341,-0.005354181473584463,0.8622589531680441,0.8154269972451791,0.9456869009584664,0.04683195592286504,0.8968481375358166,0.8731563421828908,0.9735832697183032,0.02369179535292576,0.835815845788557,0.8048952146712821,0.9630054499767199,0.030920631117274944,0.9768654284783317,0.9414477127087097,0.9637435057715245,0.03541771576962194,0.9605734767025089,0.9659498207885304,1.0055970149253732,-0.005376344086021501,0.9100896002386215,0.8875029925893829,0.9751819956592005,0.022586607649238588,0.8906884090168548,0.8996365903354318,0.9414477127087097,0.8048952146712821,0.8875029925893829,0.9066232356134636,0.9145607417884646,0.8906884090168548,0.9396825396825397,0.8154269972451791,0.8731563421828908,0.9659498207885304
spambase,label_noise→balance→outliers→imputation,"('label_noise', 'balance', 'outliers', 'imputation')",random_forest,46,3680,4230,921,1.9146511554718018,False,0.9218241042345277,0.9066232356134636,0.983510011778563,0.015200868621064068,0.9114162149352765,0.8906884090168548,0.9772575848676407,0.020727805918421716,0.9245020630635219,0.9145607417884646,0.9892468371113042,0.009941321275057313,0.9114162149352765,0.8906884090168548,0.9772575848676407,0.020727805918421716,0.9169555372993768,0.8996365903354318,0.9811125553427018,0.017318946963945092,0.9343283582089552,0.9396825396825397,1.0057305137177341,-0.005354181473584463,0.8622589531680441,0.8154269972451791,0.9456869009584664,0.04683195592286504,0.8968481375358166,0.8731563421828908,0.9735832697183032,0.02369179535292576,0.835815845788557,0.8048952146712821,0.9630054499767199,0.030920631117274944,0.9768654284783317,0.9414477127087097,0.9637435057715245,0.03541771576962194,0.9605734767025089,0.9659498207885304,1.0055970149253732,-0.005376344086021501,0.9100896002386215,0.8875029925893829,0.9751819956592005,0.022586607649238588,0.8906884090168548,0.8996365903354318,0.9414477127087097,0.8048952146712821,0.8875029925893829,0.9066232356134636,0.9145607417884646,0.8906884090168548,0.9396825396825397,0.8154269972451791,0.8731563421828908,0.9659498207885304
spambase,outliers→imputation→label_noise→balance,"('outliers', 'imputation', 'label_noise', 'balance')",random_forest,46,3680,4163,921,2.457512855529785,False,0.9218241042345277,0.8990228013029316,0.9752650176678445,0.0228013029315961,0.9114162149352765,0.8796024763766699,0.9650941709865609,0.031813738558606586,0.9245020630635219,0.9113128416908279,0.9857337026063643,0.01318922137269396,0.9114162149352765,0.8796024763766699,0.9650941709865609,0.031813738558606586,0.9169555372993768,0.8905679662197123,0.9712226274816101,0.026387571079664496,0.9343283582089552,0.9470198675496688,1.0135835643103484,-0.012691509340713614,0.8622589531680441,0.7878787878787878,0.913738019169329,0.07438016528925628,0.8968481375358166,0.8601503759398497,0.9590814095942732,0.03669776159596694,0.835815845788557,0.7902793766039032,0.945518538067806,0.045536469184653816,0.9768654284783317,0.9447850943452116,0.9671599247983504,0.03208033413312006,0.9605734767025089,0.9713261648745519,1.0111940298507462,-0.010752688172043001,0.9100896002386215,0.874806996666301,0.961231725356416,0.03528260357232049,0.8796024763766699,0.8905679662197123,0.9447850943452116,0.7902793766039032,0.874806996666301,0.8990228013029316,0.9113128416908279,0.8796024763766699,0.9470198675496688,0.7878787878787878,0.8601503759398497,0.9713261648745519
spambase,outliers→imputation→balance→label_noise,"('outliers', 'imputation', 'balance', 'label_noise')",random_forest,46,3680,4183,921,2.5638880729675293,False,0.9218241042345277,0.9066232356134636,0.983510011778563,0.015200868621064068,0.9114162149352765,0.8945392339820493,0.9814826852137739,0.016876980953227205,0.9245020630635219,0.909214501510574,0.9834640049344082,0.01528756155294786,0.9114162149352765,0.8945392339820493,0.9814826852137739,0.016876980953227205,0.9169555372993768,0.9005838998282942,0.9821456583169774,0.016371637471082612,0.9343283582089552,0.918429003021148,0.9829831182494716,0.015899355187807163,0.8622589531680441,0.837465564738292,0.9712460063897763,0.024793388429752095,0.8968481375358166,0.8760806916426513,0.9768439660807838,0.02076744589316526,0.835815845788557,0.8036197507785083,0.9614794393139638,0.03219609501004872,0.9768654284783317,0.9455058897874147,0.967897790446156,0.03135953869091701,0.9605734767025089,0.9516129032258065,0.9906716417910448,0.008960573476702427,0.9100896002386215,0.8927166613277954,0.9809107379028713,0.01737293891082614,0.8945392339820493,0.9005838998282942,0.9455058897874147,0.8036197507785083,0.8927166613277954,0.9066232356134636,0.909214501510574,0.8945392339820493,0.918429003021148,0.837465564738292,0.8760806916426513,0.9516129032258065
spambase,outliers→label_noise→imputation→balance,"('outliers', 'label_noise', 'imputation', 'balance')",random_forest,46,3680,4123,921,2.7629361152648926,False,0.9218241042345277,0.9011943539630836,0.9776207302709069,0.02062975027144409,0.9114162149352765,0.8828386504339584,0.9686448803159076,0.028577564501318098,0.9245020630635219,0.9120596205962059,0.9865414659799834,0.012442442467315962,0.9114162149352765,0.8828386504339584,0.9686448803159076,0.028577564501318098,0.9169555372993768,0.8931986130385084,0.9740915199325395,0.023756924260868395,0.9343283582089552,0.9444444444444444,1.0108271210507631,-0.010116086235489208,0.8622589531680441,0.7961432506887053,0.9233226837060703,0.06611570247933884,0.8968481375358166,0.8639760837070254,0.9633471348682168,0.032872053828791215,0.835815845788557,0.7943609986583692,0.9504019368153077,0.04145484713018788,0.9768654284783317,0.9461427569931968,0.9685497402308609,0.030722671485134856,0.9605734767025089,0.9695340501792115,1.0093283582089552,-0.008960573476702538,0.9100896002386215,0.8785715624598054,0.9653682035586911,0.03151803777881612,0.8828386504339584,0.8931986130385084,0.9461427569931968,0.7943609986583692,0.8785715624598054,0.9011943539630836,0.9120596205962059,0.8828386504339584,0.9444444444444444,0.7961432506887053,0.8639760837070254,0.9695340501792115
spambase,outliers→label_noise→balance→imputation,"('outliers', 'label_noise', 'balance', 'imputation')",random_forest,46,3680,4123,921,1.8632452487945557,False,0.9218241042345277,0.9077090119435396,0.9846878680800942,0.014115092290988063,0.9114162149352765,0.8925471726058236,0.9792970083039473,0.018869042329452856,0.9245020630635219,0.9146562783566445,0.9893501755158324,0.009845784706877359,0.9114162149352765,0.8925471726058236,0.9792970083039473,0.018869042329452856,0.9169555372993768,0.9009854029831491,0.9825835237733958,0.015970134316227735,0.9343283582089552,0.9371069182389937,1.0029738581791148,-0.0027785600300385127,0.8622589531680441,0.8209366391184573,0.9520766773162939,0.04132231404958686,0.8968481375358166,0.8751835535976505,0.9758436428293292,0.02166458393816606,0.835815845788557,0.8069006126460785,0.965404779906753,0.02891523314247857,0.9768654284783317,0.9502354927574869,0.9727394020255928,0.026629935720844822,0.9605734767025089,0.96415770609319,1.0037313432835822,-0.0035842293906810374,0.9100896002386215,0.8896698189892162,0.9775628891440454,0.020419781249405355,0.8925471726058236,0.9009854029831491,0.9502354927574869,0.8069006126460785,0.8896698189892162,0.9077090119435396,0.9146562783566445,0.8925471726058236,0.9371069182389937,0.8209366391184573,0.8751835535976505,0.96415770609319
spambase,outliers→balance→imputation→label_noise,"('outliers', 'balance', 'imputation', 'label_noise')",random_forest,46,3680,4183,921,1.6244258880615234,False,0.9218241042345277,0.9163952225841476,0.9941107184923439,0.005428881650380024,0.9114162149352765,0.9054918688349773,0.9934998456213335,0.005924346100299127,0.9245020630635219,0.9189270521988391,0.9939697150634701,0.005575010864682817,0.9114162149352765,0.9054918688349773,0.9934998456213335,0.005924346100299127,0.9169555372993768,0.9111388170136518,0.9936564860027386,0.005816720285724997,0.9343283582089552,0.9281437125748503,0.9933806508388973,0.006184645634104924,0.8622589531680441,0.8539944903581267,0.9904153354632587,0.008264462809917439,0.8968481375358166,0.8895265423242468,0.9918363043807097,0.007321595211569831,0.835815845788557,0.8243094402022467,0.9862333244287149,0.011506405586310331,0.9768654284783317,0.9487741540527465,0.9712434552327814,0.028091274425585233,0.9605734767025089,0.956989247311828,0.996268656716418,0.0035842293906809264,0.9100896002386215,0.9040262963743211,0.9933376847041098,0.006063303864300429,0.9054918688349773,0.9111388170136518,0.9487741540527465,0.8243094402022467,0.9040262963743211,0.9163952225841476,0.9189270521988391,0.9054918688349773,0.9281437125748503,0.8539944903581267,0.8895265423242468,0.956989247311828
spambase,outliers→balance→label_noise→imputation,"('outliers', 'balance', 'label_noise', 'imputation')",random_forest,46,3680,4183,921,1.6346139907836914,False,0.9218241042345277,0.9163952225841476,0.9941107184923439,0.005428881650380024,0.9114162149352765,0.9054918688349773,0.9934998456213335,0.005924346100299127,0.9245020630635219,0.9189270521988391,0.9939697150634701,0.005575010864682817,0.9114162149352765,0.9054918688349773,0.9934998456213335,0.005924346100299127,0.9169555372993768,0.9111388170136518,0.9936564860027386,0.005816720285724997,0.9343283582089552,0.9281437125748503,0.9933806508388973,0.006184645634104924,0.8622589531680441,0.8539944903581267,0.9904153354632587,0.008264462809917439,0.8968481375358166,0.8895265423242468,0.9918363043807097,0.007321595211569831,0.835815845788557,0.8243094402022467,0.9862333244287149,0.011506405586310331,0.9768654284783317,0.9487741540527465,0.9712434552327814,0.028091274425585233,0.9605734767025089,0.956989247311828,0.996268656716418,0.0035842293906809264,0.9100896002386215,0.9040262963743211,0.9933376847041098,0.006063303864300429,0.9054918688349773,0.9111388170136518,0.9487741540527465,0.8243094402022467,0.9040262963743211,0.9163952225841476,0.9189270521988391,0.9054918688349773,0.9281437125748503,0.8539944903581267,0.8895265423242468,0.956989247311828
spambase,balance→imputation→label_noise→outliers,"('balance', 'imputation', 'label_noise', 'outliers')",random_forest,46,3680,4192,921,1.6128199100494385,False,0.9218241042345277,0.9109663409337676,0.9882214369846879,0.010857763300760048,0.9114162149352765,0.8995675227346782,0.9869996912426672,0.011848692200598254,0.9245020630635219,0.9133419133419134,0.9879284750489067,0.011160149721608503,0.9114162149352765,0.8995675227346782,0.9869996912426672,0.011848692200598254,0.9169555372993768,0.9053153397123428,0.9873056030379436,0.011640197587034051,0.9343283582089552,0.9219219219219219,0.9867215458269771,0.012406436287033307,0.8622589531680441,0.8457300275482094,0.9808306709265175,0.016528925619834767,0.8968481375358166,0.882183908045977,0.9836491498659616,0.014664229489839586,0.835815845788557,0.8127927272224827,0.9724543167228985,0.023023118566074308,0.9768654284783317,0.9478855021377016,0.9703337578587746,0.02897992634063007,0.9605734767025089,0.953405017921147,0.9925373134328359,0.007168458781361964,0.9100896002386215,0.8979550390030966,0.9866666301512035,0.012134561235524921,0.8995675227346782,0.9053153397123428,0.9478855021377016,0.8127927272224827,0.8979550390030966,0.9109663409337676,0.9133419133419134,0.8995675227346782,0.9219219219219219,0.8457300275482094,0.882183908045977,0.953405017921147
spambase,balance→imputation→outliers→label_noise,"('balance', 'imputation', 'outliers', 'label_noise')",random_forest,46,3680,4192,921,1.6194102764129639,False,0.9218241042345277,0.9142236699239956,0.9917550058892814,0.007600434310532034,0.9114162149352765,0.902255694777689,0.989949136291987,0.009160520157587504,0.9245020630635219,0.9177741885863713,0.9927227047445881,0.006727874477150619,0.9114162149352765,0.902255694777689,0.989949136291987,0.009160520157587504,0.9169555372993768,0.9086237232451332,0.9909136117125346,0.008331814054243658,0.9343283582089552,0.9303030303030303,0.9956917416981315,0.004025327905924914,0.8622589531680441,0.8457300275482094,0.9808306709265175,0.016528925619834767,0.8968481375358166,0.886002886002886,0.9879073712939528,0.010845251532930589,0.835815845788557,0.819883031877099,0.9809374110436658,0.015932813911458066,0.9768654284783317,0.9498010407101316,0.9722946610871894,0.027064387768200082,0.9605734767025089,0.9587813620071685,0.998134328358209,0.0017921146953404632,0.9100896002386215,0.9004833078425343,0.9894446740259767,0.009606292396087235,0.902255694777689,0.9086237232451332,0.9498010407101316,0.819883031877099,0.9004833078425343,0.9142236699239956,0.9177741885863713,0.902255694777689,0.9303030303030303,0.8457300275482094,0.886002886002886,0.9587813620071685
spambase,balance→label_noise→imputation→outliers,"('balance', 'label_noise', 'imputation', 'outliers')",random_forest,46,3680,4192,921,1.6152539253234863,False,0.9218241042345277,0.9109663409337676,0.9882214369846879,0.010857763300760048,0.9114162149352765,0.8995675227346782,0.9869996912426672,0.011848692200598254,0.9245020630635219,0.9133419133419134,0.9879284750489067,0.011160149721608503,0.9114162149352765,0.8995675227346782,0.9869996912426672,0.011848692200598254,0.9169555372993768,0.9053153397123428,0.9873056030379436,0.011640197587034051,0.9343283582089552,0.9219219219219219,0.9867215458269771,0.012406436287033307,0.8622589531680441,0.8457300275482094,0.9808306709265175,0.016528925619834767,0.8968481375358166,0.882183908045977,0.9836491498659616,0.014664229489839586,0.835815845788557,0.8127927272224827,0.9724543167228985,0.023023118566074308,0.9768654284783317,0.9478855021377016,0.9703337578587746,0.02897992634063007,0.9605734767025089,0.953405017921147,0.9925373134328359,0.007168458781361964,0.9100896002386215,0.8979550390030966,0.9866666301512035,0.012134561235524921,0.8995675227346782,0.9053153397123428,0.9478855021377016,0.8127927272224827,0.8979550390030966,0.9109663409337676,0.9133419133419134,0.8995675227346782,0.9219219219219219,0.8457300275482094,0.882183908045977,0.953405017921147
spambase,balance→label_noise→outliers→imputation,"('balance', 'label_noise', 'outliers', 'imputation')",random_forest,46,3680,4192,921,1.6041419506072998,False,0.9218241042345277,0.9109663409337676,0.9882214369846879,0.010857763300760048,0.9114162149352765,0.8995675227346782,0.9869996912426672,0.011848692200598254,0.9245020630635219,0.9133419133419134,0.9879284750489067,0.011160149721608503,0.9114162149352765,0.8995675227346782,0.9869996912426672,0.011848692200598254,0.9169555372993768,0.9053153397123428,0.9873056030379436,0.011640197587034051,0.9343283582089552,0.9219219219219219,0.9867215458269771,0.012406436287033307,0.8622589531680441,0.8457300275482094,0.9808306709265175,0.016528925619834767,0.8968481375358166,0.882183908045977,0.9836491498659616,0.014664229489839586,0.835815845788557,0.8127927272224827,0.9724543167228985,0.023023118566074308,0.9768654284783317,0.9478855021377016,0.9703337578587746,0.02897992634063007,0.9605734767025089,0.953405017921147,0.9925373134328359,0.007168458781361964,0.9100896002386215,0.8979550390030966,0.9866666301512035,0.012134561235524921,0.8995675227346782,0.9053153397123428,0.9478855021377016,0.8127927272224827,0.8979550390030966,0.9109663409337676,0.9133419133419134,0.8995675227346782,0.9219219219219219,0.8457300275482094,0.882183908045977,0.953405017921147
spambase,balance→outliers→imputation→label_noise,"('balance', 'outliers', 'imputation', 'label_noise')",random_forest,46,3680,4192,921,1.6283190250396729,False,0.9218241042345277,0.9142236699239956,0.9917550058892814,0.007600434310532034,0.9114162149352765,0.902255694777689,0.989949136291987,0.009160520157587504,0.9245020630635219,0.9177741885863713,0.9927227047445881,0.006727874477150619,0.9114162149352765,0.902255694777689,0.989949136291987,0.009160520157587504,0.9169555372993768,0.9086237232451332,0.9909136117125346,0.008331814054243658,0.9343283582089552,0.9303030303030303,0.9956917416981315,0.004025327905924914,0.8622589531680441,0.8457300275482094,0.9808306709265175,0.016528925619834767,0.8968481375358166,0.886002886002886,0.9879073712939528,0.010845251532930589,0.835815845788557,0.819883031877099,0.9809374110436658,0.015932813911458066,0.9768654284783317,0.9498010407101316,0.9722946610871894,0.027064387768200082,0.9605734767025089,0.9587813620071685,0.998134328358209,0.0017921146953404632,0.9100896002386215,0.9004833078425343,0.9894446740259767,0.009606292396087235,0.902255694777689,0.9086237232451332,0.9498010407101316,0.819883031877099,0.9004833078425343,0.9142236699239956,0.9177741885863713,0.902255694777689,0.9303030303030303,0.8457300275482094,0.886002886002886,0.9587813620071685
spambase,balance→outliers→label_noise→imputation,"('balance', 'outliers', 'label_noise', 'imputation')",random_forest,46,3680,4192,921,1.5936260223388672,False,0.9218241042345277,0.9142236699239956,0.9917550058892814,0.007600434310532034,0.9114162149352765,0.902255694777689,0.989949136291987,0.009160520157587504,0.9245020630635219,0.9177741885863713,0.9927227047445881,0.006727874477150619,0.9114162149352765,0.902255694777689,0.989949136291987,0.009160520157587504,0.9169555372993768,0.9086237232451332,0.9909136117125346,0.008331814054243658,0.9343283582089552,0.9303030303030303,0.9956917416981315,0.004025327905924914,0.8622589531680441,0.8457300275482094,0.9808306709265175,0.016528925619834767,0.8968481375358166,0.886002886002886,0.9879073712939528,0.010845251532930589,0.835815845788557,0.819883031877099,0.9809374110436658,0.015932813911458066,0.9768654284783317,0.9498010407101316,0.9722946610871894,0.027064387768200082,0.9605734767025089,0.9587813620071685,0.998134328358209,0.0017921146953404632,0.9100896002386215,0.9004833078425343,0.9894446740259767,0.009606292396087235,0.902255694777689,0.9086237232451332,0.9498010407101316,0.819883031877099,0.9004833078425343,0.9142236699239956,0.9177741885863713,0.902255694777689,0.9303030303030303,0.8457300275482094,0.886002886002886,0.9587813620071685
